ゴミの分別方法_全国地方公共団体コード,ゴミの分別方法_ID,ゴミの分別方法_品目,ゴミの分別方法_分別区分,ゴミの分別方法_注意点,ゴミの分別方法_料金種別,ゴミの分別方法_料金備考,ゴミの分別方法_備考
462012,kg00001,ＩＨコンロ（卓上、据え置き）,金属類,"45リットル袋に入れて口が結べなければ粗大ごみ（テープ等で留めることも不可です）
",無料,粗大ごみに該当する場合は粗大ごみの料金に準じる,※粗大ごみの申し込みは099-806-8141（月～金8時30分～17時15分（祝日、12月29日～1月3日を除く））までご連絡ください　Web申し込みについては鹿児島市ホームページをご覧ください。 https://www.city.kagoshima.lg.jp/shigenseisaku/gomi/kate/dashikata/wakekata/sodaigomi.html
462012,kg00002,ＩＨコンロ（ビルトイン型、はめ込み式）,粗大ごみ,"
【調査が必要になる場合があります】
",有料,,※粗大ごみの申し込みは099-806-8141（月～金8時30分～17時15分（祝日、12月29日～1月3日を除く））までご連絡ください　Web申し込みについては鹿児島市ホームページをご覧ください。 https://www.city.kagoshima.lg.jp/shigenseisaku/gomi/kate/dashikata/wakekata/sodaigomi.html。※持ち込み希望の場合は、北部清掃工場へ事前に連絡を（099-238-0211）お願いします。
462012,kg00003,アイスピック,金属類,,無料,,
462012,kg00004,アイロン,金属類,,無料,,
462012,kg00005,アイロン台<台が木・プラ製>,もやせるごみ,"45リットル袋に入れて口が結べなければ粗大ごみ（テープ等で留めることも不可です）
",無料,粗大ごみに該当する場合は粗大ごみの料金に準じる,※粗大ごみの申し込みは099-806-8141（月～金8時30分～17時15分（祝日、12月29日～1月3日を除く））までご連絡ください　Web申し込みについては鹿児島市ホームページをご覧ください。 https://www.city.kagoshima.lg.jp/shigenseisaku/gomi/kate/dashikata/wakekata/sodaigomi.html
462012,kg00006,アイロン台<台が金属製>,金属類,"45リットル袋に入れて口が結べなければ粗大ごみ（テープ等で留めることも不可です）
",無料,粗大ごみに該当する場合は粗大ごみの料金に準じる,※粗大ごみの申し込みは099-806-8141（月～金8時30分～17時15分（祝日、12月29日～1月3日を除く））までご連絡ください　Web申し込みについては鹿児島市ホームページをご覧ください。 https://www.city.kagoshima.lg.jp/shigenseisaku/gomi/kate/dashikata/wakekata/sodaigomi.html
462012,kg00007,アウトドアチェア<木・プラ製>,もやせるごみ,"45リットル袋に入れて口が結べなければ粗大ごみ（テープ等で留めることも不可です）
",無料,粗大ごみに該当する場合は粗大ごみの料金に準じる,※粗大ごみの申し込みは099-806-8141（月～金8時30分～17時15分（祝日、12月29日～1月3日を除く））までご連絡ください　Web申し込みについては鹿児島市ホームページをご覧ください。 https://www.city.kagoshima.lg.jp/shigenseisaku/gomi/kate/dashikata/wakekata/sodaigomi.html
462012,kg00008,アウトドアチェア<金属製>,金属類,"45リットル袋に入れて口が結べなければ粗大ごみ（テープ等で留めることも不可です）
",無料,粗大ごみに該当する場合は粗大ごみの料金に準じる,※粗大ごみの申し込みは099-806-8141（月～金8時30分～17時15分（祝日、12月29日～1月3日を除く））までご連絡ください　Web申し込みについては鹿児島市ホームページをご覧ください。 https://www.city.kagoshima.lg.jp/shigenseisaku/gomi/kate/dashikata/wakekata/sodaigomi.html
462012,kg00009,空箱（食料品、菓子、調味料、日用品）,古紙（雑紙）,,無料,,
462012,kg00010,アクセサリー<金属製>,金属類,,無料,,
462012,kg00011,アクセサリー<天然石、鉱石>,もやせないごみ,,無料,,
462012,kg00012,アクセサリー<プラ製>,もやせるごみ,,無料,,
462012,kg00013,アクリル板,もやせるごみ,"45リットル袋に入れて口が結べなければ粗大ごみ（テープ等で留めることも不可です）
",無料,粗大ごみに該当する場合は粗大ごみの料金に準じる,※粗大ごみの申し込みは099-806-8141（月～金8時30分～17時15分（祝日、12月29日～1月3日を除く））までご連絡ください　Web申し込みについては鹿児島市ホームページをご覧ください。 https://www.city.kagoshima.lg.jp/shigenseisaku/gomi/kate/dashikata/wakekata/sodaigomi.html
462012,kg00014,アコーディオンカーテン,もやせるごみ,"45リットル袋に入れて口が結べなければ粗大ごみ（テープ等で留めることも不可です）
",無料,粗大ごみに該当する場合は粗大ごみの料金に準じる,※粗大ごみの申し込みは099-806-8141（月～金8時30分～17時15分（祝日、12月29日～1月3日を除く））までご連絡ください　Web申し込みについては鹿児島市ホームページをご覧ください。 https://www.city.kagoshima.lg.jp/shigenseisaku/gomi/kate/dashikata/wakekata/sodaigomi.html
462012,kg00015,アタッシュケース<革・布製>,もやせるごみ,"45リットル袋に入れて口が結べなければ粗大ごみ（テープ等で留めることも不可です）
",無料,粗大ごみに該当する場合は粗大ごみの料金に準じる,※粗大ごみの申し込みは099-806-8141（月～金8時30分～17時15分（祝日、12月29日～1月3日を除く））までご連絡ください　Web申し込みについては鹿児島市ホームページをご覧ください。 https://www.city.kagoshima.lg.jp/shigenseisaku/gomi/kate/dashikata/wakekata/sodaigomi.html
462012,kg00016,アタッシュケース<金属製>,金属類,"45リットル袋に入れて口が結べなければ粗大ごみ（テープ等で留めることも不可です）
",無料,粗大ごみに該当する場合は粗大ごみの料金に準じる,※粗大ごみの申し込みは099-806-8141（月～金8時30分～17時15分（祝日、12月29日～1月3日を除く））までご連絡ください　Web申し込みについては鹿児島市ホームページをご覧ください。 https://www.city.kagoshima.lg.jp/shigenseisaku/gomi/kate/dashikata/wakekata/sodaigomi.html
462012,kg00017,油紙,もやせるごみ,,無料,,
462012,kg00018,雨戸,粗大ごみ,"
",有料,,※粗大ごみの申し込みは099-806-8141（月～金8時30分～17時15分（祝日、12月29日～1月3日を除く））までご連絡ください　Web申し込みについては鹿児島市ホームページをご覧ください。 https://www.city.kagoshima.lg.jp/shigenseisaku/gomi/kate/dashikata/wakekata/sodaigomi.html。※持ち込み希望の場合は、北部清掃工場へ事前に連絡を（099-238-0211）お願いします。
462012,kg00019,雨どい,粗大ごみ,"2メートルまで

",有料,,※粗大ごみの申し込みは099-806-8141（月～金8時30分～17時15分（祝日、12月29日～1月3日を除く））までご連絡ください　Web申し込みについては鹿児島市ホームページをご覧ください。 https://www.city.kagoshima.lg.jp/shigenseisaku/gomi/kate/dashikata/wakekata/sodaigomi.html。※持ち込み希望の場合は、北部清掃工場へ事前に連絡を（099-238-0211）お願いします。
462012,kg00020,網<金属製>,金属類,"45リットル袋に入れて口が結べなければ粗大ごみ（テープ等で留めることも不可です）
",無料,粗大ごみに該当する場合は粗大ごみの料金に準じる,※粗大ごみの申し込みは099-806-8141（月～金8時30分～17時15分（祝日、12月29日～1月3日を除く））までご連絡ください　Web申し込みについては鹿児島市ホームページをご覧ください。 https://www.city.kagoshima.lg.jp/shigenseisaku/gomi/kate/dashikata/wakekata/sodaigomi.html
462012,kg00021,網<綿・ナイロン製>,もやせるごみ,"45リットル袋に入れて口が結べなければ粗大ごみ（テープ等で留めることも不可です）
",無料,粗大ごみに該当する場合は粗大ごみの料金に準じる,※粗大ごみの申し込みは099-806-8141（月～金8時30分～17時15分（祝日、12月29日～1月3日を除く））までご連絡ください　Web申し込みについては鹿児島市ホームページをご覧ください。 https://www.city.kagoshima.lg.jp/shigenseisaku/gomi/kate/dashikata/wakekata/sodaigomi.html
462012,kg00022,編み機<金属製>,金属類,"45リットル袋に入れて口が結べなければ粗大ごみ（テープ等で留めることも不可です）
",無料,粗大ごみに該当する場合は粗大ごみの料金に準じる,※粗大ごみの申し込みは099-806-8141（月～金8時30分～17時15分（祝日、12月29日～1月3日を除く））までご連絡ください　Web申し込みについては鹿児島市ホームページをご覧ください。 https://www.city.kagoshima.lg.jp/shigenseisaku/gomi/kate/dashikata/wakekata/sodaigomi.html
462012,kg00023,編み機<木製>,もやせるごみ,"45リットル袋に入れて口が結べなければ粗大ごみ（テープ等で留めることも不可です）
",無料,粗大ごみに該当する場合は粗大ごみの料金に準じる,※粗大ごみの申し込みは099-806-8141（月～金8時30分～17時15分（祝日、12月29日～1月3日を除く））までご連絡ください　Web申し込みについては鹿児島市ホームページをご覧ください。 https://www.city.kagoshima.lg.jp/shigenseisaku/gomi/kate/dashikata/wakekata/sodaigomi.html
462012,kg00024,網戸,粗大ごみ,"
",有料,,※粗大ごみの申し込みは099-806-8141（月～金8時30分～17時15分（祝日、12月29日～1月3日を除く））までご連絡ください　Web申し込みについては鹿児島市ホームページをご覧ください。 https://www.city.kagoshima.lg.jp/shigenseisaku/gomi/kate/dashikata/wakekata/sodaigomi.html。※持ち込み希望の場合は、北部清掃工場へ事前に連絡を（099-238-0211）お願いします。
462012,kg00025,アルバム,もやせるごみ,,無料,,
462012,kg00026,アルミサッシ,金属類,"45リットル袋に入れて口が結べなければ粗大ごみ（テープ等で留めることも不可です）

",無料,粗大ごみに該当する場合は粗大ごみの料金に準じる,※粗大ごみの申し込みは099-806-8141（月～金8時30分～17時15分（祝日、12月29日～1月3日を除く））までご連絡ください　Web申し込みについては鹿児島市ホームページをご覧ください。 https://www.city.kagoshima.lg.jp/shigenseisaku/gomi/kate/dashikata/wakekata/sodaigomi.html。※持ち込み希望の場合は、北部清掃工場へ事前に連絡を（099-238-0211）お願いします。
462012,kg00027,アルミシート、アルミマット<裏がスポンジ>,もやせるごみ,"45リットル袋に入れて口が結べなければ粗大ごみ（テープ等で留めることも不可です）
",無料,粗大ごみに該当する場合は粗大ごみの料金に準じる,※粗大ごみの申し込みは099-806-8141（月～金8時30分～17時15分（祝日、12月29日～1月3日を除く））までご連絡ください　Web申し込みについては鹿児島市ホームページをご覧ください。 https://www.city.kagoshima.lg.jp/shigenseisaku/gomi/kate/dashikata/wakekata/sodaigomi.html
462012,kg00028,アルミホイル、アルミ箔,金属類,汚れたものは「もやせるごみ」,無料,,
462012,kg00029,安全靴,もやせるごみ,,無料,,
462012,kg00030,安全ピン,金属類,,無料,,
462012,kg00031,アンテナ（ＢＳ用等）,金属類,"45リットル袋に入れて口が結べなければ粗大ごみ（テープ等で留めることも不可です）
",無料,粗大ごみに該当する場合は粗大ごみの料金に準じる,※粗大ごみの申し込みは099-806-8141（月～金8時30分～17時15分（祝日、12月29日～1月3日を除く））までご連絡ください　Web申し込みについては鹿児島市ホームページをご覧ください。 https://www.city.kagoshima.lg.jp/shigenseisaku/gomi/kate/dashikata/wakekata/sodaigomi.html
462012,kg00032,アンプ（音響）,金属類,"45リットル袋に入れて口が結べなければ粗大ごみ（テープ等で留めることも不可です）
",無料,粗大ごみに該当する場合は粗大ごみの料金に準じる,※粗大ごみの申し込みは099-806-8141（月～金8時30分～17時15分（祝日、12月29日～1月3日を除く））までご連絡ください　Web申し込みについては鹿児島市ホームページをご覧ください。 https://www.city.kagoshima.lg.jp/shigenseisaku/gomi/kate/dashikata/wakekata/sodaigomi.html
462012,kg00033,ETC車載器,金属類,,無料,,
462012,kg00034,イオン発生器,金属類,"45リットル袋に入れて口が結べなければ粗大ごみ（テープ等で留めることも不可です）
",無料,粗大ごみに該当する場合は粗大ごみの料金に準じる,※粗大ごみの申し込みは099-806-8141（月～金8時30分～17時15分（祝日、12月29日～1月3日を除く））までご連絡ください　Web申し込みについては鹿児島市ホームページをご覧ください。 https://www.city.kagoshima.lg.jp/shigenseisaku/gomi/kate/dashikata/wakekata/sodaigomi.html
462012,kg00035,衣桁（着物掛け）,粗大ごみ,"※粗大ごみの申し込みは099-806-8141（月～金8時30分～17時15分（祝日、12月29日～1月3日を除く））までご連絡ください　
Web申し込みについては鹿児島市ホームページをご覧ください。 https://www.city.kagoshima.lg.jp/shigenseisaku/gomi/kate/dashikata/wakekata/sodaigomi.html",有料,,
462012,kg00036,石,収集・受入しない,,無料,,
462012,kg00037,衣装ケース<金属製>,金属類,"45リットル袋に入れて口が結べなければ粗大ごみ（テープ等で留めることも不可です）
",無料,粗大ごみに該当する場合は粗大ごみの料金に準じる,※粗大ごみの申し込みは099-806-8141（月～金8時30分～17時15分（祝日、12月29日～1月3日を除く））までご連絡ください　Web申し込みについては鹿児島市ホームページをご覧ください。 https://www.city.kagoshima.lg.jp/shigenseisaku/gomi/kate/dashikata/wakekata/sodaigomi.html
462012,kg00038,衣装ケース<金属製以外>,もやせるごみ,"45リットル袋に入れて口が結べなければ粗大ごみ（テープ等で留めることも不可です）
",無料,粗大ごみに該当する場合は粗大ごみの料金に準じる,※粗大ごみの申し込みは099-806-8141（月～金8時30分～17時15分（祝日、12月29日～1月3日を除く））までご連絡ください　Web申し込みについては鹿児島市ホームページをご覧ください。 https://www.city.kagoshima.lg.jp/shigenseisaku/gomi/kate/dashikata/wakekata/sodaigomi.html
462012,kg00039,いす<金属製>,金属類,"45リットル袋に入れて口が結べなければ粗大ごみ（テープ等で留めることも不可です）
",無料,粗大ごみに該当する場合は粗大ごみの料金に準じる,※粗大ごみの申し込みは099-806-8141（月～金8時30分～17時15分（祝日、12月29日～1月3日を除く））までご連絡ください　Web申し込みについては鹿児島市ホームページをご覧ください。 https://www.city.kagoshima.lg.jp/shigenseisaku/gomi/kate/dashikata/wakekata/sodaigomi.html
462012,kg00040,いす<金属製以外>,もやせるごみ,"45リットル袋に入れて口が結べなければ粗大ごみ（テープ等で留めることも不可です）
",無料,粗大ごみに該当する場合は粗大ごみの料金に準じる,※粗大ごみの申し込みは099-806-8141（月～金8時30分～17時15分（祝日、12月29日～1月3日を除く））までご連絡ください　Web申し込みについては鹿児島市ホームページをご覧ください。 https://www.city.kagoshima.lg.jp/shigenseisaku/gomi/kate/dashikata/wakekata/sodaigomi.html
462012,kg00041,板<木>,もやせるごみ,"※50cm程度で紐で束ねても可
※木以外は「トタン・波板」も参照
45リットル袋に入れて口が結べなければ粗大ごみ（テープ等で留めることも不可です）
※粗大ごみは2メートルまで

※ご自分で撤去された建築資材（木材を含む）の持ち込み希望の場合は、北部清掃工場へ事前に連絡を（099‐238-0211）お願いします。",無料,粗大ごみに該当する場合は粗大ごみの料金に準じる,※粗大ごみの申し込みは099-806-8141（月～金8時30分～17時15分（祝日、12月29日～1月3日を除く））までご連絡ください　Web申し込みについては鹿児島市ホームページをご覧ください。 https://www.city.kagoshima.lg.jp/shigenseisaku/gomi/kate/dashikata/wakekata/sodaigomi.html
462012,kg00042,一輪車（手押し車）,粗大ごみ,"※粗大ごみの申し込みは099-806-8141（月～金8時30分～17時15分（祝日、12月29日～1月3日を除く））までご連絡ください　
Web申し込みについては鹿児島市ホームページをご覧ください。 https://www.city.kagoshima.lg.jp/shigenseisaku/gomi/kate/dashikata/wakekata/sodaigomi.html",有料,,
462012,kg00043,一輪車（遊具）<金属製>,金属類,"45リットル袋に入れて口が結べなければ粗大ごみ（テープ等で留めることも不可です）
",無料,粗大ごみに該当する場合は粗大ごみの料金に準じる,※粗大ごみの申し込みは099-806-8141（月～金8時30分～17時15分（祝日、12月29日～1月3日を除く））までご連絡ください　Web申し込みについては鹿児島市ホームページをご覧ください。 https://www.city.kagoshima.lg.jp/shigenseisaku/gomi/kate/dashikata/wakekata/sodaigomi.html
462012,kg00044,一輪車（遊具）<プラ製>,もやせるごみ,"45リットル袋に入れて口が結べなければ粗大ごみ（テープ等で留めることも不可です）
",無料,粗大ごみに該当する場合は粗大ごみの料金に準じる,※粗大ごみの申し込みは099-806-8141（月～金8時30分～17時15分（祝日、12月29日～1月3日を除く））までご連絡ください　Web申し込みについては鹿児島市ホームページをご覧ください。 https://www.city.kagoshima.lg.jp/shigenseisaku/gomi/kate/dashikata/wakekata/sodaigomi.html
462012,kg00045,一升びん,缶・びん,,無料,,
462012,kg00046,一升びんのふた<上が金属、下がプラ製>,プラ容器類,,無料,,
462012,kg00047,一斗缶、携行缶,金属類,,無料,,
462012,kg00048,犬小屋,粗大ごみ,"。
プラ製以外は【調査が必要になる場合があります】",有料,,※粗大ごみの申し込みは099-806-8141（月～金8時30分～17時15分（祝日、12月29日～1月3日を除く））までご連絡ください　Web申し込みについては鹿児島市ホームページをご覧ください。 https://www.city.kagoshima.lg.jp/shigenseisaku/gomi/kate/dashikata/wakekata/sodaigomi.html
462012,kg00049,イヤホン（コードあり）,金属類,,無料,,
462012,kg00050,イヤホン（ワイヤレス）,小型充電式電池等,充電池が入っているため,無料,,
462012,kg00051,衣料品のプラ製クリップ、キーパー,プラ容器類,,無料,,
462012,kg00052,衣料品の中台紙,古紙（雑紙）,,無料,,
462012,kg00053,衣類乾燥機,リサイクル家電,市では収集・受け入れしません,無料,,
462012,kg00054,衣類乾燥機台,粗大ごみ,,有料,,※粗大ごみの申し込みは099-806-8141（月～金8時30分～17時15分（祝日、12月29日～1月3日を除く））までご連絡ください　Web申し込みについては鹿児島市ホームページをご覧ください。 https://www.city.kagoshima.lg.jp/shigenseisaku/gomi/kate/dashikata/wakekata/sodaigomi.html
462012,kg00055,衣類乾燥除湿器,粗大ごみ,,有料,,※粗大ごみの申し込みは099-806-8141（月～金8時30分～17時15分（祝日、12月29日～1月3日を除く））までご連絡ください　Web申し込みについては鹿児島市ホームページをご覧ください。 https://www.city.kagoshima.lg.jp/shigenseisaku/gomi/kate/dashikata/wakekata/sodaigomi.html
462012,kg00056,入れ歯,もやせるごみ,,無料,,
462012,kg00057,印鑑<木・プラ製>,もやせるごみ,,無料,,
462012,kg00058,印鑑<金属製>,金属類,,無料,,
462012,kg00059,インクカートリッジ,もやせるごみ,"※できるだけ次の方法で
◆家電量販店に回収箱を設置しているメーカーあり
◆インクカートリッジ里帰りプロジェクトによる回収
【対象メーカー】ブラザー、キヤノン、デル、エプソン、日本HP
【回収郵便局】喜入、西桜島、鹿児島東、上伊集院、鹿児島南、鹿児島中央、吉田
◆市の回収
【回収郵便局】市役所みなと大通り別館1回正面入口、谷山支所1階待合所",無料,,
462012,kg00060,インクリボン,もやせるごみ,,無料,,
462012,kg00061,ウインドエアコン,リサイクル家電,市では収集・受け入れしません,無料,,
462012,kg00062,ウインドファン<冷房機能無し>,金属類,"45リットル袋に入れて口が結べなければ粗大ごみ（テープ等で留めることも不可です）

【調査が必要になる場合があります】",無料,粗大ごみに該当する場合は粗大ごみの料金に準じる,※粗大ごみの申し込みは099-806-8141（月～金8時30分～17時15分（祝日、12月29日～1月3日を除く））までご連絡ください　Web申し込みについては鹿児島市ホームページをご覧ください。 https://www.city.kagoshima.lg.jp/shigenseisaku/gomi/kate/dashikata/wakekata/sodaigomi.html
462012,kg00063,ウインドファン<冷房機能有り/フロン使用>,リサイクル家電,市では収集・受け入れしません,無料,,
462012,kg00064,植木ばさみ,金属類,"45リットル袋に入れて口が結べなければ粗大ごみ（テープ等で留めることも不可です）
",無料,粗大ごみに該当する場合は粗大ごみの料金に準じる,※粗大ごみの申し込みは099-806-8141（月～金8時30分～17時15分（祝日、12月29日～1月3日を除く））までご連絡ください　Web申し込みについては鹿児島市ホームページをご覧ください。 https://www.city.kagoshima.lg.jp/shigenseisaku/gomi/kate/dashikata/wakekata/sodaigomi.html
462012,kg00065,植木鉢、プランター<木・プラ製>,もやせるごみ,"45リットル袋に入れて口が結べなければ粗大ごみ（テープ等で留めることも不可です）
",無料,粗大ごみに該当する場合は粗大ごみの料金に準じる,※粗大ごみの申し込みは099-806-8141（月～金8時30分～17時15分（祝日、12月29日～1月3日を除く））までご連絡ください　Web申し込みについては鹿児島市ホームページをご覧ください。 https://www.city.kagoshima.lg.jp/shigenseisaku/gomi/kate/dashikata/wakekata/sodaigomi.html
462012,kg00066,植木鉢、プランター<金属製>,金属類,"45リットル袋に入れて口が結べなければ粗大ごみ（テープ等で留めることも不可です）
",無料,粗大ごみに該当する場合は粗大ごみの料金に準じる,※粗大ごみの申し込みは099-806-8141（月～金8時30分～17時15分（祝日、12月29日～1月3日を除く））までご連絡ください　Web申し込みについては鹿児島市ホームページをご覧ください。 https://www.city.kagoshima.lg.jp/shigenseisaku/gomi/kate/dashikata/wakekata/sodaigomi.html
462012,kg00067,植木鉢、プランター<素焼き、陶器>,もやせないごみ,"割れたものは紙に包んで「キケン」と書く
45リットル袋に入れて口が結べなければ粗大ごみ（テープ等で留めることも不可です）
",無料,粗大ごみに該当する場合は粗大ごみの料金に準じる,※粗大ごみの申し込みは099-806-8141（月～金8時30分～17時15分（祝日、12月29日～1月3日を除く））までご連絡ください　Web申し込みについては鹿児島市ホームページをご覧ください。 https://www.city.kagoshima.lg.jp/shigenseisaku/gomi/kate/dashikata/wakekata/sodaigomi.html
462012,kg00068,ウェットスーツ,もやせるごみ,,無料,,
462012,kg00069,ウェットティッシュ,もやせるごみ,,無料,,
462012,kg00070,ウェットティッシュの外袋,プラ容器類,,無料,,
462012,kg00071,ウォーターキーパー・ジャグ,もやせるごみ,"45リットル袋に入れて口が結べなければ粗大ごみ（テープ等で留めることも不可です）
2人必要な場合は【調査が必要になる場合があります】",無料,粗大ごみに該当する場合は粗大ごみの料金に準じる,※粗大ごみの申し込みは099-806-8141（月～金8時30分～17時15分（祝日、12月29日～1月3日を除く））までご連絡ください　Web申し込みについては鹿児島市ホームページをご覧ください。 https://www.city.kagoshima.lg.jp/shigenseisaku/gomi/kate/dashikata/wakekata/sodaigomi.html
462012,kg00072,ウォーターサーバー（冷水器）,金属類,"45リットル袋に入れて口が結べなければ粗大ごみ（テープ等で留めることも不可です）
",無料,粗大ごみに該当する場合は粗大ごみの料金に準じる,※粗大ごみの申し込みは099-806-8141（月～金8時30分～17時15分（祝日、12月29日～1月3日を除く））までご連絡ください　Web申し込みについては鹿児島市ホームページをご覧ください。 https://www.city.kagoshima.lg.jp/shigenseisaku/gomi/kate/dashikata/wakekata/sodaigomi.html
462012,kg00073,ウォーターサーバー用のボトル,もやせるごみ,"プラマークのあるものは「プラ容器類」

45リットル袋に入れて口が結べなければ粗大ごみ（テープ等で留めることも不可です）
",無料,粗大ごみに該当する場合は粗大ごみの料金に準じる,※粗大ごみの申し込みは099-806-8141（月～金8時30分～17時15分（祝日、12月29日～1月3日を除く））までご連絡ください　Web申し込みについては鹿児島市ホームページをご覧ください。 https://www.city.kagoshima.lg.jp/shigenseisaku/gomi/kate/dashikata/wakekata/sodaigomi.html
462012,kg00074,浮き輪,もやせるごみ,,無料,,
462012,kg00075,臼（木臼、石臼）,粗大ごみ,"※2人で持てる物まで
",有料,,※粗大ごみの申し込みは099-806-8141（月～金8時30分～17時15分（祝日、12月29日～1月3日を除く））までご連絡ください　Web申し込みについては鹿児島市ホームページをご覧ください。 https://www.city.kagoshima.lg.jp/shigenseisaku/gomi/kate/dashikata/wakekata/sodaigomi.html
462012,kg00076,ウッドカーペット（4.5畳まで）,もやせるごみ,"2人で持てる物まで
45リットル袋に入れて口が結べなければ粗大ごみ（テープ等で留めることも不可です）
",無料,粗大ごみに該当する場合は粗大ごみの料金に準じる,※粗大ごみの申し込みは099-806-8141（月～金8時30分～17時15分（祝日、12月29日～1月3日を除く））までご連絡ください　Web申し込みについては鹿児島市ホームページをご覧ください。 https://www.city.kagoshima.lg.jp/shigenseisaku/gomi/kate/dashikata/wakekata/sodaigomi.html
462012,kg00077,ウッドカーペット（4.5畳超）,収集・受入しない,切って4.5畳以下にすれば収集可,無料,,
462012,kg00078,ウッドデッキ<自分で取り外したもの>,粗大ごみ,"
収集の場合【調査が必要になる場合があります】
",有料,,※粗大ごみの申し込みは099-806-8141（月～金8時30分～17時15分（祝日、12月29日～1月3日を除く））までご連絡ください　Web申し込みについては鹿児島市ホームページをご覧ください。 https://www.city.kagoshima.lg.jp/shigenseisaku/gomi/kate/dashikata/wakekata/sodaigomi.html。※持ち込み希望の場合は、北部清掃工場へ事前に連絡を（099-238-0211）お願いします。
462012,kg00079,腕時計,金属類,"素材に関わらず全て「金属類」
※電池が外せないものは「もやせないごみ」",無料,,
462012,kg00080,ウレタンマット,もやせるごみ,"45リットル袋に入れて口が結べなければ粗大ごみ（テープ等で留めることも不可です）
",無料,粗大ごみに該当する場合は粗大ごみの料金に準じる,※粗大ごみの申し込みは099-806-8141（月～金8時30分～17時15分（祝日、12月29日～1月3日を除く））までご連絡ください　Web申し込みについては鹿児島市ホームページをご覧ください。 https://www.city.kagoshima.lg.jp/shigenseisaku/gomi/kate/dashikata/wakekata/sodaigomi.html
462012,kg00081,エアーコンプレッサー<電気式>,金属類,"45リットル袋に入れて口が結べなければ粗大ごみ（テープ等で留めることも不可です）
※ボンベが付いたものは粗大ごみ
",無料,粗大ごみに該当する場合は粗大ごみの料金に準じる,※粗大ごみの申し込みは099-806-8141（月～金8時30分～17時15分（祝日、12月29日～1月3日を除く））までご連絡ください　Web申し込みについては鹿児島市ホームページをご覧ください。 https://www.city.kagoshima.lg.jp/shigenseisaku/gomi/kate/dashikata/wakekata/sodaigomi.html
462012,kg00082,エアーコンプレッサー<燃料式>,粗大ごみ,,有料,,※粗大ごみの申し込みは099-806-8141（月～金8時30分～17時15分（祝日、12月29日～1月3日を除く））までご連絡ください　Web申し込みについては鹿児島市ホームページをご覧ください。 https://www.city.kagoshima.lg.jp/shigenseisaku/gomi/kate/dashikata/wakekata/sodaigomi.html
462012,kg00083,エアコン、室外機,リサイクル家電,市では収集・受け入れしません,無料,,
462012,kg00084,エアマット,もやせるごみ,"45リットル袋に入れて口が結べなければ粗大ごみ（テープ等で留めることも不可です）
",無料,粗大ごみに該当する場合は粗大ごみの料金に準じる,※粗大ごみの申し込みは099-806-8141（月～金8時30分～17時15分（祝日、12月29日～1月3日を除く））までご連絡ください　Web申し込みについては鹿児島市ホームページをご覧ください。 https://www.city.kagoshima.lg.jp/shigenseisaku/gomi/kate/dashikata/wakekata/sodaigomi.html
462012,kg00085,映像・音響機器,金属類,"45リットル袋に入れて口が結べなければ粗大ごみ（テープ等で留めることも不可です）
",無料,粗大ごみに該当する場合は粗大ごみの料金に準じる,※粗大ごみの申し込みは099-806-8141（月～金8時30分～17時15分（祝日、12月29日～1月3日を除く））までご連絡ください　Web申し込みについては鹿児島市ホームページをご覧ください。 https://www.city.kagoshima.lg.jp/shigenseisaku/gomi/kate/dashikata/wakekata/sodaigomi.html
462012,kg00086,栄養ドリンクのびんのふた<金属製>,金属類,,無料,,
462012,kg00087,ＡＣアダプタ,金属類/小型家電,,無料,,
462012,kg00088,液体肥料の容器<金属製>,金属類,"45リットル袋に入れて口が結べなければ粗大ごみ（テープ等で留めることも不可です）
",無料,粗大ごみに該当する場合は粗大ごみの料金に準じる,※粗大ごみの申し込みは099-806-8141（月～金8時30分～17時15分（祝日、12月29日～1月3日を除く））までご連絡ください　Web申し込みについては鹿児島市ホームページをご覧ください。 https://www.city.kagoshima.lg.jp/shigenseisaku/gomi/kate/dashikata/wakekata/sodaigomi.html
462012,kg00089,液体肥料の容器<プラ製>,プラ容器類,,無料,,
462012,kg00090,枝、木、竹<剪定枝・直径10cm以下で長さ50ｃｍ以下>,剪定枝,"剪定枝は、ごみステーションに出せません。破砕機を利用して自己処理をしていただくか、処理が難しい場合は、戸別収集を申し込んでください。
※剪定枝戸別収集の申し込みは鹿児島市環境サービス財団（電話：099-268-8888・12/29～1/3までを除く、月～土曜日　8時30分～17時15分）までご連絡ください。",無料,,
462012,kg00091,枝、木、竹<直径10cm超、長さ50ｃｍ超>,粗大ごみ,"持ち込む場合は「もやせないごみ」
長さ2メートルまで

※ご自分で撤去された建築資材（木材を含む）の持ち込み希望の場合は、北部清掃工場へ事前に連絡を（099‐238-0211）お願いします。",有料,,※粗大ごみの申し込みは099-806-8141（月～金8時30分～17時15分（祝日、12月29日～1月3日を除く））までご連絡ください　Web申し込みについては鹿児島市ホームページをご覧ください。 https://www.city.kagoshima.lg.jp/shigenseisaku/gomi/kate/dashikata/wakekata/sodaigomi.html
462012,kg00092,絵の具,もやせるごみ,,無料,,
462012,kg00093,絵の具のチューブ<金属製>,金属類,,無料,,
462012,kg00094,絵の具のチューブ<プラ製>,もやせるごみ,,無料,,
462012,kg00095,絵本,古紙（雑紙）,,無料,,
462012,kg00096,ＭＤ（ケースも含む）,もやせるごみ,,無料,,
462012,kg00097,ＭＤプレーヤー（据え置きタイプ）,金属類,"45リットル袋に入れて口が結べなければ粗大ごみ（テープ等で留めることも不可です）
",無料,粗大ごみに該当する場合は粗大ごみの料金に準じる,※粗大ごみの申し込みは099-806-8141（月～金8時30分～17時15分（祝日、12月29日～1月3日を除く））までご連絡ください　Web申し込みについては鹿児島市ホームページをご覧ください。 https://www.city.kagoshima.lg.jp/shigenseisaku/gomi/kate/dashikata/wakekata/sodaigomi.html
462012,kg00098,ＭＤプレーヤー（ポータブル）,金属類/小型家電,,無料,,
462012,kg00099,縁台<木・プラ製>,もやせるごみ,"45リットル袋に入れて口が結べなければ粗大ごみ（テープ等で留めることも不可です）
",無料,粗大ごみに該当する場合は粗大ごみの料金に準じる,※粗大ごみの申し込みは099-806-8141（月～金8時30分～17時15分（祝日、12月29日～1月3日を除く））までご連絡ください　Web申し込みについては鹿児島市ホームページをご覧ください。 https://www.city.kagoshima.lg.jp/shigenseisaku/gomi/kate/dashikata/wakekata/sodaigomi.html
462012,kg00100,塩ビ管,もやせるごみ,"45リットル袋に入れて口が結べなければ粗大ごみ（テープ等で留めることも不可です）

",無料,粗大ごみに該当する場合は粗大ごみの料金に準じる,※粗大ごみの申し込みは099-806-8141（月～金8時30分～17時15分（祝日、12月29日～1月3日を除く））までご連絡ください　Web申し込みについては鹿児島市ホームページをご覧ください。 https://www.city.kagoshima.lg.jp/shigenseisaku/gomi/kate/dashikata/wakekata/sodaigomi.html。※持ち込み希望の場合は、北部清掃工場へ事前に連絡を（099-238-0211）お願いします。
462012,kg00101,鉛筆,もやせるごみ,,無料,,
462012,kg00102,鉛筆削り<金属製、電気式>,金属類,,無料,,
462012,kg00103,鉛筆削り<プラ製>,もやせるごみ,,無料,,
462012,kg00104,オアシス（花用吸水スポンジ）,もやせるごみ,,無料,,
462012,kg00105,オイル（鉱油等）,収集・受入しない,"食用油は布、紙に染み込ませて「もやせるごみ」
少量であれば布等に染み込ませて「もやせるごみ」",無料,,
462012,kg00106,オイル缶,金属類,"45リットル袋に入れて口が結べなければ粗大ごみ（テープ等で留めることも不可です）
",無料,粗大ごみに該当する場合は粗大ごみの料金に準じる,※粗大ごみの申し込みは099-806-8141（月～金8時30分～17時15分（祝日、12月29日～1月3日を除く））までご連絡ください　Web申し込みについては鹿児島市ホームページをご覧ください。 https://www.city.kagoshima.lg.jp/shigenseisaku/gomi/kate/dashikata/wakekata/sodaigomi.html
462012,kg00107,オイルヒーター,粗大ごみ,,有料,,※粗大ごみの申し込みは099-806-8141（月～金8時30分～17時15分（祝日、12月29日～1月3日を除く））までご連絡ください　Web申し込みについては鹿児島市ホームページをご覧ください。 https://www.city.kagoshima.lg.jp/shigenseisaku/gomi/kate/dashikata/wakekata/sodaigomi.html
462012,kg00108,大型温水器,収集・受入しない,,無料,,
462012,kg00109,オーディオ機器,金属類,"45リットル袋に入れて口が結べなければ粗大ごみ（テープ等で留めることも不可です）
",無料,粗大ごみに該当する場合は粗大ごみの料金に準じる,※粗大ごみの申し込みは099-806-8141（月～金8時30分～17時15分（祝日、12月29日～1月3日を除く））までご連絡ください　Web申し込みについては鹿児島市ホームページをご覧ください。 https://www.city.kagoshima.lg.jp/shigenseisaku/gomi/kate/dashikata/wakekata/sodaigomi.html
462012,kg00110,オーニング（簡易型）<布、ビニール部分>,もやせるごみ,"45リットル袋に入れて口が結べなければ粗大ごみ（テープ等で留めることも不可です）
",無料,粗大ごみに該当する場合は粗大ごみの料金に準じる,※粗大ごみの申し込みは099-806-8141（月～金8時30分～17時15分（祝日、12月29日～1月3日を除く））までご連絡ください　Web申し込みについては鹿児島市ホームページをご覧ください。 https://www.city.kagoshima.lg.jp/shigenseisaku/gomi/kate/dashikata/wakekata/sodaigomi.html
462012,kg00111,オーブントースター,金属類,"45リットル袋に入れて口が結べなければ粗大ごみ（テープ等で留めることも不可です）
",無料,粗大ごみに該当する場合は粗大ごみの料金に準じる,※粗大ごみの申し込みは099-806-8141（月～金8時30分～17時15分（祝日、12月29日～1月3日を除く））までご連絡ください　Web申し込みについては鹿児島市ホームページをご覧ください。 https://www.city.kagoshima.lg.jp/shigenseisaku/gomi/kate/dashikata/wakekata/sodaigomi.html
462012,kg00112,オーブンレンジ,粗大ごみ,,有料,,※粗大ごみの申し込みは099-806-8141（月～金8時30分～17時15分（祝日、12月29日～1月3日を除く））までご連絡ください　Web申し込みについては鹿児島市ホームページをご覧ください。 https://www.city.kagoshima.lg.jp/shigenseisaku/gomi/kate/dashikata/wakekata/sodaigomi.html
462012,kg00113,置物<木・プラ製>,もやせるごみ,"45リットル袋に入れて口が結べなければ粗大ごみ（テープ等で留めることも不可です）
",無料,粗大ごみに該当する場合は粗大ごみの料金に準じる,※粗大ごみの申し込みは099-806-8141（月～金8時30分～17時15分（祝日、12月29日～1月3日を除く））までご連絡ください　Web申し込みについては鹿児島市ホームページをご覧ください。 https://www.city.kagoshima.lg.jp/shigenseisaku/gomi/kate/dashikata/wakekata/sodaigomi.html
462012,kg00114,置物<金属製>,金属類,"45リットル袋に入れて口が結べなければ粗大ごみ（テープ等で留めることも不可です）
",無料,粗大ごみに該当する場合は粗大ごみの料金に準じる,※粗大ごみの申し込みは099-806-8141（月～金8時30分～17時15分（祝日、12月29日～1月3日を除く））までご連絡ください　Web申し込みについては鹿児島市ホームページをご覧ください。 https://www.city.kagoshima.lg.jp/shigenseisaku/gomi/kate/dashikata/wakekata/sodaigomi.html
462012,kg00115,桶<木・プラ製>,もやせるごみ,"45リットル袋に入れて口が結べなければ粗大ごみ（テープ等で留めることも不可です）
",無料,粗大ごみに該当する場合は粗大ごみの料金に準じる,※粗大ごみの申し込みは099-806-8141（月～金8時30分～17時15分（祝日、12月29日～1月3日を除く））までご連絡ください　Web申し込みについては鹿児島市ホームページをご覧ください。 https://www.city.kagoshima.lg.jp/shigenseisaku/gomi/kate/dashikata/wakekata/sodaigomi.html
462012,kg00116,桶<金属製>,金属類,"45リットル袋に入れて口が結べなければ粗大ごみ（テープ等で留めることも不可です）
",無料,粗大ごみに該当する場合は粗大ごみの料金に準じる,※粗大ごみの申し込みは099-806-8141（月～金8時30分～17時15分（祝日、12月29日～1月3日を除く））までご連絡ください　Web申し込みについては鹿児島市ホームページをご覧ください。 https://www.city.kagoshima.lg.jp/shigenseisaku/gomi/kate/dashikata/wakekata/sodaigomi.html
462012,kg00117,押しピン、画鋲,金属類,頭がプラでも金属類,無料,,
462012,kg00118,落ち葉,もやせるごみ,,無料,,
462012,kg00119,お手拭き,もやせるごみ,,無料,,
462012,kg00120,お盆<木・プラ製>,もやせるごみ,,無料,,
462012,kg00121,お盆<金属製>,金属類,,無料,,
462012,kg00122,おむつ,もやせるごみ,汚物はトイレに,無料,,
462012,kg00123,おむつカバー,もやせるごみ,,無料,,
462012,kg00124,おもちゃ<木・プラ製>,もやせるごみ,"45リットル袋に入れて口が結べなければ粗大ごみ（テープ等で留めることも不可です）
",無料,粗大ごみに該当する場合は粗大ごみの料金に準じる,※粗大ごみの申し込みは099-806-8141（月～金8時30分～17時15分（祝日、12月29日～1月3日を除く））までご連絡ください　Web申し込みについては鹿児島市ホームページをご覧ください。 https://www.city.kagoshima.lg.jp/shigenseisaku/gomi/kate/dashikata/wakekata/sodaigomi.html
462012,kg00125,おもちゃ<金属製>,金属類,"45リットル袋に入れて口が結べなければ粗大ごみ（テープ等で留めることも不可です）
",無料,粗大ごみに該当する場合は粗大ごみの料金に準じる,※粗大ごみの申し込みは099-806-8141（月～金8時30分～17時15分（祝日、12月29日～1月3日を除く））までご連絡ください　Web申し込みについては鹿児島市ホームページをご覧ください。 https://www.city.kagoshima.lg.jp/shigenseisaku/gomi/kate/dashikata/wakekata/sodaigomi.html
462012,kg00126,おもちゃの乗り物<木・プラ製>,もやせるごみ,"45リットル袋に入れて口が結べなければ粗大ごみ（テープ等で留めることも不可です）
",無料,粗大ごみに該当する場合は粗大ごみの料金に準じる,※粗大ごみの申し込みは099-806-8141（月～金8時30分～17時15分（祝日、12月29日～1月3日を除く））までご連絡ください　Web申し込みについては鹿児島市ホームページをご覧ください。 https://www.city.kagoshima.lg.jp/shigenseisaku/gomi/kate/dashikata/wakekata/sodaigomi.html
462012,kg00127,おもちゃの乗り物<金属製>,金属類,"45リットル袋に入れて口が結べなければ粗大ごみ（テープ等で留めることも不可です）
",無料,粗大ごみに該当する場合は粗大ごみの料金に準じる,※粗大ごみの申し込みは099-806-8141（月～金8時30分～17時15分（祝日、12月29日～1月3日を除く））までご連絡ください　Web申し込みについては鹿児島市ホームページをご覧ください。 https://www.city.kagoshima.lg.jp/shigenseisaku/gomi/kate/dashikata/wakekata/sodaigomi.html
462012,kg00128,おもり（金属）<5kg以下>,金属類,,無料,,
462012,kg00129,おもり（金属）<5kg超>,粗大ごみ,,有料,,※粗大ごみの申し込みは099-806-8141（月～金8時30分～17時15分（祝日、12月29日～1月3日を除く））までご連絡ください　Web申し込みについては鹿児島市ホームページをご覧ください。 https://www.city.kagoshima.lg.jp/shigenseisaku/gomi/kate/dashikata/wakekata/sodaigomi.html
462012,kg00130,オルゴール,金属類,"45リットル袋に入れて口が結べなければ粗大ごみ（テープ等で留めることも不可です）
",無料,粗大ごみに該当する場合は粗大ごみの料金に準じる,※粗大ごみの申し込みは099-806-8141（月～金8時30分～17時15分（祝日、12月29日～1月3日を除く））までご連絡ください　Web申し込みについては鹿児島市ホームページをご覧ください。 https://www.city.kagoshima.lg.jp/shigenseisaku/gomi/kate/dashikata/wakekata/sodaigomi.html
462012,kg00131,おろしがね<金属製>,金属類,,無料,,
462012,kg00132,おろしがね<プラ製>,もやせるごみ,"45リットル袋に入れて口が結べなければ粗大ごみ（テープ等で留めることも不可です）
",無料,粗大ごみに該当する場合は粗大ごみの料金に準じる,※粗大ごみの申し込みは099-806-8141（月～金8時30分～17時15分（祝日、12月29日～1月3日を除く））までご連絡ください　Web申し込みについては鹿児島市ホームページをご覧ください。 https://www.city.kagoshima.lg.jp/shigenseisaku/gomi/kate/dashikata/wakekata/sodaigomi.html
462012,kg00133,温度計<赤液棒状>,もやせないごみ,,無料,,
462012,kg00134,温度計<水銀式>,※資源政策課等へ持ち込みを,"本庁資源政策課、市民相談センター又は各支所総務市民課（谷山支所は総務課）に持ち込んでください。
45リットル袋に入れて口が結べなければ粗大ごみ（テープ等で留めることも不可です）
",無料,粗大ごみに該当する場合は粗大ごみの料金に準じる,※粗大ごみの申し込みは099-806-8141（月～金8時30分～17時15分（祝日、12月29日～1月3日を除く））までご連絡ください　Web申し込みについては鹿児島市ホームページをご覧ください。 https://www.city.kagoshima.lg.jp/shigenseisaku/gomi/kate/dashikata/wakekata/sodaigomi.html
462012,kg00135,温度計<電池・電気式>,金属類,,無料,,
462012,kg00136,温風器<電気式>,金属類,"45リットル袋に入れて口が結べなければ粗大ごみ（テープ等で留めることも不可です）
",無料,粗大ごみに該当する場合は粗大ごみの料金に準じる,※粗大ごみの申し込みは099-806-8141（月～金8時30分～17時15分（祝日、12月29日～1月3日を除く））までご連絡ください　Web申し込みについては鹿児島市ホームページをご覧ください。 https://www.city.kagoshima.lg.jp/shigenseisaku/gomi/kate/dashikata/wakekata/sodaigomi.html
462012,kg00137,温風器<灯油等使用するもの>,粗大ごみ,,有料,,※粗大ごみの申し込みは099-806-8141（月～金8時30分～17時15分（祝日、12月29日～1月3日を除く））までご連絡ください　Web申し込みについては鹿児島市ホームページをご覧ください。 https://www.city.kagoshima.lg.jp/shigenseisaku/gomi/kate/dashikata/wakekata/sodaigomi.html
462012,kg00138,カーテン,衣類,,無料,,
462012,kg00139,カーテンレール<金属製>,金属類,"45リットル袋に入れて口が結べなければ粗大ごみ（テープ等で留めることも不可です）
",無料,粗大ごみに該当する場合は粗大ごみの料金に準じる,※粗大ごみの申し込みは099-806-8141（月～金8時30分～17時15分（祝日、12月29日～1月3日を除く））までご連絡ください　Web申し込みについては鹿児島市ホームページをご覧ください。 https://www.city.kagoshima.lg.jp/shigenseisaku/gomi/kate/dashikata/wakekata/sodaigomi.html
462012,kg00140,カーテンレール<金属製以外>,もやせるごみ,"45リットル袋に入れて口が結べなければ粗大ごみ（テープ等で留めることも不可です）
",無料,粗大ごみに該当する場合は粗大ごみの料金に準じる,※粗大ごみの申し込みは099-806-8141（月～金8時30分～17時15分（祝日、12月29日～1月3日を除く））までご連絡ください　Web申し込みについては鹿児島市ホームページをご覧ください。 https://www.city.kagoshima.lg.jp/shigenseisaku/gomi/kate/dashikata/wakekata/sodaigomi.html
462012,kg00141,カード<紙製、プラ製>,もやせるごみ,,無料,,
462012,kg00142,カーナビ,金属類,,無料,,
462012,kg00143,カーペット、じゅうたん,もやせるごみ,"45リットル袋に入れて口が結べなければ粗大ごみ（テープ等で留めることも不可です）
",無料,粗大ごみに該当する場合は粗大ごみの料金に準じる,※粗大ごみの申し込みは099-806-8141（月～金8時30分～17時15分（祝日、12月29日～1月3日を除く））までご連絡ください　Web申し込みについては鹿児島市ホームページをご覧ください。 https://www.city.kagoshima.lg.jp/shigenseisaku/gomi/kate/dashikata/wakekata/sodaigomi.html
462012,kg00144,カーポート,粗大ごみ,"
",有料,,※粗大ごみの申し込みは099-806-8141（月～金8時30分～17時15分（祝日、12月29日～1月3日を除く））までご連絡ください　Web申し込みについては鹿児島市ホームページをご覧ください。 https://www.city.kagoshima.lg.jp/shigenseisaku/gomi/kate/dashikata/wakekata/sodaigomi.html。※持ち込み希望の場合は、北部清掃工場へ事前に連絡を（099-238-0211）お願いします。
462012,kg00145,カーボン紙,もやせるごみ,,無料,,
462012,kg00146,貝殻,もやせるごみ,,無料,,
462012,kg00147,懐中電灯<金属・プラ製>,金属類,,無料,,
462012,kg00148,カイロ（充電式）,小型充電式電池等,電池が取り外せる場合は、電池を取り外して「金属類」,無料,,
462012,kg00149,カイロ（使い捨て/ホッカイロ等）,もやせないごみ,,無料,,
462012,kg00150,鏡,もやせないごみ,"割れたものは紙に包んで「キケン」と書く
45リットル袋に入れて口が結べなければ粗大ごみ（テープ等で留めることも不可です）
",無料,粗大ごみに該当する場合は粗大ごみの料金に準じる,※粗大ごみの申し込みは099-806-8141（月～金8時30分～17時15分（祝日、12月29日～1月3日を除く））までご連絡ください　Web申し込みについては鹿児島市ホームページをご覧ください。 https://www.city.kagoshima.lg.jp/shigenseisaku/gomi/kate/dashikata/wakekata/sodaigomi.html
462012,kg00151,鍵,金属類,,無料,,
462012,kg00152,額縁<木・プラ製>,もやせるごみ,"ガラスは「もやせないごみ」
45リットル袋に入れて口が結べなければ粗大ごみ（テープ等で留めることも不可です）
",無料,粗大ごみに該当する場合は粗大ごみの料金に準じる,※粗大ごみの申し込みは099-806-8141（月～金8時30分～17時15分（祝日、12月29日～1月3日を除く））までご連絡ください　Web申し込みについては鹿児島市ホームページをご覧ください。 https://www.city.kagoshima.lg.jp/shigenseisaku/gomi/kate/dashikata/wakekata/sodaigomi.html
462012,kg00153,額縁<金属製>,金属類,"ガラスは「もやせないごみ」
45リットル袋に入れて口が結べなければ粗大ごみ（テープ等で留めることも不可です）
",無料,粗大ごみに該当する場合は粗大ごみの料金に準じる,※粗大ごみの申し込みは099-806-8141（月～金8時30分～17時15分（祝日、12月29日～1月3日を除く））までご連絡ください　Web申し込みについては鹿児島市ホームページをご覧ください。 https://www.city.kagoshima.lg.jp/shigenseisaku/gomi/kate/dashikata/wakekata/sodaigomi.html
462012,kg00154,額縁※ガラスが外せないもの,もやせないごみ,"45リットル袋に入れて口が結べなければ粗大ごみ（テープ等で留めることも不可です）
",無料,粗大ごみに該当する場合は粗大ごみの料金に準じる,※粗大ごみの申し込みは099-806-8141（月～金8時30分～17時15分（祝日、12月29日～1月3日を除く））までご連絡ください　Web申し込みについては鹿児島市ホームページをご覧ください。 https://www.city.kagoshima.lg.jp/shigenseisaku/gomi/kate/dashikata/wakekata/sodaigomi.html
462012,kg00155,傘,金属類,袋から出ても収集,無料,,
462012,kg00156,傘立て<陶器>,もやせないごみ,"45リットル袋に入れて口が結べなければ粗大ごみ（テープ等で留めることも不可です）
",無料,粗大ごみに該当する場合は粗大ごみの料金に準じる,※粗大ごみの申し込みは099-806-8141（月～金8時30分～17時15分（祝日、12月29日～1月3日を除く））までご連絡ください　Web申し込みについては鹿児島市ホームページをご覧ください。 https://www.city.kagoshima.lg.jp/shigenseisaku/gomi/kate/dashikata/wakekata/sodaigomi.html
462012,kg00157,傘立て<木・プラ製>,もやせるごみ,"45リットル袋に入れて口が結べなければ粗大ごみ（テープ等で留めることも不可です）
",無料,粗大ごみに該当する場合は粗大ごみの料金に準じる,※粗大ごみの申し込みは099-806-8141（月～金8時30分～17時15分（祝日、12月29日～1月3日を除く））までご連絡ください　Web申し込みについては鹿児島市ホームページをご覧ください。 https://www.city.kagoshima.lg.jp/shigenseisaku/gomi/kate/dashikata/wakekata/sodaigomi.html
462012,kg00158,傘立て<金属製>,金属類,"45リットル袋に入れて口が結べなければ粗大ごみ（テープ等で留めることも不可です）
",無料,粗大ごみに該当する場合は粗大ごみの料金に準じる,※粗大ごみの申し込みは099-806-8141（月～金8時30分～17時15分（祝日、12月29日～1月3日を除く））までご連絡ください　Web申し込みについては鹿児島市ホームページをご覧ください。 https://www.city.kagoshima.lg.jp/shigenseisaku/gomi/kate/dashikata/wakekata/sodaigomi.html
462012,kg00159,火災報知器,小型家電,,無料,,
462012,kg00160,火山灰,収集・受入しない,※克灰袋に入れて降灰指定置場へ,無料,,
462012,kg00161,加湿器,金属類,"45リットル袋に入れて口が結べなければ粗大ごみ（テープ等で留めることも不可です）
",無料,粗大ごみに該当する場合は粗大ごみの料金に準じる,※粗大ごみの申し込みは099-806-8141（月～金8時30分～17時15分（祝日、12月29日～1月3日を除く））までご連絡ください　Web申し込みについては鹿児島市ホームページをご覧ください。 https://www.city.kagoshima.lg.jp/shigenseisaku/gomi/kate/dashikata/wakekata/sodaigomi.html
462012,kg00162,菓子袋<プラ製>,プラ容器類,,無料,,
462012,kg00163,ガスボンベ,収集・受入しない,※LPガス協会に相談してくださいLPガス協会（099-250-2535）,無料,,
462012,kg00164,ガスレンジ、ガステーブル,粗大ごみ,"
ビルトイン型、はめ込み式は【調査が必要になる場合があります】",有料,,※粗大ごみの申し込みは099-806-8141（月～金8時30分～17時15分（祝日、12月29日～1月3日を除く））までご連絡ください　Web申し込みについては鹿児島市ホームページをご覧ください。 https://www.city.kagoshima.lg.jp/shigenseisaku/gomi/kate/dashikata/wakekata/sodaigomi.html
462012,kg00165,カセットコンロ（卓上コンロ）,粗大ごみ,,有料,,※粗大ごみの申し込みは099-806-8141（月～金8時30分～17時15分（祝日、12月29日～1月3日を除く））までご連絡ください　Web申し込みについては鹿児島市ホームページをご覧ください。 https://www.city.kagoshima.lg.jp/shigenseisaku/gomi/kate/dashikata/wakekata/sodaigomi.html
462012,kg00166,カセットテープ（ケースも含む）,もやせるごみ,,無料,,
462012,kg00167,カセットデッキ,金属類,"45リットル袋に入れて口が結べなければ粗大ごみ（テープ等で留めることも不可です）
",無料,粗大ごみに該当する場合は粗大ごみの料金に準じる,※粗大ごみの申し込みは099-806-8141（月～金8時30分～17時15分（祝日、12月29日～1月3日を除く））までご連絡ください　Web申し込みについては鹿児島市ホームページをご覧ください。 https://www.city.kagoshima.lg.jp/shigenseisaku/gomi/kate/dashikata/wakekata/sodaigomi.html
462012,kg00168,カセットボンベ,スプレー缶類,,無料,,
462012,kg00169,カタログ,古紙（雑紙）,,無料,,
462012,kg00170,楽器（エレキギター）,もやせるごみ,"45リットル袋に入れて口が結べなければ粗大ごみ（テープ等で留めることも不可です）
",無料,粗大ごみに該当する場合は粗大ごみの料金に準じる,※粗大ごみの申し込みは099-806-8141（月～金8時30分～17時15分（祝日、12月29日～1月3日を除く））までご連絡ください　Web申し込みについては鹿児島市ホームページをご覧ください。 https://www.city.kagoshima.lg.jp/shigenseisaku/gomi/kate/dashikata/wakekata/sodaigomi.html
462012,kg00171,楽器（エレクトーン、オルガン、電子ピアノ）,粗大ごみ,,有料,,※粗大ごみの申し込みは099-806-8141（月～金8時30分～17時15分（祝日、12月29日～1月3日を除く））までご連絡ください　Web申し込みについては鹿児島市ホームページをご覧ください。 https://www.city.kagoshima.lg.jp/shigenseisaku/gomi/kate/dashikata/wakekata/sodaigomi.html
462012,kg00172,楽器（キーボード）,金属類,"45リットル袋に入れて口が結べなければ粗大ごみ（テープ等で留めることも不可です）
",無料,粗大ごみに該当する場合は粗大ごみの料金に準じる,※粗大ごみの申し込みは099-806-8141（月～金8時30分～17時15分（祝日、12月29日～1月3日を除く））までご連絡ください　Web申し込みについては鹿児島市ホームページをご覧ください。 https://www.city.kagoshima.lg.jp/shigenseisaku/gomi/kate/dashikata/wakekata/sodaigomi.html
462012,kg00173,楽器（アコースティックギター、エレキギター）,もやせるごみ,"45リットル袋に入れて口が結べなければ粗大ごみ（テープ等で留めることも不可です）
",無料,粗大ごみに該当する場合は粗大ごみの料金に準じる,※粗大ごみの申し込みは099-806-8141（月～金8時30分～17時15分（祝日、12月29日～1月3日を除く））までご連絡ください　Web申し込みについては鹿児島市ホームページをご覧ください。 https://www.city.kagoshima.lg.jp/shigenseisaku/gomi/kate/dashikata/wakekata/sodaigomi.html
462012,kg00174,楽器（鍵盤ハーモニカ）,もやせるごみ,,無料,,
462012,kg00175,楽器（ドラムセット）,粗大ごみ,,有料,,※粗大ごみの申し込みは099-806-8141（月～金8時30分～17時15分（祝日、12月29日～1月3日を除く））までご連絡ください　Web申し込みについては鹿児島市ホームページをご覧ください。 https://www.city.kagoshima.lg.jp/shigenseisaku/gomi/kate/dashikata/wakekata/sodaigomi.html
462012,kg00176,楽器（フルート）<木・プラ製>,もやせるごみ,"45リットル袋に入れて口が結べなければ粗大ごみ（テープ等で留めることも不可です）
",無料,粗大ごみに該当する場合は粗大ごみの料金に準じる,※粗大ごみの申し込みは099-806-8141（月～金8時30分～17時15分（祝日、12月29日～1月3日を除く））までご連絡ください　Web申し込みについては鹿児島市ホームページをご覧ください。 https://www.city.kagoshima.lg.jp/shigenseisaku/gomi/kate/dashikata/wakekata/sodaigomi.html
462012,kg00177,楽器（フルート）<金属製>,金属類,"45リットル袋に入れて口が結べなければ粗大ごみ（テープ等で留めることも不可です）
",無料,粗大ごみに該当する場合は粗大ごみの料金に準じる,※粗大ごみの申し込みは099-806-8141（月～金8時30分～17時15分（祝日、12月29日～1月3日を除く））までご連絡ください　Web申し込みについては鹿児島市ホームページをご覧ください。 https://www.city.kagoshima.lg.jp/shigenseisaku/gomi/kate/dashikata/wakekata/sodaigomi.html
462012,kg00178,楽器（リコーダー）,もやせるごみ,,無料,,
462012,kg00179,カッターナイフ,金属類,,無料,,
462012,kg00180,合羽、レインコート、レインウェア,もやせるごみ,,無料,,
462012,kg00181,カップ麺の中の具の袋、スープの袋,プラ容器類,,無料,,
462012,kg00182,カップ麺の容器<紙製>,もやせるごみ,,無料,,
462012,kg00183,カップ麺の容器<プラ製>,プラ容器類,,無料,,
462012,kg00184,カップ麺の容器のフタ<紙製>,もやせるごみ,,無料,,
462012,kg00185,カップ麺の容器のフタ<プラ製>,プラ容器類,,無料,,
462012,kg00186,かつら,もやせるごみ,,無料,,
462012,kg00187,カテーテル類,もやせるごみ,,無料,,
462012,kg00188,かなづち,金属類,,無料,,
462012,kg00189,カバン,もやせるごみ,,無料,,
462012,kg00190,花びん<陶器、ガラス製>,もやせないごみ,"割れたものは紙に包んで「キケン」と書く
45リットル袋に入れて口が結べなければ粗大ごみ（テープ等で留めることも不可です）
",無料,粗大ごみに該当する場合は粗大ごみの料金に準じる,※粗大ごみの申し込みは099-806-8141（月～金8時30分～17時15分（祝日、12月29日～1月3日を除く））までご連絡ください　Web申し込みについては鹿児島市ホームページをご覧ください。 https://www.city.kagoshima.lg.jp/shigenseisaku/gomi/kate/dashikata/wakekata/sodaigomi.html
462012,kg00191,壁紙,もやせるごみ,※持ち込み希望の場合は、北部清掃工場へ事前に連絡を（099-238-0211）お願いします。,無料,,
462012,kg00192,鎌,金属類,"45リットル袋に入れて口が結べなければ粗大ごみ（テープ等で留めることも不可です）
",無料,粗大ごみに該当する場合は粗大ごみの料金に準じる,※粗大ごみの申し込みは099-806-8141（月～金8時30分～17時15分（祝日、12月29日～1月3日を除く））までご連絡ください　Web申し込みについては鹿児島市ホームページをご覧ください。 https://www.city.kagoshima.lg.jp/shigenseisaku/gomi/kate/dashikata/wakekata/sodaigomi.html
462012,kg00193,紙コップ,もやせるごみ,,無料,,
462012,kg00194,紙皿,もやせるごみ,,無料,,
462012,kg00195,かみそりの刃,金属類,,無料,,
462012,kg00196,紙粘土,もやせるごみ,,無料,,
462012,kg00197,髪の毛,もやせるごみ,,無料,,
462012,kg00198,紙パック（500ml未満）,もやせるごみ,,無料,,
462012,kg00199,紙パック（500m以上）<内側アルミ/酒、豆乳等>,もやせるごみ,,無料,,
462012,kg00200,紙パック（500ml以上）<内側アルミ無し>,古紙（紙パック）,,無料,,
462012,kg00201,紙袋,古紙（雑紙）,,無料,,
462012,kg00202,ガムテープ,もやせるごみ,,無料,,
462012,kg00203,カメラ<金属製>,金属類,,無料,,
462012,kg00204,カメラ<プラ製>,もやせるごみ,,無料,,
462012,kg00205,カメラ（使い捨てカメラ）,もやせるごみ,できるだけ写真店等へ,無料,,
462012,kg00206,カメラ（デジタルカメラ）,金属類/小型家電,,無料,,
462012,kg00207,火薬,収集・受入しない,,無料,,
462012,kg00208,画用紙,古紙（雑紙）,,無料,,
462012,kg00209,カラーボックス、三段ボックス,もやせるごみ,"45リットル袋に入れて口が結べなければ粗大ごみ（テープ等で留めることも不可です）
",無料,粗大ごみに該当する場合は粗大ごみの料金に準じる,※粗大ごみの申し込みは099-806-8141（月～金8時30分～17時15分（祝日、12月29日～1月3日を除く））までご連絡ください　Web申し込みについては鹿児島市ホームページをご覧ください。 https://www.city.kagoshima.lg.jp/shigenseisaku/gomi/kate/dashikata/wakekata/sodaigomi.html
462012,kg00210,カラオケ機器,金属類,"45リットル袋に入れて口が結べなければ粗大ごみ（テープ等で留めることも不可です）
",無料,粗大ごみに該当する場合は粗大ごみの料金に準じる,※粗大ごみの申し込みは099-806-8141（月～金8時30分～17時15分（祝日、12月29日～1月3日を除く））までご連絡ください　Web申し込みについては鹿児島市ホームページをご覧ください。 https://www.city.kagoshima.lg.jp/shigenseisaku/gomi/kate/dashikata/wakekata/sodaigomi.html
462012,kg00211,ガラス,もやせないごみ,"割れたものは紙に包んで「キケン」と書く
45リットル袋に入れて口が結べなければ粗大ごみ（テープ等で留めることも不可です）
",無料,粗大ごみに該当する場合は粗大ごみの料金に準じる,※粗大ごみの申し込みは099-806-8141（月～金8時30分～17時15分（祝日、12月29日～1月3日を除く））までご連絡ください　Web申し込みについては鹿児島市ホームページをご覧ください。 https://www.city.kagoshima.lg.jp/shigenseisaku/gomi/kate/dashikata/wakekata/sodaigomi.html
462012,kg00212,ガラスくず,もやせないごみ,,無料,,
462012,kg00213,ガラスケース,もやせないごみ,"45リットル袋に入れて口が結べなければ粗大ごみ（テープ等で留めることも不可です）
",無料,粗大ごみに該当する場合は粗大ごみの料金に準じる,※粗大ごみの申し込みは099-806-8141（月～金8時30分～17時15分（祝日、12月29日～1月3日を除く））までご連絡ください　Web申し込みについては鹿児島市ホームページをご覧ください。 https://www.city.kagoshima.lg.jp/shigenseisaku/gomi/kate/dashikata/wakekata/sodaigomi.html
462012,kg00214,軽石（市販品）,もやせないごみ,,無料,,
462012,kg00215,軽石（自然のもの）,収集・受入しない,,無料,,
462012,kg00216,カレンダー,古紙（雑紙）,,無料,,
462012,kg00217,革製品（鞄、ベルト、バッグ等）,もやせるごみ,"45リットル袋に入れて口が結べなければ粗大ごみ（テープ等で留めることも不可です）
",無料,粗大ごみに該当する場合は粗大ごみの料金に準じる,※粗大ごみの申し込みは099-806-8141（月～金8時30分～17時15分（祝日、12月29日～1月3日を除く））までご連絡ください　Web申し込みについては鹿児島市ホームページをご覧ください。 https://www.city.kagoshima.lg.jp/shigenseisaku/gomi/kate/dashikata/wakekata/sodaigomi.html
462012,kg00218,革製品（洋服）,衣類,,無料,,
462012,kg00219,瓦,収集・受入しない,,無料,,
462012,kg00220,缶（お菓子）,缶・びん,,無料,,
462012,kg00221,缶（お茶、のり）,缶・びん,,無料,,
462012,kg00222,缶（クッキー、せんべい）,缶・びん,,無料,,
462012,kg00223,缶（粉ミルク）,缶・びん,,無料,,
462012,kg00224,缶（食べ物、飲み物）のふた<プラ製>,もやせるごみ,,無料,,
462012,kg00225,缶（食べ物、飲み物）<アルミ缶、スチール缶>,缶・びん,軽く水でゆすぐ,無料,,
462012,kg00226,缶（食べ物・飲み物以外/ペンキ・塗料等）,金属類,"中は空にする

45リットル袋に入れて口が結べなければ粗大ごみ（テープ等で留めることも不可です）
",無料,粗大ごみに該当する場合は粗大ごみの料金に準じる,※粗大ごみの申し込みは099-806-8141（月～金8時30分～17時15分（祝日、12月29日～1月3日を除く））までご連絡ください　Web申し込みについては鹿児島市ホームページをご覧ください。 https://www.city.kagoshima.lg.jp/shigenseisaku/gomi/kate/dashikata/wakekata/sodaigomi.html
462012,kg00227,換気扇<金属製>,金属類,"45リットル袋に入れて口が結べなければ粗大ごみ（テープ等で留めることも不可です）
",無料,粗大ごみに該当する場合は粗大ごみの料金に準じる,※粗大ごみの申し込みは099-806-8141（月～金8時30分～17時15分（祝日、12月29日～1月3日を除く））までご連絡ください　Web申し込みについては鹿児島市ホームページをご覧ください。 https://www.city.kagoshima.lg.jp/shigenseisaku/gomi/kate/dashikata/wakekata/sodaigomi.html
462012,kg00228,換気扇<プラ製>,もやせるごみ,"45リットル袋に入れて口が結べなければ粗大ごみ（テープ等で留めることも不可です）
",無料,粗大ごみに該当する場合は粗大ごみの料金に準じる,※粗大ごみの申し込みは099-806-8141（月～金8時30分～17時15分（祝日、12月29日～1月3日を除く））までご連絡ください　Web申し込みについては鹿児島市ホームページをご覧ください。 https://www.city.kagoshima.lg.jp/shigenseisaku/gomi/kate/dashikata/wakekata/sodaigomi.html
462012,kg00229,缶切り,金属類,,無料,,
462012,kg00230,緩衝材（発泡スチロール）,プラ容器類,,無料,,
462012,kg00231,乾燥剤,もやせるごみ,,無料,,
462012,kg00232,乾電池（マンガン、アルカリ、リチウム一次電池）,乾電池,,無料,,
462012,kg00233,感熱紙（レシート等熱により発色する紙）,もやせるごみ,,無料,,
462012,kg00234,缶のふた<金属製>,金属類,,無料,,
462012,kg00235,ギターケース,粗大ごみ,,有料,,※粗大ごみの申し込みは099-806-8141（月～金8時30分～17時15分（祝日、12月29日～1月3日を除く））までご連絡ください　Web申し込みについては鹿児島市ホームページをご覧ください。 https://www.city.kagoshima.lg.jp/shigenseisaku/gomi/kate/dashikata/wakekata/sodaigomi.html
462012,kg00236,キッチンガード<金属製>,金属類,"45リットル袋に入れて口が結べなければ粗大ごみ（テープ等で留めることも不可です）
",無料,粗大ごみに該当する場合は粗大ごみの料金に準じる,※粗大ごみの申し込みは099-806-8141（月～金8時30分～17時15分（祝日、12月29日～1月3日を除く））までご連絡ください　Web申し込みについては鹿児島市ホームページをご覧ください。 https://www.city.kagoshima.lg.jp/shigenseisaku/gomi/kate/dashikata/wakekata/sodaigomi.html
462012,kg00237,キッチンカウンター,粗大ごみ,"
",有料,,※粗大ごみの申し込みは099-806-8141（月～金8時30分～17時15分（祝日、12月29日～1月3日を除く））までご連絡ください　Web申し込みについては鹿児島市ホームページをご覧ください。 https://www.city.kagoshima.lg.jp/shigenseisaku/gomi/kate/dashikata/wakekata/sodaigomi.html。※持ち込み希望の場合は、北部清掃工場へ事前に連絡を（099-238-0211）お願いします。
462012,kg00238,キッチンペーパー,もやせるごみ,,無料,,
462012,kg00239,キッチンペーパーの芯,古紙（雑紙）,,無料,,
462012,kg00240,ギプス,もやせないごみ,"石膏が使われているもの
シーネは「もやせるごみ」",無料,,
462012,kg00241,着物、和服、帯,衣類,,無料,,
462012,kg00242,脚立、はしご,粗大ごみ,,有料,,※粗大ごみの申し込みは099-806-8141（月～金8時30分～17時15分（祝日、12月29日～1月3日を除く））までご連絡ください　Web申し込みについては鹿児島市ホームページをご覧ください。 https://www.city.kagoshima.lg.jp/shigenseisaku/gomi/kate/dashikata/wakekata/sodaigomi.html
462012,kg00243,キャットタワー,もやせるごみ,"45リットル袋に入れて口が結べなければ粗大ごみ（テープ等で留めることも不可です）
",無料,粗大ごみに該当する場合は粗大ごみの料金に準じる,※粗大ごみの申し込みは099-806-8141（月～金8時30分～17時15分（祝日、12月29日～1月3日を除く））までご連絡ください　Web申し込みについては鹿児島市ホームページをご覧ください。 https://www.city.kagoshima.lg.jp/shigenseisaku/gomi/kate/dashikata/wakekata/sodaigomi.html
462012,kg00244,キャビネット<木・プラ製>,もやせるごみ,"45リットル袋に入れて口が結べなければ粗大ごみ（テープ等で留めることも不可です）
",無料,粗大ごみに該当する場合は粗大ごみの料金に準じる,※粗大ごみの申し込みは099-806-8141（月～金8時30分～17時15分（祝日、12月29日～1月3日を除く））までご連絡ください　Web申し込みについては鹿児島市ホームページをご覧ください。 https://www.city.kagoshima.lg.jp/shigenseisaku/gomi/kate/dashikata/wakekata/sodaigomi.html
462012,kg00245,キャビネット<金属製>,金属類,"45リットル袋に入れて口が結べなければ粗大ごみ（テープ等で留めることも不可です）
",無料,粗大ごみに該当する場合は粗大ごみの料金に準じる,※粗大ごみの申し込みは099-806-8141（月～金8時30分～17時15分（祝日、12月29日～1月3日を除く））までご連絡ください　Web申し込みについては鹿児島市ホームページをご覧ください。 https://www.city.kagoshima.lg.jp/shigenseisaku/gomi/kate/dashikata/wakekata/sodaigomi.html
462012,kg00246,キャリーバッグ,もやせるごみ,"45リットル袋に入れて口が結べなければ粗大ごみ（テープ等で留めることも不可です）
",無料,粗大ごみに該当する場合は粗大ごみの料金に準じる,※粗大ごみの申し込みは099-806-8141（月～金8時30分～17時15分（祝日、12月29日～1月3日を除く））までご連絡ください　Web申し込みについては鹿児島市ホームページをご覧ください。 https://www.city.kagoshima.lg.jp/shigenseisaku/gomi/kate/dashikata/wakekata/sodaigomi.html
462012,kg00247,キャンバス,もやせるごみ,"45リットル袋に入れて口が結べなければ粗大ごみ（テープ等で留めることも不可です）
",無料,粗大ごみに該当する場合は粗大ごみの料金に準じる,※粗大ごみの申し込みは099-806-8141（月～金8時30分～17時15分（祝日、12月29日～1月3日を除く））までご連絡ください　Web申し込みについては鹿児島市ホームページをご覧ください。 https://www.city.kagoshima.lg.jp/shigenseisaku/gomi/kate/dashikata/wakekata/sodaigomi.html
462012,kg00248,吸引器（鼻水用）,もやせるごみ,,無料,,
462012,kg00249,救急ばんそうこう,もやせるごみ,,無料,,
462012,kg00250,急須<金属製>,金属類,,無料,,
462012,kg00251,急須<陶器>,もやせないごみ,,無料,,
462012,kg00252,急須<プラ製>,もやせるごみ,,無料,,
462012,kg00253,給湯器※自分で外したもの,粗大ごみ,"

【調査が必要になることがあります】",有料,,※粗大ごみの申し込みは099-806-8141（月～金8時30分～17時15分（祝日、12月29日～1月3日を除く））までご連絡ください　Web申し込みについては鹿児島市ホームページをご覧ください。 https://www.city.kagoshima.lg.jp/shigenseisaku/gomi/kate/dashikata/wakekata/sodaigomi.html。※持ち込み希望の場合は、北部清掃工場へ事前に連絡を（099-238-0211）お願いします。
462012,kg00254,吸入器（ぜんそく用）,金属類,"電気式のもの。材質に関わらない。
電気式でないものは「もやせるごみ」",無料,,
462012,kg00255,牛乳パック（500ml以上）,古紙（紙パック）,,無料,,
462012,kg00256,教科書,古紙（雑紙）,,無料,,
462012,kg00257,鏡台、ドレッサー（いす含む）,粗大ごみ,,有料,,※粗大ごみの申し込みは099-806-8141（月～金8時30分～17時15分（祝日、12月29日～1月3日を除く））までご連絡ください　Web申し込みについては鹿児島市ホームページをご覧ください。 https://www.city.kagoshima.lg.jp/shigenseisaku/gomi/kate/dashikata/wakekata/sodaigomi.html
462012,kg00258,金庫,粗大ごみ,"3辺とも50cm未満に限る
大きいものは販売店へ
",有料,,※粗大ごみの申し込みは099-806-8141（月～金8時30分～17時15分（祝日、12月29日～1月3日を除く））までご連絡ください　Web申し込みについては鹿児島市ホームページをご覧ください。 https://www.city.kagoshima.lg.jp/shigenseisaku/gomi/kate/dashikata/wakekata/sodaigomi.html
462012,kg00259,金庫（手提げ）,金属類,"45リットル袋に入れて口が結べなければ粗大ごみ（テープ等で留めることも不可です）
",無料,粗大ごみに該当する場合は粗大ごみの料金に準じる,※粗大ごみの申し込みは099-806-8141（月～金8時30分～17時15分（祝日、12月29日～1月3日を除く））までご連絡ください　Web申し込みについては鹿児島市ホームページをご覧ください。 https://www.city.kagoshima.lg.jp/shigenseisaku/gomi/kate/dashikata/wakekata/sodaigomi.html
462012,kg00260,吸入器（電気式以外）,もやせるごみ,,無料,,
462012,kg00261,キーホルダー<布・ビニール・プラの割合が多いもの>,もやせるごみ,,無料,,
462012,kg00262,キーホルダー<金属の割合が多いもの>,金属類,,無料,,
462012,kg00263,空気入れ（浮き輪・ボール用等）<プラ製>,もやせるごみ,"45リットル袋に入れて口が結べなければ粗大ごみ（テープ等で留めることも不可です）
",無料,粗大ごみに該当する場合は粗大ごみの料金に準じる,※粗大ごみの申し込みは099-806-8141（月～金8時30分～17時15分（祝日、12月29日～1月3日を除く））までご連絡ください　Web申し込みについては鹿児島市ホームページをご覧ください。 https://www.city.kagoshima.lg.jp/shigenseisaku/gomi/kate/dashikata/wakekata/sodaigomi.html
462012,kg00264,空気入れ（自転車用等）<金属製>,金属類,"45リットル袋に入れて口が結べなければ粗大ごみ（テープ等で留めることも不可です）
",無料,粗大ごみに該当する場合は粗大ごみの料金に準じる,※粗大ごみの申し込みは099-806-8141（月～金8時30分～17時15分（祝日、12月29日～1月3日を除く））までご連絡ください　Web申し込みについては鹿児島市ホームページをご覧ください。 https://www.city.kagoshima.lg.jp/shigenseisaku/gomi/kate/dashikata/wakekata/sodaigomi.html
462012,kg00265,空気清浄機<除湿機能無し>,金属類,"45リットル袋に入れて口が結べなければ粗大ごみ（テープ等で留めることも不可です）
",無料,粗大ごみに該当する場合は粗大ごみの料金に準じる,※粗大ごみの申し込みは099-806-8141（月～金8時30分～17時15分（祝日、12月29日～1月3日を除く））までご連絡ください　Web申し込みについては鹿児島市ホームページをご覧ください。 https://www.city.kagoshima.lg.jp/shigenseisaku/gomi/kate/dashikata/wakekata/sodaigomi.html
462012,kg00266,空気清浄機<除湿機能有り>,粗大ごみ,,有料,,※粗大ごみの申し込みは099-806-8141（月～金8時30分～17時15分（祝日、12月29日～1月3日を除く））までご連絡ください　Web申し込みについては鹿児島市ホームページをご覧ください。 https://www.city.kagoshima.lg.jp/shigenseisaku/gomi/kate/dashikata/wakekata/sodaigomi.html
462012,kg00267,空気清浄機のフィルター,もやせるごみ,"45リットル袋に入れて口が結べなければ粗大ごみ（テープ等で留めることも不可です）
",無料,粗大ごみに該当する場合は粗大ごみの料金に準じる,※粗大ごみの申し込みは099-806-8141（月～金8時30分～17時15分（祝日、12月29日～1月3日を除く））までご連絡ください　Web申し込みについては鹿児島市ホームページをご覧ください。 https://www.city.kagoshima.lg.jp/shigenseisaku/gomi/kate/dashikata/wakekata/sodaigomi.html
462012,kg00268,クーラー,リサイクル家電,市では収集・受け入れしません,無料,,
462012,kg00269,クーラーボックス,もやせるごみ,"45リットル袋に入れて口が結べなければ粗大ごみ（テープ等で留めることも不可です）

",無料,粗大ごみに該当する場合は粗大ごみの料金に準じる,※粗大ごみの申し込みは099-806-8141（月～金8時30分～17時15分（祝日、12月29日～1月3日を除く））までご連絡ください　Web申し込みについては鹿児島市ホームページをご覧ください。 https://www.city.kagoshima.lg.jp/shigenseisaku/gomi/kate/dashikata/wakekata/sodaigomi.html。※持ち込み希望の場合は、北部清掃工場へ事前に連絡を（099-238-0211）お願いします。
462012,kg00270,釘,金属類,,無料,,
462012,kg00271,釘抜き,金属類,,無料,,
462012,kg00272,草,もやせるごみ,,無料,,
462012,kg00273,草刈り機、芝刈り機,粗大ごみ,"バッテリーは販売店へ
",有料,,※粗大ごみの申し込みは099-806-8141（月～金8時30分～17時15分（祝日、12月29日～1月3日を除く））までご連絡ください　Web申し込みについては鹿児島市ホームページをご覧ください。 https://www.city.kagoshima.lg.jp/shigenseisaku/gomi/kate/dashikata/wakekata/sodaigomi.html
462012,kg00274,くさり<金属製>,金属類,"45リットル袋に入れて口が結べなければ粗大ごみ（テープ等で留めることも不可です）
",無料,粗大ごみに該当する場合は粗大ごみの料金に準じる,※粗大ごみの申し込みは099-806-8141（月～金8時30分～17時15分（祝日、12月29日～1月3日を除く））までご連絡ください　Web申し込みについては鹿児島市ホームページをご覧ください。 https://www.city.kagoshima.lg.jp/shigenseisaku/gomi/kate/dashikata/wakekata/sodaigomi.html
462012,kg00275,くさり<プラ製>,もやせるごみ,,無料,,
462012,kg00276,串<木・竹製>,もやせるごみ,,無料,,
462012,kg00277,串<金属製>,金属類,,無料,,
462012,kg00278,櫛<木・プラ製>,もやせるごみ,,無料,,
462012,kg00279,薬（錠剤）,もやせるごみ,,無料,,
462012,kg00280,薬（錠剤）の個別包装シート<プラスチックとアルミでできたシート>,プラ容器類,,無料,,
462012,kg00281,薬の容器<プラ製>,プラ容器類,,無料,,
462012,kg00282,薬の容器<びん>,缶・びん,,無料,,
462012,kg00283,薬の容器<金属チューブ>,金属類,,無料,,
462012,kg00284,果物ネット,プラ容器類,,無料,,
462012,kg00285,口紅,もやせるごみ,,無料,,
462012,kg00286,口紅ケース<プラ製>,プラ容器類,,無料,,
462012,kg00287,口紅ケース<金属製>,金属類,"45リットル袋に入れて口が結べなければ粗大ごみ（テープ等で留めることも不可です）
",無料,粗大ごみに該当する場合は粗大ごみの料金に準じる,※粗大ごみの申し込みは099-806-8141（月～金8時30分～17時15分（祝日、12月29日～1月3日を除く））までご連絡ください　Web申し込みについては鹿児島市ホームページをご覧ください。 https://www.city.kagoshima.lg.jp/shigenseisaku/gomi/kate/dashikata/wakekata/sodaigomi.html
462012,kg00288,靴,もやせるごみ,,無料,,
462012,kg00289,クッキングヒーター（卓上、据え置き）,金属類,"45リットル袋に入れて口が結べなければ粗大ごみ（テープ等で留めることも不可です）

",無料,粗大ごみに該当する場合は粗大ごみの料金に準じる,※粗大ごみの申し込みは099-806-8141（月～金8時30分～17時15分（祝日、12月29日～1月3日を除く））までご連絡ください　Web申し込みについては鹿児島市ホームページをご覧ください。 https://www.city.kagoshima.lg.jp/shigenseisaku/gomi/kate/dashikata/wakekata/sodaigomi.html。※持ち込み希望の場合は、北部清掃工場へ事前に連絡を（099-238-0211）お願いします。
462012,kg00290,靴下,もやせるごみ,,無料,,
462012,kg00291,靴下の帯巻き<紙製>,古紙（雑紙）,,無料,,
462012,kg00292,クッション,もやせるごみ,"45リットル袋に入れて口が結べなければ粗大ごみ（テープ等で留めることも不可です）
",無料,粗大ごみに該当する場合は粗大ごみの料金に準じる,※粗大ごみの申し込みは099-806-8141（月～金8時30分～17時15分（祝日、12月29日～1月3日を除く））までご連絡ください　Web申し込みについては鹿児島市ホームページをご覧ください。 https://www.city.kagoshima.lg.jp/shigenseisaku/gomi/kate/dashikata/wakekata/sodaigomi.html
462012,kg00293,靴の詰め物（緩衝材）<プラ製>,プラ容器類,,無料,,
462012,kg00294,靴の詰め物（緩衝材）<紙製>,もやせるごみ,,無料,,
462012,kg00295,首輪,もやせるごみ,,無料,,
462012,kg00296,クリアファイル,もやせるごみ,,無料,,
462012,kg00297,クリーニングのビニールカバー,もやせるごみ,,無料,,
462012,kg00298,クリスマスツリーの電飾,金属類,,無料,,
462012,kg00299,クリップ,金属類,,無料,,
462012,kg00300,車・バイクの部品,収集・受入しない,,無料,,
462012,kg00301,車いす<手動>,粗大ごみ,,有料,,※粗大ごみの申し込みは099-806-8141（月～金8時30分～17時15分（祝日、12月29日～1月3日を除く））までご連絡ください　Web申し込みについては鹿児島市ホームページをご覧ください。 https://www.city.kagoshima.lg.jp/shigenseisaku/gomi/kate/dashikata/wakekata/sodaigomi.html
462012,kg00302,車いす<電動>、シニアカー,粗大ごみ,"バッテリー外す

",有料,,※粗大ごみの申し込みは099-806-8141（月～金8時30分～17時15分（祝日、12月29日～1月3日を除く））までご連絡ください　Web申し込みについては鹿児島市ホームページをご覧ください。 https://www.city.kagoshima.lg.jp/shigenseisaku/gomi/kate/dashikata/wakekata/sodaigomi.html。※持ち込み希望の場合は、北部清掃工場へ事前に連絡を（099-238-0211）お願いします。
462012,kg00303,クレヨン,もやせるごみ,,無料,,
462012,kg00304,クレヨンケース<プラ製>,プラ容器類,,無料,,
462012,kg00305,クレヨンケース<紙製>,古紙（雑紙）,,無料,,
462012,kg00306,グロー球、点灯管,電球・蛍光灯,,無料,,
462012,kg00307,グローブ（野球用）,もやせるごみ,"45リットル袋に入れて口が結べなければ粗大ごみ（テープ等で留めることも不可です）
",無料,粗大ごみに該当する場合は粗大ごみの料金に準じる,※粗大ごみの申し込みは099-806-8141（月～金8時30分～17時15分（祝日、12月29日～1月3日を除く））までご連絡ください　Web申し込みについては鹿児島市ホームページをご覧ください。 https://www.city.kagoshima.lg.jp/shigenseisaku/gomi/kate/dashikata/wakekata/sodaigomi.html
462012,kg00308,くわ,金属類,"45リットル袋に入れて口が結べなければ粗大ごみ（テープ等で留めることも不可です）
",無料,粗大ごみに該当する場合は粗大ごみの料金に準じる,※粗大ごみの申し込みは099-806-8141（月～金8時30分～17時15分（祝日、12月29日～1月3日を除く））までご連絡ください　Web申し込みについては鹿児島市ホームページをご覧ください。 https://www.city.kagoshima.lg.jp/shigenseisaku/gomi/kate/dashikata/wakekata/sodaigomi.html
462012,kg00309,軍手,もやせるごみ,,無料,,
462012,kg00310,クッキングヒーター（ビルトイン型、はめ込み式）,粗大ごみ,,有料,,
462012,kg00311,空気入れ<充電式>（バッテリーが外せないもの）,小型充電式電池等,,無料,,
462012,kg00312,蛍光灯、蛍光管,電球・蛍光灯,袋から出ても収集,無料,,
462012,kg00313,蛍光灯、蛍光管（割れたもの）,もやせないごみ,,無料,,
462012,kg00314,携帯テレビ,金属類/小型家電,,無料,,
462012,kg00315,携帯電話、スマートホン<バッテリー外せる>,金属類/小型家電,,無料,,
462012,kg00316,携帯電話、スマートホン<バッテリー外せない>,小型充電式電池等/小型家電,,無料,,
462012,kg00317,携帯電話カバー<皮・プラ製>,もやせるごみ,"45リットル袋に入れて口が結べなければ粗大ごみ（テープ等で留めることも不可です）
",無料,粗大ごみに該当する場合は粗大ごみの料金に準じる,※粗大ごみの申し込みは099-806-8141（月～金8時30分～17時15分（祝日、12月29日～1月3日を除く））までご連絡ください　Web申し込みについては鹿児島市ホームページをご覧ください。 https://www.city.kagoshima.lg.jp/shigenseisaku/gomi/kate/dashikata/wakekata/sodaigomi.html
462012,kg00318,携帯電話カバー<金属製/アルミバンパー等>,金属類,"45リットル袋に入れて口が結べなければ粗大ごみ（テープ等で留めることも不可です）
",無料,粗大ごみに該当する場合は粗大ごみの料金に準じる,※粗大ごみの申し込みは099-806-8141（月～金8時30分～17時15分（祝日、12月29日～1月3日を除く））までご連絡ください　Web申し込みについては鹿児島市ホームページをご覧ください。 https://www.city.kagoshima.lg.jp/shigenseisaku/gomi/kate/dashikata/wakekata/sodaigomi.html
462012,kg00319,携帯電話の充電器,金属類/小型家電,,無料,,
462012,kg00320,計量器<ばね式/金属製>,金属類,"45リットル袋に入れて口が結べなければ粗大ごみ（テープ等で留めることも不可です）
",無料,粗大ごみに該当する場合は粗大ごみの料金に準じる,※粗大ごみの申し込みは099-806-8141（月～金8時30分～17時15分（祝日、12月29日～1月3日を除く））までご連絡ください　Web申し込みについては鹿児島市ホームページをご覧ください。 https://www.city.kagoshima.lg.jp/shigenseisaku/gomi/kate/dashikata/wakekata/sodaigomi.html
462012,kg00321,計量器<ばね式/プラ製>,もやせるごみ,"45リットル袋に入れて口が結べなければ粗大ごみ（テープ等で留めることも不可です）
",無料,粗大ごみに該当する場合は粗大ごみの料金に準じる,※粗大ごみの申し込みは099-806-8141（月～金8時30分～17時15分（祝日、12月29日～1月3日を除く））までご連絡ください　Web申し込みについては鹿児島市ホームページをご覧ください。 https://www.city.kagoshima.lg.jp/shigenseisaku/gomi/kate/dashikata/wakekata/sodaigomi.html
462012,kg00322,計量器<電気式>,金属類,"45リットル袋に入れて口が結べなければ粗大ごみ（テープ等で留めることも不可です）
",無料,粗大ごみに該当する場合は粗大ごみの料金に準じる,※粗大ごみの申し込みは099-806-8141（月～金8時30分～17時15分（祝日、12月29日～1月3日を除く））までご連絡ください　Web申し込みについては鹿児島市ホームページをご覧ください。 https://www.city.kagoshima.lg.jp/shigenseisaku/gomi/kate/dashikata/wakekata/sodaigomi.html
462012,kg00323,ケーキ型<金属製>,金属類,,無料,,
462012,kg00324,ケーキ型<ガラス製>,もやせないごみ,,無料,,
462012,kg00325,ケーキ型<シリコン・プラ製>,もやせるごみ,,無料,,
462012,kg00326,ケージ（ペット用）<金属製>,金属類,"45リットル袋に入れて口が結べなければ粗大ごみ（テープ等で留めることも不可です）
",無料,粗大ごみに該当する場合は粗大ごみの料金に準じる,※粗大ごみの申し込みは099-806-8141（月～金8時30分～17時15分（祝日、12月29日～1月3日を除く））までご連絡ください　Web申し込みについては鹿児島市ホームページをご覧ください。 https://www.city.kagoshima.lg.jp/shigenseisaku/gomi/kate/dashikata/wakekata/sodaigomi.html
462012,kg00327,ケージ（ペット用）<プラ製>,もやせるごみ,"45リットル袋に入れて口が結べなければ粗大ごみ（テープ等で留めることも不可です）
",無料,粗大ごみに該当する場合は粗大ごみの料金に準じる,※粗大ごみの申し込みは099-806-8141（月～金8時30分～17時15分（祝日、12月29日～1月3日を除く））までご連絡ください　Web申し込みについては鹿児島市ホームページをご覧ください。 https://www.city.kagoshima.lg.jp/shigenseisaku/gomi/kate/dashikata/wakekata/sodaigomi.html
462012,kg00328,ケーブル,金属類/小型家電,,無料,,
462012,kg00329,ゲーム機（家庭用）,金属類,"45リットル袋に入れて口が結べなければ粗大ごみ（テープ等で留めることも不可です）
",無料,粗大ごみに該当する場合は粗大ごみの料金に準じる,※粗大ごみの申し込みは099-806-8141（月～金8時30分～17時15分（祝日、12月29日～1月3日を除く））までご連絡ください　Web申し込みについては鹿児島市ホームページをご覧ください。 https://www.city.kagoshima.lg.jp/shigenseisaku/gomi/kate/dashikata/wakekata/sodaigomi.html
462012,kg00330,ゲーム機（携帯型）,金属類/小型家電,,無料,,
462012,kg00331,消しゴム,もやせるごみ,,無料,,
462012,kg00332,化粧品のびん<ガラス製>,もやせないごみ,,無料,,
462012,kg00333,化粧品の容器<プラ製>,もやせるごみ,,無料,,
462012,kg00334,下駄箱,もやせるごみ,"45リットル袋に入れて口が結べなければ粗大ごみ（テープ等で留めることも不可です）
",無料,粗大ごみに該当する場合は粗大ごみの料金に準じる,※粗大ごみの申し込みは099-806-8141（月～金8時30分～17時15分（祝日、12月29日～1月3日を除く））までご連絡ください　Web申し込みについては鹿児島市ホームページをご覧ください。 https://www.city.kagoshima.lg.jp/shigenseisaku/gomi/kate/dashikata/wakekata/sodaigomi.html
462012,kg00335,ケチャップの容器,プラ容器類,,無料,,
462012,kg00336,血圧計<水銀式>,※資源政策課等へ持ち込みを,"水銀式の体温計・温度計も
本庁資源政策課、市民相談センター又は各支所総務市民課（谷山支所は総務課）に持ち込んでください。",無料,,
462012,kg00337,血圧計（電気式）,金属類,,無料,,
462012,kg00338,健康器具（足ふみ）<木・プラ製>,もやせるごみ,"45リットル袋に入れて口が結べなければ粗大ごみ（テープ等で留めることも不可です）
",無料,粗大ごみに該当する場合は粗大ごみの料金に準じる,※粗大ごみの申し込みは099-806-8141（月～金8時30分～17時15分（祝日、12月29日～1月3日を除く））までご連絡ください　Web申し込みについては鹿児島市ホームページをご覧ください。 https://www.city.kagoshima.lg.jp/shigenseisaku/gomi/kate/dashikata/wakekata/sodaigomi.html
462012,kg00339,健康器具（足ふみ）<金属製>,金属類,"45リットル袋に入れて口が結べなければ粗大ごみ（テープ等で留めることも不可です）
",無料,粗大ごみに該当する場合は粗大ごみの料金に準じる,※粗大ごみの申し込みは099-806-8141（月～金8時30分～17時15分（祝日、12月29日～1月3日を除く））までご連絡ください　Web申し込みについては鹿児島市ホームページをご覧ください。 https://www.city.kagoshima.lg.jp/shigenseisaku/gomi/kate/dashikata/wakekata/sodaigomi.html
462012,kg00340,健康器具（ウォーキングマシン）<電気式>,金属類,"45リットル袋に入れて口が結べなければ粗大ごみ（テープ等で留めることも不可です）
",無料,粗大ごみに該当する場合は粗大ごみの料金に準じる,※粗大ごみの申し込みは099-806-8141（月～金8時30分～17時15分（祝日、12月29日～1月3日を除く））までご連絡ください　Web申し込みについては鹿児島市ホームページをご覧ください。 https://www.city.kagoshima.lg.jp/shigenseisaku/gomi/kate/dashikata/wakekata/sodaigomi.html
462012,kg00341,健康器具（ウォーキングマシン）<電気式以外/金属製>,金属類,"45リットル袋に入れて口が結べなければ粗大ごみ（テープ等で留めることも不可です）
",無料,粗大ごみに該当する場合は粗大ごみの料金に準じる,※粗大ごみの申し込みは099-806-8141（月～金8時30分～17時15分（祝日、12月29日～1月3日を除く））までご連絡ください　Web申し込みについては鹿児島市ホームページをご覧ください。 https://www.city.kagoshima.lg.jp/shigenseisaku/gomi/kate/dashikata/wakekata/sodaigomi.html
462012,kg00342,健康器具（自転車、ぶらさがり等）,粗大ごみ,,有料,,※粗大ごみの申し込みは099-806-8141（月～金8時30分～17時15分（祝日、12月29日～1月3日を除く））までご連絡ください　Web申し込みについては鹿児島市ホームページをご覧ください。 https://www.city.kagoshima.lg.jp/shigenseisaku/gomi/kate/dashikata/wakekata/sodaigomi.html
462012,kg00343,剣山,金属類,,無料,,
462012,kg00344,剣道の防具<金属製>,金属類,"45リットル袋に入れて口が結べなければ粗大ごみ（テープ等で留めることも不可です）
",無料,粗大ごみに該当する場合は粗大ごみの料金に準じる,※粗大ごみの申し込みは099-806-8141（月～金8時30分～17時15分（祝日、12月29日～1月3日を除く））までご連絡ください　Web申し込みについては鹿児島市ホームページをご覧ください。 https://www.city.kagoshima.lg.jp/shigenseisaku/gomi/kate/dashikata/wakekata/sodaigomi.html
462012,kg00345,剣道の防具<金属製以外>,もやせるごみ,"45リットル袋に入れて口が結べなければ粗大ごみ（テープ等で留めることも不可です）
",無料,粗大ごみに該当する場合は粗大ごみの料金に準じる,※粗大ごみの申し込みは099-806-8141（月～金8時30分～17時15分（祝日、12月29日～1月3日を除く））までご連絡ください　Web申し込みについては鹿児島市ホームページをご覧ください。 https://www.city.kagoshima.lg.jp/shigenseisaku/gomi/kate/dashikata/wakekata/sodaigomi.html
462012,kg00346,ゲーム機＜携帯型>バッテリーが外せないもの）,小型充電式電池等/小型家電,,無料,,
462012,kg00347,碁石<ガラス・石製>,もやせないごみ,,無料,,
462012,kg00348,碁石<プラ・蛤製>,もやせるごみ,,無料,,
462012,kg00349,こいのぼり,もやせるごみ,,無料,,
462012,kg00350,高圧洗浄機,金属類,"45リットル袋に入れて口が結べなければ粗大ごみ（テープ等で留めることも不可です）
",無料,粗大ごみに該当する場合は粗大ごみの料金に準じる,※粗大ごみの申し込みは099-806-8141（月～金8時30分～17時15分（祝日、12月29日～1月3日を除く））までご連絡ください　Web申し込みについては鹿児島市ホームページをご覧ください。 https://www.city.kagoshima.lg.jp/shigenseisaku/gomi/kate/dashikata/wakekata/sodaigomi.html
462012,kg00351,工具（ドライバー等）,金属類,,無料,,
462012,kg00352,紅茶（ティーバッグ）の個別包装紙,もやせるごみ,"45リットル袋に入れて口が結べなければ粗大ごみ（テープ等で留めることも不可です）
",無料,粗大ごみに該当する場合は粗大ごみの料金に準じる,※粗大ごみの申し込みは099-806-8141（月～金8時30分～17時15分（祝日、12月29日～1月3日を除く））までご連絡ください　Web申し込みについては鹿児島市ホームページをご覧ください。 https://www.city.kagoshima.lg.jp/shigenseisaku/gomi/kate/dashikata/wakekata/sodaigomi.html
462012,kg00353,紅茶（ティーバッグ）の箱<プラ製>,プラ容器類,,無料,,
462012,kg00354,ゴーグル<ガラス製>,もやせないごみ,,無料,,
462012,kg00355,ゴーグル<金属製>,金属類,,無料,,
462012,kg00356,ゴーグル<プラ製>,もやせるごみ,,無料,,
462012,kg00357,コート,衣類,,無料,,
462012,kg00358,コード類,金属類/小型家電,,無料,,
462012,kg00359,コードレス電話,金属類,"45リットル袋に入れて口が結べなければ粗大ごみ（テープ等で留めることも不可です）
",無料,粗大ごみに該当する場合は粗大ごみの料金に準じる,※粗大ごみの申し込みは099-806-8141（月～金8時30分～17時15分（祝日、12月29日～1月3日を除く））までご連絡ください　Web申し込みについては鹿児島市ホームページをご覧ください。 https://www.city.kagoshima.lg.jp/shigenseisaku/gomi/kate/dashikata/wakekata/sodaigomi.html
462012,kg00360,コーヒーのびんの内フタ,金属類,,無料,,
462012,kg00361,コーヒーのびんのフタ,プラ容器類,,無料,,
462012,kg00362,コーヒーフィルター,もやせるごみ,,無料,,
462012,kg00363,コーヒーミル,金属類,,無料,,
462012,kg00364,コーヒーメーカー<電気式>,金属類,"※ガラス製ポット自体は「もやせないごみ」

45リットル袋に入れて口が結べなければ粗大ごみ（テープ等で留めることも不可です）
",無料,粗大ごみに該当する場合は粗大ごみの料金に準じる,※粗大ごみの申し込みは099-806-8141（月～金8時30分～17時15分（祝日、12月29日～1月3日を除く））までご連絡ください　Web申し込みについては鹿児島市ホームページをご覧ください。 https://www.city.kagoshima.lg.jp/shigenseisaku/gomi/kate/dashikata/wakekata/sodaigomi.html
462012,kg00365,コーヒーメーカー<電気式以外/ガラス製>,もやせないごみ,"※サイフォン含む
45リットル袋に入れて口が結べなければ粗大ごみ（テープ等で留めることも不可です）
",無料,粗大ごみに該当する場合は粗大ごみの料金に準じる,※粗大ごみの申し込みは099-806-8141（月～金8時30分～17時15分（祝日、12月29日～1月3日を除く））までご連絡ください　Web申し込みについては鹿児島市ホームページをご覧ください。 https://www.city.kagoshima.lg.jp/shigenseisaku/gomi/kate/dashikata/wakekata/sodaigomi.html
462012,kg00366,コーヒーメーカー<電気式以外/プラ製>,もやせるごみ,"45リットル袋に入れて口が結べなければ粗大ごみ（テープ等で留めることも不可です）
",無料,粗大ごみに該当する場合は粗大ごみの料金に準じる,※粗大ごみの申し込みは099-806-8141（月～金8時30分～17時15分（祝日、12月29日～1月3日を除く））までご連絡ください　Web申し込みについては鹿児島市ホームページをご覧ください。 https://www.city.kagoshima.lg.jp/shigenseisaku/gomi/kate/dashikata/wakekata/sodaigomi.html
462012,kg00367,氷枕、保冷まくら,もやせるごみ,,無料,,
462012,kg00368,黒板、ホワイトボード,もやせるごみ,"45リットル袋に入れて口が結べなければ粗大ごみ（テープ等で留めることも不可です）

",無料,粗大ごみに該当する場合は粗大ごみの料金に準じる,※粗大ごみの申し込みは099-806-8141（月～金8時30分～17時15分（祝日、12月29日～1月3日を除く））までご連絡ください　Web申し込みについては鹿児島市ホームページをご覧ください。 https://www.city.kagoshima.lg.jp/shigenseisaku/gomi/kate/dashikata/wakekata/sodaigomi.html。※持ち込み希望の場合は、北部清掃工場へ事前に連絡を（099-238-0211）お願いします。
462012,kg00369,苔,もやせるごみ,,無料,,
462012,kg00370,ござ,もやせるごみ,"45リットル袋に入れて口が結べなければ粗大ごみ（テープ等で留めることも不可です）
",無料,粗大ごみに該当する場合は粗大ごみの料金に準じる,※粗大ごみの申し込みは099-806-8141（月～金8時30分～17時15分（祝日、12月29日～1月3日を除く））までご連絡ください　Web申し込みについては鹿児島市ホームページをご覧ください。 https://www.city.kagoshima.lg.jp/shigenseisaku/gomi/kate/dashikata/wakekata/sodaigomi.html
462012,kg00371,こたつ,粗大ごみ,,有料,,※粗大ごみの申し込みは099-806-8141（月～金8時30分～17時15分（祝日、12月29日～1月3日を除く））までご連絡ください　Web申し込みについては鹿児島市ホームページをご覧ください。 https://www.city.kagoshima.lg.jp/shigenseisaku/gomi/kate/dashikata/wakekata/sodaigomi.html
462012,kg00372,こたつ板,粗大ごみ,,有料,,※粗大ごみの申し込みは099-806-8141（月～金8時30分～17時15分（祝日、12月29日～1月3日を除く））までご連絡ください　Web申し込みについては鹿児島市ホームページをご覧ください。 https://www.city.kagoshima.lg.jp/shigenseisaku/gomi/kate/dashikata/wakekata/sodaigomi.html
462012,kg00373,こたつ布団,もやせるごみ,"45リットル袋に入れて口が結べなければ粗大ごみ（テープ等で留めることも不可です）
",無料,粗大ごみに該当する場合は粗大ごみの料金に準じる,※粗大ごみの申し込みは099-806-8141（月～金8時30分～17時15分（祝日、12月29日～1月3日を除く））までご連絡ください　Web申し込みについては鹿児島市ホームページをご覧ください。 https://www.city.kagoshima.lg.jp/shigenseisaku/gomi/kate/dashikata/wakekata/sodaigomi.html
462012,kg00374,コップ<陶器、ガラス製>,もやせないごみ,割れたものは紙に包んで「キケン」と書く,無料,,
462012,kg00375,コップ<プラ製>,もやせるごみ,,無料,,
462012,kg00376,琴,粗大ごみ,,有料,,※粗大ごみの申し込みは099-806-8141（月～金8時30分～17時15分（祝日、12月29日～1月3日を除く））までご連絡ください　Web申し込みについては鹿児島市ホームページをご覧ください。 https://www.city.kagoshima.lg.jp/shigenseisaku/gomi/kate/dashikata/wakekata/sodaigomi.html
462012,kg00377,碁盤、将棋盤<脚付き>,粗大ごみ,,有料,,※粗大ごみの申し込みは099-806-8141（月～金8時30分～17時15分（祝日、12月29日～1月3日を除く））までご連絡ください　Web申し込みについては鹿児島市ホームページをご覧ください。 https://www.city.kagoshima.lg.jp/shigenseisaku/gomi/kate/dashikata/wakekata/sodaigomi.html
462012,kg00378,碁盤、将棋盤<脚付きで無いもの>,もやせるごみ,,無料,,
462012,kg00379,コピー機（卓上型）,金属類,"45リットル袋に入れて口が結べなければ粗大ごみ（テープ等で留めることも不可です）
",無料,粗大ごみに該当する場合は粗大ごみの料金に準じる,※粗大ごみの申し込みは099-806-8141（月～金8時30分～17時15分（祝日、12月29日～1月3日を除く））までご連絡ください　Web申し込みについては鹿児島市ホームページをご覧ください。 https://www.city.kagoshima.lg.jp/shigenseisaku/gomi/kate/dashikata/wakekata/sodaigomi.html
462012,kg00380,コピー用紙,古紙（雑紙）,,無料,,
462012,kg00381,ごみ箱<木・プラ製>,もやせるごみ,"45リットル袋に入れて口が結べなければ粗大ごみ（テープ等で留めることも不可です）
",無料,粗大ごみに該当する場合は粗大ごみの料金に準じる,※粗大ごみの申し込みは099-806-8141（月～金8時30分～17時15分（祝日、12月29日～1月3日を除く））までご連絡ください　Web申し込みについては鹿児島市ホームページをご覧ください。 https://www.city.kagoshima.lg.jp/shigenseisaku/gomi/kate/dashikata/wakekata/sodaigomi.html
462012,kg00382,ごみ箱<金属製>,金属類,"45リットル袋に入れて口が結べなければ粗大ごみ（テープ等で留めることも不可です）
",無料,粗大ごみに該当する場合は粗大ごみの料金に準じる,※粗大ごみの申し込みは099-806-8141（月～金8時30分～17時15分（祝日、12月29日～1月3日を除く））までご連絡ください　Web申し込みについては鹿児島市ホームページをご覧ください。 https://www.city.kagoshima.lg.jp/shigenseisaku/gomi/kate/dashikata/wakekata/sodaigomi.html
462012,kg00383,ゴム手袋,もやせるごみ,,無料,,
462012,kg00384,ゴムホース,もやせるごみ,"45リットル袋に入れて口が結べなければ粗大ごみ（テープ等で留めることも不可です）
",無料,粗大ごみに該当する場合は粗大ごみの料金に準じる,※粗大ごみの申し込みは099-806-8141（月～金8時30分～17時15分（祝日、12月29日～1月3日を除く））までご連絡ください　Web申し込みについては鹿児島市ホームページをご覧ください。 https://www.city.kagoshima.lg.jp/shigenseisaku/gomi/kate/dashikata/wakekata/sodaigomi.html
462012,kg00385,ゴムボート、フローター,もやせるごみ,"45リットル袋に入れて口が結べなければ粗大ごみ（テープ等で留めることも不可です）
",無料,粗大ごみに該当する場合は粗大ごみの料金に準じる,※粗大ごみの申し込みは099-806-8141（月～金8時30分～17時15分（祝日、12月29日～1月3日を除く））までご連絡ください　Web申し込みについては鹿児島市ホームページをご覧ください。 https://www.city.kagoshima.lg.jp/shigenseisaku/gomi/kate/dashikata/wakekata/sodaigomi.html
462012,kg00386,ゴムマット,もやせるごみ,"45リットル袋に入れて口が結べなければ粗大ごみ（テープ等で留めることも不可です）
",無料,粗大ごみに該当する場合は粗大ごみの料金に準じる,※粗大ごみの申し込みは099-806-8141（月～金8時30分～17時15分（祝日、12月29日～1月3日を除く））までご連絡ください　Web申し込みについては鹿児島市ホームページをご覧ください。 https://www.city.kagoshima.lg.jp/shigenseisaku/gomi/kate/dashikata/wakekata/sodaigomi.html
462012,kg00387,米貯蔵缶<金属製>,金属類,"45リットル袋に入れて口が結べなければ粗大ごみ（テープ等で留めることも不可です）
",無料,粗大ごみに該当する場合は粗大ごみの料金に準じる,※粗大ごみの申し込みは099-806-8141（月～金8時30分～17時15分（祝日、12月29日～1月3日を除く））までご連絡ください　Web申し込みについては鹿児島市ホームページをご覧ください。 https://www.city.kagoshima.lg.jp/shigenseisaku/gomi/kate/dashikata/wakekata/sodaigomi.html
462012,kg00388,米びつ<金属製>,金属類,"45リットル袋に入れて口が結べなければ粗大ごみ（テープ等で留めることも不可です）
",無料,粗大ごみに該当する場合は粗大ごみの料金に準じる,※粗大ごみの申し込みは099-806-8141（月～金8時30分～17時15分（祝日、12月29日～1月3日を除く））までご連絡ください　Web申し込みについては鹿児島市ホームページをご覧ください。 https://www.city.kagoshima.lg.jp/shigenseisaku/gomi/kate/dashikata/wakekata/sodaigomi.html
462012,kg00389,米びつ<プラ製>,もやせるごみ,"45リットル袋に入れて口が結べなければ粗大ごみ（テープ等で留めることも不可です）
",無料,粗大ごみに該当する場合は粗大ごみの料金に準じる,※粗大ごみの申し込みは099-806-8141（月～金8時30分～17時15分（祝日、12月29日～1月3日を除く））までご連絡ください　Web申し込みについては鹿児島市ホームページをご覧ください。 https://www.city.kagoshima.lg.jp/shigenseisaku/gomi/kate/dashikata/wakekata/sodaigomi.html
462012,kg00390,米袋<ビニール製>,プラ容器類,,無料,,
462012,kg00391,米袋<麻製>,もやせるごみ,,無料,,
462012,kg00392,コルク（栓）,もやせるごみ,,無料,,
462012,kg00393,コルセット,もやせるごみ,"45リットル袋に入れて口が結べなければ粗大ごみ（テープ等で留めることも不可です）
",無料,粗大ごみに該当する場合は粗大ごみの料金に準じる,※粗大ごみの申し込みは099-806-8141（月～金8時30分～17時15分（祝日、12月29日～1月3日を除く））までご連絡ください　Web申し込みについては鹿児島市ホームページをご覧ください。 https://www.city.kagoshima.lg.jp/shigenseisaku/gomi/kate/dashikata/wakekata/sodaigomi.html
462012,kg00394,ゴルフクラブ,金属類,袋から出ても収集,無料,,
462012,kg00395,ゴルフバッグ、キャディバッグ,もやせるごみ,"45リットル袋に入れて口が結べなければ粗大ごみ（テープ等で留めることも不可です）
",無料,粗大ごみに該当する場合は粗大ごみの料金に準じる,※粗大ごみの申し込みは099-806-8141（月～金8時30分～17時15分（祝日、12月29日～1月3日を除く））までご連絡ください　Web申し込みについては鹿児島市ホームページをご覧ください。 https://www.city.kagoshima.lg.jp/shigenseisaku/gomi/kate/dashikata/wakekata/sodaigomi.html
462012,kg00396,ゴルフボール,もやせるごみ,"45リットル袋に入れて口が結べなければ粗大ごみ（テープ等で留めることも不可です）
",無料,粗大ごみに該当する場合は粗大ごみの料金に準じる,※粗大ごみの申し込みは099-806-8141（月～金8時30分～17時15分（祝日、12月29日～1月3日を除く））までご連絡ください　Web申し込みについては鹿児島市ホームページをご覧ください。 https://www.city.kagoshima.lg.jp/shigenseisaku/gomi/kate/dashikata/wakekata/sodaigomi.html
462012,kg00397,コンクリート片、コンクリート製品,収集・受入しない,,無料,,
462012,kg00398,コンタクトレンズ,もやせるごみ,,無料,,
462012,kg00399,コンタクトレンズのケース,もやせるごみ,"45リットル袋に入れて口が結べなければ粗大ごみ（テープ等で留めることも不可です）
",無料,粗大ごみに該当する場合は粗大ごみの料金に準じる,※粗大ごみの申し込みは099-806-8141（月～金8時30分～17時15分（祝日、12月29日～1月3日を除く））までご連絡ください　Web申し込みについては鹿児島市ホームページをご覧ください。 https://www.city.kagoshima.lg.jp/shigenseisaku/gomi/kate/dashikata/wakekata/sodaigomi.html
462012,kg00400,コントローラ（ゲーム機）<充電式/ワイヤレス>,小型充電式電池等,,無料,,
462012,kg00401,コントローラ（ゲーム機）<充電式以外>,金属類,,無料,,
462012,kg00402,コンパクト（鏡付き）,もやせないごみ,,無料,,
462012,kg00403,コンパス（文房具）<金属製>,金属類,,無料,,
462012,kg00404,コンパス（文房具）<プラ製>,もやせるごみ,,無料,,
462012,kg00405,コンパス（方位磁針）,もやせるごみ,,無料,,
462012,kg00406,サーフボード、ボディーボード,粗大ごみ,,有料,,※粗大ごみの申し込みは099-806-8141（月～金8時30分～17時15分（祝日、12月29日～1月3日を除く））までご連絡ください　Web申し込みについては鹿児島市ホームページをご覧ください。 https://www.city.kagoshima.lg.jp/shigenseisaku/gomi/kate/dashikata/wakekata/sodaigomi.html
462012,kg00407,座椅子<金属入り>,金属類,"45リットル袋に入れて口が結べなければ粗大ごみ（テープ等で留めることも不可です）
",無料,粗大ごみに該当する場合は粗大ごみの料金に準じる,※粗大ごみの申し込みは099-806-8141（月～金8時30分～17時15分（祝日、12月29日～1月3日を除く））までご連絡ください　Web申し込みについては鹿児島市ホームページをご覧ください。 https://www.city.kagoshima.lg.jp/shigenseisaku/gomi/kate/dashikata/wakekata/sodaigomi.html
462012,kg00408,座椅子<木製>,もやせるごみ,"45リットル袋に入れて口が結べなければ粗大ごみ（テープ等で留めることも不可です）
",無料,粗大ごみに該当する場合は粗大ごみの料金に準じる,※粗大ごみの申し込みは099-806-8141（月～金8時30分～17時15分（祝日、12月29日～1月3日を除く））までご連絡ください　Web申し込みについては鹿児島市ホームページをご覧ください。 https://www.city.kagoshima.lg.jp/shigenseisaku/gomi/kate/dashikata/wakekata/sodaigomi.html
462012,kg00409,在宅医療用のチューブ、カテーテル類,もやせるごみ,,無料,,
462012,kg00410,在宅医療用のビニールバッグ類,もやせるごみ,中は空にする,無料,,
462012,kg00411,サイドボード,粗大ごみ,,有料,,※粗大ごみの申し込みは099-806-8141（月～金8時30分～17時15分（祝日、12月29日～1月3日を除く））までご連絡ください　Web申し込みについては鹿児島市ホームページをご覧ください。 https://www.city.kagoshima.lg.jp/shigenseisaku/gomi/kate/dashikata/wakekata/sodaigomi.html
462012,kg00412,財布,もやせるごみ,,無料,,
462012,kg00413,サインペン,もやせるごみ,"45リットル袋に入れて口が結べなければ粗大ごみ（テープ等で留めることも不可です）
",無料,粗大ごみに該当する場合は粗大ごみの料金に準じる,※粗大ごみの申し込みは099-806-8141（月～金8時30分～17時15分（祝日、12月29日～1月3日を除く））までご連絡ください　Web申し込みについては鹿児島市ホームページをご覧ください。 https://www.city.kagoshima.lg.jp/shigenseisaku/gomi/kate/dashikata/wakekata/sodaigomi.html
462012,kg00414,サウナ<ドーム型>,粗大ごみ,"
【調査が必要になる場合があります】",有料,,※粗大ごみの申し込みは099-806-8141（月～金8時30分～17時15分（祝日、12月29日～1月3日を除く））までご連絡ください　Web申し込みについては鹿児島市ホームページをご覧ください。 https://www.city.kagoshima.lg.jp/shigenseisaku/gomi/kate/dashikata/wakekata/sodaigomi.html
462012,kg00415,サウナ<組立式>,粗大ごみ,"
【調査が必要になる場合があります】
",有料,,※粗大ごみの申し込みは099-806-8141（月～金8時30分～17時15分（祝日、12月29日～1月3日を除く））までご連絡ください　Web申し込みについては鹿児島市ホームページをご覧ください。 https://www.city.kagoshima.lg.jp/shigenseisaku/gomi/kate/dashikata/wakekata/sodaigomi.html。※持ち込み希望の場合は、北部清掃工場へ事前に連絡を（099-238-0211）お願いします。
462012,kg00416,座卓,もやせるごみ,"45リットル袋に入れて口が結べなければ粗大ごみ（テープ等で留めることも不可です）
",無料,粗大ごみに該当する場合は粗大ごみの料金に準じる,※粗大ごみの申し込みは099-806-8141（月～金8時30分～17時15分（祝日、12月29日～1月3日を除く））までご連絡ください　Web申し込みについては鹿児島市ホームページをご覧ください。 https://www.city.kagoshima.lg.jp/shigenseisaku/gomi/kate/dashikata/wakekata/sodaigomi.html
462012,kg00417,サッシ（ガラス付）,もやせないごみ,"45リットル袋に入れて口が結べなければ粗大ごみ（テープ等で留めることも不可です）

",無料,粗大ごみに該当する場合は粗大ごみの料金に準じる,※粗大ごみの申し込みは099-806-8141（月～金8時30分～17時15分（祝日、12月29日～1月3日を除く））までご連絡ください　Web申し込みについては鹿児島市ホームページをご覧ください。 https://www.city.kagoshima.lg.jp/shigenseisaku/gomi/kate/dashikata/wakekata/sodaigomi.html。※持ち込み希望の場合は、北部清掃工場へ事前に連絡を（099-238-0211）お願いします。
462012,kg00418,サッシ戸（枠のみ）,金属類,"45リットル袋に入れて口が結べなければ粗大ごみ（テープ等で留めることも不可です）

",無料,粗大ごみに該当する場合は粗大ごみの料金に準じる,※粗大ごみの申し込みは099-806-8141（月～金8時30分～17時15分（祝日、12月29日～1月3日を除く））までご連絡ください　Web申し込みについては鹿児島市ホームページをご覧ください。 https://www.city.kagoshima.lg.jp/shigenseisaku/gomi/kate/dashikata/wakekata/sodaigomi.html。※持ち込み希望の場合は、北部清掃工場へ事前に連絡を（099-238-0211）お願いします。
462012,kg00419,雑誌（月刊誌、週刊誌、漫画本等）,古紙（雑紙）,,無料,,
462012,kg00420,殺虫剤の缶<スプレー式>,スプレー缶類,,無料,,
462012,kg00421,殺虫剤の缶<スプレー式以外/燻煙タイプ等>,金属類,,無料,,
462012,kg00422,殺虫剤の容器<プラ製>,プラ容器類,,無料,,
462012,kg00423,座布団,もやせるごみ,"45リットル袋に入れて口が結べなければ粗大ごみ（テープ等で留めることも不可です）
",無料,粗大ごみに該当する場合は粗大ごみの料金に準じる,※粗大ごみの申し込みは099-806-8141（月～金8時30分～17時15分（祝日、12月29日～1月3日を除く））までご連絡ください　Web申し込みについては鹿児島市ホームページをご覧ください。 https://www.city.kagoshima.lg.jp/shigenseisaku/gomi/kate/dashikata/wakekata/sodaigomi.html
462012,kg00424,皿<金属製>,金属類,,無料,,
462012,kg00425,皿<陶器、ガラス製>,もやせないごみ,割れたものは紙に包んで「キケン」と書く,無料,,
462012,kg00426,三角コーナー<金属製>,金属類,,無料,,
462012,kg00427,三角コーナー<プラ・シリコン・紙製>,もやせるごみ,,無料,,
462012,kg00428,三脚<カーボン製>,もやせるごみ,"45リットル袋に入れて口が結べなければ粗大ごみ（テープ等で留めることも不可です）
",無料,粗大ごみに該当する場合は粗大ごみの料金に準じる,※粗大ごみの申し込みは099-806-8141（月～金8時30分～17時15分（祝日、12月29日～1月3日を除く））までご連絡ください　Web申し込みについては鹿児島市ホームページをご覧ください。 https://www.city.kagoshima.lg.jp/shigenseisaku/gomi/kate/dashikata/wakekata/sodaigomi.html
462012,kg00429,三脚<金属製>,金属類,"45リットル袋に入れて口が結べなければ粗大ごみ（テープ等で留めることも不可です）
",無料,粗大ごみに該当する場合は粗大ごみの料金に準じる,※粗大ごみの申し込みは099-806-8141（月～金8時30分～17時15分（祝日、12月29日～1月3日を除く））までご連絡ください　Web申し込みについては鹿児島市ホームページをご覧ください。 https://www.city.kagoshima.lg.jp/shigenseisaku/gomi/kate/dashikata/wakekata/sodaigomi.html
462012,kg00430,サングラス<レンズがガラス製>,もやせないごみ,,無料,,
462012,kg00431,サングラス<レンズがプラ製>,もやせるごみ,,無料,,
462012,kg00432,さんご,もやせるごみ,"45リットル袋に入れて口が結べなければ粗大ごみ（テープ等で留めることも不可です）
",無料,粗大ごみに該当する場合は粗大ごみの料金に準じる,※粗大ごみの申し込みは099-806-8141（月～金8時30分～17時15分（祝日、12月29日～1月3日を除く））までご連絡ください　Web申し込みについては鹿児島市ホームページをご覧ください。 https://www.city.kagoshima.lg.jp/shigenseisaku/gomi/kate/dashikata/wakekata/sodaigomi.html
462012,kg00433,サンシェード（車用）,もやせるごみ,"45リットル袋に入れて口が結べなければ粗大ごみ（テープ等で留めることも不可です）
",無料,粗大ごみに該当する場合は粗大ごみの料金に準じる,※粗大ごみの申し込みは099-806-8141（月～金8時30分～17時15分（祝日、12月29日～1月3日を除く））までご連絡ください　Web申し込みについては鹿児島市ホームページをご覧ください。 https://www.city.kagoshima.lg.jp/shigenseisaku/gomi/kate/dashikata/wakekata/sodaigomi.html
462012,kg00434,サンダル,もやせるごみ,,無料,,
462012,kg00435,三輪自転車,粗大ごみ,,有料,,※粗大ごみの申し込みは099-806-8141（月～金8時30分～17時15分（祝日、12月29日～1月3日を除く））までご連絡ください　Web申し込みについては鹿児島市ホームページをご覧ください。 https://www.city.kagoshima.lg.jp/shigenseisaku/gomi/kate/dashikata/wakekata/sodaigomi.html
462012,kg00436,三輪車<金属製>,金属類,"45リットル袋に入れて口が結べなければ粗大ごみ（テープ等で留めることも不可です）
",無料,粗大ごみに該当する場合は粗大ごみの料金に準じる,※粗大ごみの申し込みは099-806-8141（月～金8時30分～17時15分（祝日、12月29日～1月3日を除く））までご連絡ください　Web申し込みについては鹿児島市ホームページをご覧ください。 https://www.city.kagoshima.lg.jp/shigenseisaku/gomi/kate/dashikata/wakekata/sodaigomi.html
462012,kg00437,三輪車<プラ製>,もやせるごみ,"45リットル袋に入れて口が結べなければ粗大ごみ（テープ等で留めることも不可です）
",無料,粗大ごみに該当する場合は粗大ごみの料金に準じる,※粗大ごみの申し込みは099-806-8141（月～金8時30分～17時15分（祝日、12月29日～1月3日を除く））までご連絡ください　Web申し込みについては鹿児島市ホームページをご覧ください。 https://www.city.kagoshima.lg.jp/shigenseisaku/gomi/kate/dashikata/wakekata/sodaigomi.html
462012,kg00438,シーツ,衣類,,無料,,
462012,kg00439,ＣＤ（ケースも含む）,もやせるごみ,,無料,,
462012,kg00440,ジーンズ,衣類,,無料,,
462012,kg00441,地下足袋,もやせるごみ,"45リットル袋に入れて口が結べなければ粗大ごみ（テープ等で留めることも不可です）
",無料,粗大ごみに該当する場合は粗大ごみの料金に準じる,※粗大ごみの申し込みは099-806-8141（月～金8時30分～17時15分（祝日、12月29日～1月3日を除く））までご連絡ください　Web申し込みについては鹿児島市ホームページをご覧ください。 https://www.city.kagoshima.lg.jp/shigenseisaku/gomi/kate/dashikata/wakekata/sodaigomi.html
462012,kg00442,敷パッド,もやせるごみ,"45リットル袋に入れて口が結べなければ粗大ごみ（テープ等で留めることも不可です）
",無料,粗大ごみに該当する場合は粗大ごみの料金に準じる,※粗大ごみの申し込みは099-806-8141（月～金8時30分～17時15分（祝日、12月29日～1月3日を除く））までご連絡ください　Web申し込みについては鹿児島市ホームページをご覧ください。 https://www.city.kagoshima.lg.jp/shigenseisaku/gomi/kate/dashikata/wakekata/sodaigomi.html
462012,kg00443,磁石,金属類,,無料,,
462012,kg00444,下着類,もやせるごみ,,無料,,
462012,kg00445,下敷き<プラ・紙製>,もやせるごみ,,無料,,
462012,kg00446,七輪,もやせないごみ,"45リットル袋に入れて口が結べなければ粗大ごみ（テープ等で留めることも不可です）
",無料,粗大ごみに該当する場合は粗大ごみの料金に準じる,※粗大ごみの申し込みは099-806-8141（月～金8時30分～17時15分（祝日、12月29日～1月3日を除く））までご連絡ください　Web申し込みについては鹿児島市ホームページをご覧ください。 https://www.city.kagoshima.lg.jp/shigenseisaku/gomi/kate/dashikata/wakekata/sodaigomi.html
462012,kg00447,湿布,もやせるごみ,,無料,,
462012,kg00448,湿布の内袋,もやせるごみ,"45リットル袋に入れて口が結べなければ粗大ごみ（テープ等で留めることも不可です）
",無料,粗大ごみに該当する場合は粗大ごみの料金に準じる,※粗大ごみの申し込みは099-806-8141（月～金8時30分～17時15分（祝日、12月29日～1月3日を除く））までご連絡ください　Web申し込みについては鹿児島市ホームページをご覧ください。 https://www.city.kagoshima.lg.jp/shigenseisaku/gomi/kate/dashikata/wakekata/sodaigomi.html
462012,kg00449,湿布の内袋（プラマークがあるもの）,プラ容器類,,無料,,
462012,kg00450,湿布の表面に貼ってあるフィルム,プラ容器類,,無料,,
462012,kg00451,辞典,古紙（雑紙）,,無料,,
462012,kg00452,自転車,粗大ごみ,,有料,,※粗大ごみの申し込みは099-806-8141（月～金8時30分～17時15分（祝日、12月29日～1月3日を除く））までご連絡ください　Web申し込みについては鹿児島市ホームページをご覧ください。 https://www.city.kagoshima.lg.jp/shigenseisaku/gomi/kate/dashikata/wakekata/sodaigomi.html
462012,kg00453,竹刀,もやせるごみ,"45リットル袋に入れて口が結べなければ粗大ごみ（テープ等で留めることも不可です）
",無料,粗大ごみに該当する場合は粗大ごみの料金に準じる,※粗大ごみの申し込みは099-806-8141（月～金8時30分～17時15分（祝日、12月29日～1月3日を除く））までご連絡ください　Web申し込みについては鹿児島市ホームページをご覧ください。 https://www.city.kagoshima.lg.jp/shigenseisaku/gomi/kate/dashikata/wakekata/sodaigomi.html
462012,kg00454,シャープペンシルの芯ケース<プラ製>,プラ容器類,,無料,,
462012,kg00455,蛇口※自分で外したもの,金属類,,無料,,
462012,kg00456,写真,もやせるごみ,,無料,,
462012,kg00457,写真（印画紙）,もやせるごみ,,無料,,
462012,kg00458,写真（ネガフィルム）,もやせるごみ,,無料,,
462012,kg00459,シャツ,衣類,,無料,,
462012,kg00460,ジャッキ,金属類,"45リットル袋に入れて口が結べなければ粗大ごみ（テープ等で留めることも不可です）
",無料,粗大ごみに該当する場合は粗大ごみの料金に準じる,※粗大ごみの申し込みは099-806-8141（月～金8時30分～17時15分（祝日、12月29日～1月3日を除く））までご連絡ください　Web申し込みについては鹿児島市ホームページをご覧ください。 https://www.city.kagoshima.lg.jp/shigenseisaku/gomi/kate/dashikata/wakekata/sodaigomi.html
462012,kg00461,しゃもじ<木・プラ製>,もやせるごみ,,無料,,
462012,kg00462,ジャングルジム（室内用）,もやせるごみ,"45リットル袋に入れて口が結べなければ粗大ごみ（テープ等で留めることも不可です）
",無料,粗大ごみに該当する場合は粗大ごみの料金に準じる,※粗大ごみの申し込みは099-806-8141（月～金8時30分～17時15分（祝日、12月29日～1月3日を除く））までご連絡ください　Web申し込みについては鹿児島市ホームページをご覧ください。 https://www.city.kagoshima.lg.jp/shigenseisaku/gomi/kate/dashikata/wakekata/sodaigomi.html
462012,kg00463,シャンプー（詰め替え品が入っていた容器）,プラ容器類,,無料,,
462012,kg00464,シャンプー等のノズル,プラ容器類,,無料,,
462012,kg00465,シャンプー等のプラボトル,プラ容器類,,無料,,
462012,kg00466,ジューサー、ミキサー（ガラス部分）,もやせないごみ,"45リットル袋に入れて口が結べなければ粗大ごみ（テープ等で留めることも不可です）
",無料,粗大ごみに該当する場合は粗大ごみの料金に準じる,※粗大ごみの申し込みは099-806-8141（月～金8時30分～17時15分（祝日、12月29日～1月3日を除く））までご連絡ください　Web申し込みについては鹿児島市ホームページをご覧ください。 https://www.city.kagoshima.lg.jp/shigenseisaku/gomi/kate/dashikata/wakekata/sodaigomi.html
462012,kg00467,ジューサー、ミキサー（プラ部分）,もやせるごみ,"45リットル袋に入れて口が結べなければ粗大ごみ（テープ等で留めることも不可です）
",無料,粗大ごみに該当する場合は粗大ごみの料金に準じる,※粗大ごみの申し込みは099-806-8141（月～金8時30分～17時15分（祝日、12月29日～1月3日を除く））までご連絡ください　Web申し込みについては鹿児島市ホームページをご覧ください。 https://www.city.kagoshima.lg.jp/shigenseisaku/gomi/kate/dashikata/wakekata/sodaigomi.html
462012,kg00468,ジューサー、ミキサー（本体部分）,金属類,"45リットル袋に入れて口が結べなければ粗大ごみ（テープ等で留めることも不可です）
",無料,粗大ごみに該当する場合は粗大ごみの料金に準じる,※粗大ごみの申し込みは099-806-8141（月～金8時30分～17時15分（祝日、12月29日～1月3日を除く））までご連絡ください　Web申し込みについては鹿児島市ホームページをご覧ください。 https://www.city.kagoshima.lg.jp/shigenseisaku/gomi/kate/dashikata/wakekata/sodaigomi.html
462012,kg00469,修正テープ、修正液,もやせるごみ,,無料,,
462012,kg00470,朱肉,もやせるごみ,,無料,,
462012,kg00471,シュレッダー（手動）<プラ製>,もやせるごみ,,無料,,
462012,kg00472,シュレッダー（電動）,金属類,"45リットル袋に入れて口が結べなければ粗大ごみ（テープ等で留めることも不可です）
",無料,粗大ごみに該当する場合は粗大ごみの料金に準じる,※粗大ごみの申し込みは099-806-8141（月～金8時30分～17時15分（祝日、12月29日～1月3日を除く））までご連絡ください　Web申し込みについては鹿児島市ホームページをご覧ください。 https://www.city.kagoshima.lg.jp/shigenseisaku/gomi/kate/dashikata/wakekata/sodaigomi.html
462012,kg00473,シュレッダーした紙類,もやせるごみ,,無料,,
462012,kg00474,消火器,収集・受入しない,"※指定の引取り場所へ
消火器リサイクルコールセンター（03-5829-6773）",無料,,
462012,kg00475,消火具（スプレー缶タイプ）,スプレー缶類,エアゾール式簡易消火具,無料,,
462012,kg00476,定規<木・プラ製>,もやせるごみ,,無料,,
462012,kg00477,定規<金属製>,金属類,,無料,,
462012,kg00478,焼却炉,金属類,"45リットル袋に入れて口が結べなければ粗大ごみ（テープ等で留めることも不可です）

",無料,粗大ごみに該当する場合は粗大ごみの料金に準じる,※粗大ごみの申し込みは099-806-8141（月～金8時30分～17時15分（祝日、12月29日～1月3日を除く））までご連絡ください　Web申し込みについては鹿児島市ホームページをご覧ください。 https://www.city.kagoshima.lg.jp/shigenseisaku/gomi/kate/dashikata/wakekata/sodaigomi.html。※持ち込み希望の場合は、北部清掃工場へ事前に連絡を（099-238-0211）お願いします。
462012,kg00479,障子,もやせるごみ,"45リットル袋に入れて口が結べなければ粗大ごみ（テープ等で留めることも不可です）

",無料,粗大ごみに該当する場合は粗大ごみの料金に準じる,※粗大ごみの申し込みは099-806-8141（月～金8時30分～17時15分（祝日、12月29日～1月3日を除く））までご連絡ください　Web申し込みについては鹿児島市ホームページをご覧ください。 https://www.city.kagoshima.lg.jp/shigenseisaku/gomi/kate/dashikata/wakekata/sodaigomi.html。※持ち込み希望の場合は、北部清掃工場へ事前に連絡を（099-238-0211）お願いします。
462012,kg00480,浄水器<金属製>,金属類,"45リットル袋に入れて口が結べなければ粗大ごみ（テープ等で留めることも不可です）
",無料,粗大ごみに該当する場合は粗大ごみの料金に準じる,※粗大ごみの申し込みは099-806-8141（月～金8時30分～17時15分（祝日、12月29日～1月3日を除く））までご連絡ください　Web申し込みについては鹿児島市ホームページをご覧ください。 https://www.city.kagoshima.lg.jp/shigenseisaku/gomi/kate/dashikata/wakekata/sodaigomi.html
462012,kg00481,浄水器<プラ製>,もやせるごみ,"45リットル袋に入れて口が結べなければ粗大ごみ（テープ等で留めることも不可です）
",無料,粗大ごみに該当する場合は粗大ごみの料金に準じる,※粗大ごみの申し込みは099-806-8141（月～金8時30分～17時15分（祝日、12月29日～1月3日を除く））までご連絡ください　Web申し込みについては鹿児島市ホームページをご覧ください。 https://www.city.kagoshima.lg.jp/shigenseisaku/gomi/kate/dashikata/wakekata/sodaigomi.html
462012,kg00482,浄水器のフィルター,もやせるごみ,,無料,,
462012,kg00483,照明（LED一体型のスタンドライト、間接照明等）<金属製>,金属類,"45リットル袋に入れて口が結べなければ粗大ごみ（テープ等で留めることも不可です）
",無料,粗大ごみに該当する場合は粗大ごみの料金に準じる,※粗大ごみの申し込みは099-806-8141（月～金8時30分～17時15分（祝日、12月29日～1月3日を除く））までご連絡ください　Web申し込みについては鹿児島市ホームページをご覧ください。 https://www.city.kagoshima.lg.jp/shigenseisaku/gomi/kate/dashikata/wakekata/sodaigomi.html
462012,kg00484,照明（LED一体型のスタンドライト、間接照明等）<プラ製>,もやせるごみ,"45リットル袋に入れて口が結べなければ粗大ごみ（テープ等で留めることも不可です）
",無料,粗大ごみに該当する場合は粗大ごみの料金に準じる,※粗大ごみの申し込みは099-806-8141（月～金8時30分～17時15分（祝日、12月29日～1月3日を除く））までご連絡ください　Web申し込みについては鹿児島市ホームページをご覧ください。 https://www.city.kagoshima.lg.jp/shigenseisaku/gomi/kate/dashikata/wakekata/sodaigomi.html
462012,kg00485,照明（傘の部分）<ガラス製>,もやせないごみ,"45リットル袋に入れて口が結べなければ粗大ごみ（テープ等で留めることも不可です）
",無料,粗大ごみに該当する場合は粗大ごみの料金に準じる,※粗大ごみの申し込みは099-806-8141（月～金8時30分～17時15分（祝日、12月29日～1月3日を除く））までご連絡ください　Web申し込みについては鹿児島市ホームページをご覧ください。 https://www.city.kagoshima.lg.jp/shigenseisaku/gomi/kate/dashikata/wakekata/sodaigomi.html
462012,kg00486,照明（傘の部分）<木・プラ製>,もやせるごみ,"45リットル袋に入れて口が結べなければ粗大ごみ（テープ等で留めることも不可です）
",無料,粗大ごみに該当する場合は粗大ごみの料金に準じる,※粗大ごみの申し込みは099-806-8141（月～金8時30分～17時15分（祝日、12月29日～1月3日を除く））までご連絡ください　Web申し込みについては鹿児島市ホームページをご覧ください。 https://www.city.kagoshima.lg.jp/shigenseisaku/gomi/kate/dashikata/wakekata/sodaigomi.html
462012,kg00487,照明（傘の部分）<金属製>,金属類,"45リットル袋に入れて口が結べなければ粗大ごみ（テープ等で留めることも不可です）
",無料,粗大ごみに該当する場合は粗大ごみの料金に準じる,※粗大ごみの申し込みは099-806-8141（月～金8時30分～17時15分（祝日、12月29日～1月3日を除く））までご連絡ください　Web申し込みについては鹿児島市ホームページをご覧ください。 https://www.city.kagoshima.lg.jp/shigenseisaku/gomi/kate/dashikata/wakekata/sodaigomi.html
462012,kg00488,照明（基盤）,金属類,"※電球・蛍光灯外す
45リットル袋に入れて口が結べなければ粗大ごみ（テープ等で留めることも不可です）
",無料,粗大ごみに該当する場合は粗大ごみの料金に準じる,※粗大ごみの申し込みは099-806-8141（月～金8時30分～17時15分（祝日、12月29日～1月3日を除く））までご連絡ください　Web申し込みについては鹿児島市ホームページをご覧ください。 https://www.city.kagoshima.lg.jp/shigenseisaku/gomi/kate/dashikata/wakekata/sodaigomi.html
462012,kg00489,照明（金属部分）,金属類,"45リットル袋に入れて口が結べなければ粗大ごみ（テープ等で留めることも不可です）
",無料,粗大ごみに該当する場合は粗大ごみの料金に準じる,※粗大ごみの申し込みは099-806-8141（月～金8時30分～17時15分（祝日、12月29日～1月3日を除く））までご連絡ください　Web申し込みについては鹿児島市ホームページをご覧ください。 https://www.city.kagoshima.lg.jp/shigenseisaku/gomi/kate/dashikata/wakekata/sodaigomi.html
462012,kg00490,照明（プラ部分）,もやせるごみ,"45リットル袋に入れて口が結べなければ粗大ごみ（テープ等で留めることも不可です）
",無料,粗大ごみに該当する場合は粗大ごみの料金に準じる,※粗大ごみの申し込みは099-806-8141（月～金8時30分～17時15分（祝日、12月29日～1月3日を除く））までご連絡ください　Web申し込みについては鹿児島市ホームページをご覧ください。 https://www.city.kagoshima.lg.jp/shigenseisaku/gomi/kate/dashikata/wakekata/sodaigomi.html
462012,kg00491,じょうろ<金属製>,金属類,"45リットル袋に入れて口が結べなければ粗大ごみ（テープ等で留めることも不可です）
",無料,粗大ごみに該当する場合は粗大ごみの料金に準じる,※粗大ごみの申し込みは099-806-8141（月～金8時30分～17時15分（祝日、12月29日～1月3日を除く））までご連絡ください　Web申し込みについては鹿児島市ホームページをご覧ください。 https://www.city.kagoshima.lg.jp/shigenseisaku/gomi/kate/dashikata/wakekata/sodaigomi.html
462012,kg00492,じょうろ<プラ製>,もやせるごみ,"45リットル袋に入れて口が結べなければ粗大ごみ（テープ等で留めることも不可です）
",無料,粗大ごみに該当する場合は粗大ごみの料金に準じる,※粗大ごみの申し込みは099-806-8141（月～金8時30分～17時15分（祝日、12月29日～1月3日を除く））までご連絡ください　Web申し込みについては鹿児島市ホームページをご覧ください。 https://www.city.kagoshima.lg.jp/shigenseisaku/gomi/kate/dashikata/wakekata/sodaigomi.html
462012,kg00493,食品トレイ,プラ容器類,,無料,,
462012,kg00494,食用油,もやせるごみ,布・紙に染み込ませる,無料,,
462012,kg00495,食用油容器（ボトル）のラベル<プラ製>,プラ容器類,,無料,,
462012,kg00496,食用油容器（ボトル）のラベル<紙製>,もやせるごみ,,無料,,
462012,kg00497,食用油容器（缶・びん）,缶・びん,,無料,,
462012,kg00498,食用油容器（缶）※汚れが取れないもの,金属類,,無料,,
462012,kg00499,食用油容器（びん）※汚れが取れないもの,もやせないごみ,,無料,,
462012,kg00500,食用油容器（ボトル）,プラ容器類,,無料,,
462012,kg00501,食用油容器（ボトル）※汚れが取れないもの,もやせるごみ,,無料,,
462012,kg00502,除湿機,粗大ごみ,,有料,,※粗大ごみの申し込みは099-806-8141（月～金8時30分～17時15分（祝日、12月29日～1月3日を除く））までご連絡ください　Web申し込みについては鹿児島市ホームページをご覧ください。 https://www.city.kagoshima.lg.jp/shigenseisaku/gomi/kate/dashikata/wakekata/sodaigomi.html
462012,kg00503,除湿剤,もやせるごみ,,無料,,
462012,kg00504,除湿剤の容器<プラ製>※水は捨てる,プラ容器類,,無料,,
462012,kg00505,書籍,古紙（雑紙）,,無料,,
462012,kg00506,除草剤,収集・受入しない,,無料,,
462012,kg00507,食器<ガラス製>,もやせないごみ,割れたものは紙に包んで「キケン」と書く,無料,,
462012,kg00508,食器<木・プラ・メラミン製>,もやせるごみ,,無料,,
462012,kg00509,食器<金属製>,金属類,,無料,,
462012,kg00510,食器洗い機、食器乾燥機,金属類,"プラ製のふた自体は「もやせるごみ」
45リットル袋に入れて口が結べなければ粗大ごみ（テープ等で留めることも不可です）
",無料,粗大ごみに該当する場合は粗大ごみの料金に準じる,※粗大ごみの申し込みは099-806-8141（月～金8時30分～17時15分（祝日、12月29日～1月3日を除く））までご連絡ください　Web申し込みについては鹿児島市ホームページをご覧ください。 https://www.city.kagoshima.lg.jp/shigenseisaku/gomi/kate/dashikata/wakekata/sodaigomi.html
462012,kg00511,食器棚,粗大ごみ,,有料,,※粗大ごみの申し込みは099-806-8141（月～金8時30分～17時15分（祝日、12月29日～1月3日を除く））までご連絡ください　Web申し込みについては鹿児島市ホームページをご覧ください。 https://www.city.kagoshima.lg.jp/shigenseisaku/gomi/kate/dashikata/wakekata/sodaigomi.html
462012,kg00512,人工芝,もやせるごみ,,無料,,
462012,kg00513,新聞紙、折込チラシ,古紙（新聞）,,無料,,
462012,kg00514,シーネ,もやせるごみ,ギプス（石膏）は「もやせないごみ」,無料,,
462012,kg00515,充電式電化製品（長さが25cm以内）,小型充電式電池等,,無料,,
462012,kg00516,充電式電化製品（長さが25cm超）,もやせないごみ,"45リットル袋に入れて口が結べなければ粗大ごみ（テープ等で留めることも不可です）
",無料,粗大ごみに該当する場合は粗大ごみの料金に準じる,※粗大ごみの申し込みは099-806-8141（月～金8時30分～17時15分（祝日、12月29日～1月3日を除く））までご連絡ください　Web申し込みについては鹿児島市ホームページをご覧ください。 https://www.city.kagoshima.lg.jp/shigenseisaku/gomi/kate/dashikata/wakekata/sodaigomi.html
462012,kg00517,充電式電化製品（電池が取り外せる）,金属類,"45リットル袋に入れて口が結べなければ粗大ごみ（テープ等で留めることも不可です）
",無料,粗大ごみに該当する場合は粗大ごみの料金に準じる,※粗大ごみの申し込みは099-806-8141（月～金8時30分～17時15分（祝日、12月29日～1月3日を除く））までご連絡ください　Web申し込みについては鹿児島市ホームページをご覧ください。 https://www.city.kagoshima.lg.jp/shigenseisaku/gomi/kate/dashikata/wakekata/sodaigomi.html
462012,kg00518,吸殻※水で湿らせる,もやせるごみ,,無料,,
462012,kg00519,水槽<アクリル・プラ製>,もやせるごみ,"45リットル袋に入れて口が結べなければ粗大ごみ（テープ等で留めることも不可です）
",無料,粗大ごみに該当する場合は粗大ごみの料金に準じる,※粗大ごみの申し込みは099-806-8141（月～金8時30分～17時15分（祝日、12月29日～1月3日を除く））までご連絡ください　Web申し込みについては鹿児島市ホームページをご覧ください。 https://www.city.kagoshima.lg.jp/shigenseisaku/gomi/kate/dashikata/wakekata/sodaigomi.html
462012,kg00520,水槽<ガラス製>,もやせないごみ,"45リットル袋に入れて口が結べなければ粗大ごみ（テープ等で留めることも不可です）
",無料,粗大ごみに該当する場合は粗大ごみの料金に準じる,※粗大ごみの申し込みは099-806-8141（月～金8時30分～17時15分（祝日、12月29日～1月3日を除く））までご連絡ください　Web申し込みについては鹿児島市ホームページをご覧ください。 https://www.city.kagoshima.lg.jp/shigenseisaku/gomi/kate/dashikata/wakekata/sodaigomi.html
462012,kg00521,水槽用エアーポンプ,金属類,"45リットル袋に入れて口が結べなければ粗大ごみ（テープ等で留めることも不可です）
",無料,粗大ごみに該当する場合は粗大ごみの料金に準じる,※粗大ごみの申し込みは099-806-8141（月～金8時30分～17時15分（祝日、12月29日～1月3日を除く））までご連絡ください　Web申し込みについては鹿児島市ホームページをご覧ください。 https://www.city.kagoshima.lg.jp/shigenseisaku/gomi/kate/dashikata/wakekata/sodaigomi.html
462012,kg00522,水槽用クーラー,粗大ごみ,"大きさにかかわらず粗大ごみ

",有料,,※粗大ごみの申し込みは099-806-8141（月～金8時30分～17時15分（祝日、12月29日～1月3日を除く））までご連絡ください　Web申し込みについては鹿児島市ホームページをご覧ください。 https://www.city.kagoshima.lg.jp/shigenseisaku/gomi/kate/dashikata/wakekata/sodaigomi.html。※持ち込み希望の場合は、北部清掃工場へ事前に連絡を（099-238-0211）お願いします。
462012,kg00523,水筒<外側が金属製>,金属類,,無料,,
462012,kg00524,水筒<外側がプラ製>,もやせるごみ,,無料,,
462012,kg00525,炊飯器（ガス）,粗大ごみ,,有料,,※粗大ごみの申し込みは099-806-8141（月～金8時30分～17時15分（祝日、12月29日～1月3日を除く））までご連絡ください　Web申し込みについては鹿児島市ホームページをご覧ください。 https://www.city.kagoshima.lg.jp/shigenseisaku/gomi/kate/dashikata/wakekata/sodaigomi.html
462012,kg00526,炊飯器（電気）,金属類,,無料,,
462012,kg00527,炊飯器の内釜・内フタ,金属類,,無料,,
462012,kg00528,スーツ,衣類,,無料,,
462012,kg00529,スーツケース、トランク<金属製>,金属類,"45リットル袋に入れて口が結べなければ粗大ごみ（テープ等で留めることも不可です）
",無料,粗大ごみに該当する場合は粗大ごみの料金に準じる,※粗大ごみの申し込みは099-806-8141（月～金8時30分～17時15分（祝日、12月29日～1月3日を除く））までご連絡ください　Web申し込みについては鹿児島市ホームページをご覧ください。 https://www.city.kagoshima.lg.jp/shigenseisaku/gomi/kate/dashikata/wakekata/sodaigomi.html
462012,kg00530,スーツケース、トランク<金属製以外>,もやせるごみ,"45リットル袋に入れて口が結べなければ粗大ごみ（テープ等で留めることも不可です）
",無料,粗大ごみに該当する場合は粗大ごみの料金に準じる,※粗大ごみの申し込みは099-806-8141（月～金8時30分～17時15分（祝日、12月29日～1月3日を除く））までご連絡ください　Web申し込みについては鹿児島市ホームページをご覧ください。 https://www.city.kagoshima.lg.jp/shigenseisaku/gomi/kate/dashikata/wakekata/sodaigomi.html
462012,kg00531,スカーフ,もやせるごみ,,無料,,
462012,kg00532,姿見、スタンドミラー（鏡）,もやせないごみ,"45リットル袋に入れて口が結べなければ粗大ごみ（テープ等で留めることも不可です）
",無料,粗大ごみに該当する場合は粗大ごみの料金に準じる,※粗大ごみの申し込みは099-806-8141（月～金8時30分～17時15分（祝日、12月29日～1月3日を除く））までご連絡ください　Web申し込みについては鹿児島市ホームページをご覧ください。 https://www.city.kagoshima.lg.jp/shigenseisaku/gomi/kate/dashikata/wakekata/sodaigomi.html
462012,kg00533,スキー、スノーボードウェア,もやせるごみ,,無料,,
462012,kg00534,スキー、スノーボードの板,もやせるごみ,"45リットル袋に入れて口が結べなければ粗大ごみ（テープ等で留めることも不可です）
",無料,粗大ごみに該当する場合は粗大ごみの料金に準じる,※粗大ごみの申し込みは099-806-8141（月～金8時30分～17時15分（祝日、12月29日～1月3日を除く））までご連絡ください　Web申し込みについては鹿児島市ホームページをご覧ください。 https://www.city.kagoshima.lg.jp/shigenseisaku/gomi/kate/dashikata/wakekata/sodaigomi.html
462012,kg00535,スキー、スノーボード用ブーツ,もやせるごみ,,無料,,
462012,kg00536,スキーキャリア,粗大ごみ,,有料,,※粗大ごみの申し込みは099-806-8141（月～金8時30分～17時15分（祝日、12月29日～1月3日を除く））までご連絡ください　Web申し込みについては鹿児島市ホームページをご覧ください。 https://www.city.kagoshima.lg.jp/shigenseisaku/gomi/kate/dashikata/wakekata/sodaigomi.html
462012,kg00537,スキーストック<カーボン製>,もやせるごみ,"45リットル袋に入れて口が結べなければ粗大ごみ（テープ等で留めることも不可です）
",無料,粗大ごみに該当する場合は粗大ごみの料金に準じる,※粗大ごみの申し込みは099-806-8141（月～金8時30分～17時15分（祝日、12月29日～1月3日を除く））までご連絡ください　Web申し込みについては鹿児島市ホームページをご覧ください。 https://www.city.kagoshima.lg.jp/shigenseisaku/gomi/kate/dashikata/wakekata/sodaigomi.html
462012,kg00538,スキーストック<金属製>,金属類,"45リットル袋に入れて口が結べなければ粗大ごみ（テープ等で留めることも不可です）
",無料,粗大ごみに該当する場合は粗大ごみの料金に準じる,※粗大ごみの申し込みは099-806-8141（月～金8時30分～17時15分（祝日、12月29日～1月3日を除く））までご連絡ください　Web申し込みについては鹿児島市ホームページをご覧ください。 https://www.city.kagoshima.lg.jp/shigenseisaku/gomi/kate/dashikata/wakekata/sodaigomi.html
462012,kg00539,スキーセット,粗大ごみ,,有料,,※粗大ごみの申し込みは099-806-8141（月～金8時30分～17時15分（祝日、12月29日～1月3日を除く））までご連絡ください　Web申し込みについては鹿児島市ホームページをご覧ください。 https://www.city.kagoshima.lg.jp/shigenseisaku/gomi/kate/dashikata/wakekata/sodaigomi.html
462012,kg00540,スキャナー,金属類,"45リットル袋に入れて口が結べなければ粗大ごみ（テープ等で留めることも不可です）
",無料,粗大ごみに該当する場合は粗大ごみの料金に準じる,※粗大ごみの申し込みは099-806-8141（月～金8時30分～17時15分（祝日、12月29日～1月3日を除く））までご連絡ください　Web申し込みについては鹿児島市ホームページをご覧ください。 https://www.city.kagoshima.lg.jp/shigenseisaku/gomi/kate/dashikata/wakekata/sodaigomi.html
462012,kg00541,スケートボード,もやせるごみ,"45リットル袋に入れて口が結べなければ粗大ごみ（テープ等で留めることも不可です）
",無料,粗大ごみに該当する場合は粗大ごみの料金に準じる,※粗大ごみの申し込みは099-806-8141（月～金8時30分～17時15分（祝日、12月29日～1月3日を除く））までご連絡ください　Web申し込みについては鹿児島市ホームページをご覧ください。 https://www.city.kagoshima.lg.jp/shigenseisaku/gomi/kate/dashikata/wakekata/sodaigomi.html
462012,kg00542,スコップ、シャベル,金属類,"45リットル袋に入れて口が結べなければ粗大ごみ（テープ等で留めることも不可です）
",無料,粗大ごみに該当する場合は粗大ごみの料金に準じる,※粗大ごみの申し込みは099-806-8141（月～金8時30分～17時15分（祝日、12月29日～1月3日を除く））までご連絡ください　Web申し込みについては鹿児島市ホームページをご覧ください。 https://www.city.kagoshima.lg.jp/shigenseisaku/gomi/kate/dashikata/wakekata/sodaigomi.html
462012,kg00543,すずり,もやせないごみ,,無料,,
462012,kg00544,すだれ,もやせるごみ,"50cm程度で紐で束ねても可
45リットル袋に入れて口が結べなければ粗大ごみ（テープ等で留めることも不可です）
※粗大ごみは2メートルまで
",無料,粗大ごみに該当する場合は粗大ごみの料金に準じる,※粗大ごみの申し込みは099-806-8141（月～金8時30分～17時15分（祝日、12月29日～1月3日を除く））までご連絡ください　Web申し込みについては鹿児島市ホームページをご覧ください。 https://www.city.kagoshima.lg.jp/shigenseisaku/gomi/kate/dashikata/wakekata/sodaigomi.html
462012,kg00545,ステレオ、ミニコンポ,金属類,"45リットル袋に入れて口が結べなければ粗大ごみ（テープ等で留めることも不可です）
",無料,粗大ごみに該当する場合は粗大ごみの料金に準じる,※粗大ごみの申し込みは099-806-8141（月～金8時30分～17時15分（祝日、12月29日～1月3日を除く））までご連絡ください　Web申し込みについては鹿児島市ホームページをご覧ください。 https://www.city.kagoshima.lg.jp/shigenseisaku/gomi/kate/dashikata/wakekata/sodaigomi.html
462012,kg00546,ステレオセット,粗大ごみ,,有料,,※粗大ごみの申し込みは099-806-8141（月～金8時30分～17時15分（祝日、12月29日～1月3日を除く））までご連絡ください　Web申し込みについては鹿児島市ホームページをご覧ください。 https://www.city.kagoshima.lg.jp/shigenseisaku/gomi/kate/dashikata/wakekata/sodaigomi.html
462012,kg00547,ストーブ<電気>,金属類,"45リットル袋に入れて口が結べなければ粗大ごみ（テープ等で留めることも不可です）
",無料,粗大ごみに該当する場合は粗大ごみの料金に準じる,※粗大ごみの申し込みは099-806-8141（月～金8時30分～17時15分（祝日、12月29日～1月3日を除く））までご連絡ください　Web申し込みについては鹿児島市ホームページをご覧ください。 https://www.city.kagoshima.lg.jp/shigenseisaku/gomi/kate/dashikata/wakekata/sodaigomi.html
462012,kg00548,ストーブ<ガス・石油>,粗大ごみ,"※灯油抜く、乾電池外す
",有料,,※粗大ごみの申し込みは099-806-8141（月～金8時30分～17時15分（祝日、12月29日～1月3日を除く））までご連絡ください　Web申し込みについては鹿児島市ホームページをご覧ください。 https://www.city.kagoshima.lg.jp/shigenseisaku/gomi/kate/dashikata/wakekata/sodaigomi.html
462012,kg00549,ストーマ袋※汚物はトイレに,もやせるごみ,,無料,,
462012,kg00550,ストッキング,もやせるごみ,,無料,,
462012,kg00551,ストロー,もやせるごみ,,無料,,
462012,kg00552,ストローの外袋<プラ製>,プラ容器類,,無料,,
462012,kg00553,ストローの外袋<紙製>,もやせるごみ,"45リットル袋に入れて口が結べなければ粗大ごみ（テープ等で留めることも不可です）
",無料,粗大ごみに該当する場合は粗大ごみの料金に準じる,※粗大ごみの申し込みは099-806-8141（月～金8時30分～17時15分（祝日、12月29日～1月3日を除く））までご連絡ください　Web申し込みについては鹿児島市ホームページをご覧ください。 https://www.city.kagoshima.lg.jp/shigenseisaku/gomi/kate/dashikata/wakekata/sodaigomi.html
462012,kg00554,砂,収集・受入しない,,無料,,
462012,kg00555,スニーカー,もやせるごみ,"45リットル袋に入れて口が結べなければ粗大ごみ（テープ等で留めることも不可です）
",無料,粗大ごみに該当する場合は粗大ごみの料金に準じる,※粗大ごみの申し込みは099-806-8141（月～金8時30分～17時15分（祝日、12月29日～1月3日を除く））までご連絡ください　Web申し込みについては鹿児島市ホームページをご覧ください。 https://www.city.kagoshima.lg.jp/shigenseisaku/gomi/kate/dashikata/wakekata/sodaigomi.html
462012,kg00556,すのこ,もやせるごみ,"45リットル袋に入れて口が結べなければ粗大ごみ（テープ等で留めることも不可です）
",無料,粗大ごみに該当する場合は粗大ごみの料金に準じる,※粗大ごみの申し込みは099-806-8141（月～金8時30分～17時15分（祝日、12月29日～1月3日を除く））までご連絡ください　Web申し込みについては鹿児島市ホームページをご覧ください。 https://www.city.kagoshima.lg.jp/shigenseisaku/gomi/kate/dashikata/wakekata/sodaigomi.html
462012,kg00557,スパイクシューズ,もやせるごみ,,無料,,
462012,kg00558,スパナ,金属類,,無料,,
462012,kg00559,スピーカー<木・プラ製>,金属類,"45リットル袋に入れて口が結べなければ粗大ごみ（テープ等で留めることも不可です）
",無料,粗大ごみに該当する場合は粗大ごみの料金に準じる,※粗大ごみの申し込みは099-806-8141（月～金8時30分～17時15分（祝日、12月29日～1月3日を除く））までご連絡ください　Web申し込みについては鹿児島市ホームページをご覧ください。 https://www.city.kagoshima.lg.jp/shigenseisaku/gomi/kate/dashikata/wakekata/sodaigomi.html
462012,kg00560,スピーカー<金属製>,金属類,"45リットル袋に入れて口が結べなければ粗大ごみ（テープ等で留めることも不可です）
",無料,粗大ごみに該当する場合は粗大ごみの料金に準じる,※粗大ごみの申し込みは099-806-8141（月～金8時30分～17時15分（祝日、12月29日～1月3日を除く））までご連絡ください　Web申し込みについては鹿児島市ホームページをご覧ください。 https://www.city.kagoshima.lg.jp/shigenseisaku/gomi/kate/dashikata/wakekata/sodaigomi.html
462012,kg00561,スプーン<金属製>,金属類,,無料,,
462012,kg00562,スプーン<プラ製>,もやせるごみ,,無料,,
462012,kg00563,スプレー缶（殺虫剤等）,スプレー缶類,,無料,,
462012,kg00564,スプレー缶（制汗剤、ヘアスプレー等）,スプレー缶類,,無料,,
462012,kg00565,すべり台,粗大ごみ,,有料,,※粗大ごみの申し込みは099-806-8141（月～金8時30分～17時15分（祝日、12月29日～1月3日を除く））までご連絡ください　Web申し込みについては鹿児島市ホームページをご覧ください。 https://www.city.kagoshima.lg.jp/shigenseisaku/gomi/kate/dashikata/wakekata/sodaigomi.html
462012,kg00566,ズボン,衣類,,無料,,
462012,kg00567,スポンジ,もやせるごみ,,無料,,
462012,kg00568,ズボンプレッサー,粗大ごみ,,有料,,※粗大ごみの申し込みは099-806-8141（月～金8時30分～17時15分（祝日、12月29日～1月3日を除く））までご連絡ください　Web申し込みについては鹿児島市ホームページをご覧ください。 https://www.city.kagoshima.lg.jp/shigenseisaku/gomi/kate/dashikata/wakekata/sodaigomi.html
462012,kg00569,炭（未使用の木炭）,もやせるごみ,,無料,,
462012,kg00570,炭（もえがら）,もやせないごみ,,無料,,
462012,kg00571,スリッパ,もやせるごみ,,無料,,
462012,kg00572,スリッパ立て<木・プラ製>,もやせるごみ,"45リットル袋に入れて口が結べなければ粗大ごみ（テープ等で留めることも不可です）
",無料,粗大ごみに該当する場合は粗大ごみの料金に準じる,※粗大ごみの申し込みは099-806-8141（月～金8時30分～17時15分（祝日、12月29日～1月3日を除く））までご連絡ください　Web申し込みについては鹿児島市ホームページをご覧ください。 https://www.city.kagoshima.lg.jp/shigenseisaku/gomi/kate/dashikata/wakekata/sodaigomi.html
462012,kg00573,スリッパ立て<金属製>,金属類,"45リットル袋に入れて口が結べなければ粗大ごみ（テープ等で留めることも不可です）
",無料,粗大ごみに該当する場合は粗大ごみの料金に準じる,※粗大ごみの申し込みは099-806-8141（月～金8時30分～17時15分（祝日、12月29日～1月3日を除く））までご連絡ください　Web申し込みについては鹿児島市ホームページをご覧ください。 https://www.city.kagoshima.lg.jp/shigenseisaku/gomi/kate/dashikata/wakekata/sodaigomi.html
462012,kg00574,すりばち<陶器>,もやせないごみ,,無料,,
462012,kg00575,スレート<コンクリート系>,収集・受入しない,,無料,,
462012,kg00576,スロット台,粗大ごみ,"
",有料,,※粗大ごみの申し込みは099-806-8141（月～金8時30分～17時15分（祝日、12月29日～1月3日を除く））までご連絡ください　Web申し込みについては鹿児島市ホームページをご覧ください。 https://www.city.kagoshima.lg.jp/shigenseisaku/gomi/kate/dashikata/wakekata/sodaigomi.html。※持ち込み希望の場合は、北部清掃工場へ事前に連絡を（099-238-0211）お願いします。
462012,kg00577,生花,もやせるごみ,,無料,,
462012,kg00578,制汗剤の容器<プラ製>,プラ容器類,,無料,,
462012,kg00579,製図板,粗大ごみ,"
【調査が必要になる場合があります】",有料,,※粗大ごみの申し込みは099-806-8141（月～金8時30分～17時15分（祝日、12月29日～1月3日を除く））までご連絡ください　Web申し込みについては鹿児島市ホームページをご覧ください。 https://www.city.kagoshima.lg.jp/shigenseisaku/gomi/kate/dashikata/wakekata/sodaigomi.html
462012,kg00580,セーター,衣類,,無料,,
462012,kg00581,石けん,もやせるごみ,,無料,,
462012,kg00582,石けんケース,もやせるごみ,,無料,,
462012,kg00583,石けんの個別包装紙,もやせるごみ,,無料,,
462012,kg00584,石けんの外箱<紙製>,もやせるごみ,,無料,,
462012,kg00585,石膏ボード,もやせないごみ,"45リットル袋に入れて口が結べなければ粗大ごみ（テープ等で留めることも不可です）

",無料,粗大ごみに該当する場合は粗大ごみの料金に準じる,※粗大ごみの申し込みは099-806-8141（月～金8時30分～17時15分（祝日、12月29日～1月3日を除く））までご連絡ください　Web申し込みについては鹿児島市ホームページをご覧ください。 https://www.city.kagoshima.lg.jp/shigenseisaku/gomi/kate/dashikata/wakekata/sodaigomi.html。※持ち込み希望の場合は、北部清掃工場へ事前に連絡を（099-238-0211）お願いします。
462012,kg00586,接着剤（瞬間接着剤等）容器<プラ製>,もやせるごみ,,無料,,
462012,kg00587,接着剤（瞬間接着剤等）容器<金属製>,金属類,,無料,,
462012,kg00588,せともの,もやせないごみ,,無料,,
462012,kg00589,セラミックヒーター,金属類,"45リットル袋に入れて口が結べなければ粗大ごみ（テープ等で留めることも不可です）
",無料,粗大ごみに該当する場合は粗大ごみの料金に準じる,※粗大ごみの申し込みは099-806-8141（月～金8時30分～17時15分（祝日、12月29日～1月3日を除く））までご連絡ください　Web申し込みについては鹿児島市ホームページをご覧ください。 https://www.city.kagoshima.lg.jp/shigenseisaku/gomi/kate/dashikata/wakekata/sodaigomi.html
462012,kg00590,ゼリーの容器,プラ容器類,,無料,,
462012,kg00591,セロハンテープ,もやせるごみ,,無料,,
462012,kg00592,セロハンテープ台,もやせるごみ,中に鉛などが入っているものも含む,無料,,
462012,kg00593,セロハンテープの金具（切る部分）,金属類,,無料,,
462012,kg00594,セロハンテープの芯,古紙（雑紙）,,無料,,
462012,kg00595,線香※灰は「もやせないごみ」,もやせるごみ,,無料,,
462012,kg00596,洗剤に入っている計量カップ,もやせるごみ,,無料,,
462012,kg00597,洗剤の容器<紙製>,もやせるごみ,,無料,,
462012,kg00598,洗剤の容器<プラ製>,プラ容器類,,無料,,
462012,kg00599,洗濯かご<プラ製>,もやせるごみ,"45リットル袋に入れて口が結べなければ粗大ごみ（テープ等で留めることも不可です）
",無料,粗大ごみに該当する場合は粗大ごみの料金に準じる,※粗大ごみの申し込みは099-806-8141（月～金8時30分～17時15分（祝日、12月29日～1月3日を除く））までご連絡ください　Web申し込みについては鹿児島市ホームページをご覧ください。 https://www.city.kagoshima.lg.jp/shigenseisaku/gomi/kate/dashikata/wakekata/sodaigomi.html
462012,kg00600,洗濯ばさみ<金属製>,金属類,,無料,,
462012,kg00601,洗濯ばさみ<プラ製>,もやせるごみ,,無料,,
462012,kg00602,洗濯機,リサイクル家電,市では収集・受け入れしません,無料,,
462012,kg00603,剪定枝,剪定枝,"剪定枝は、ごみステーションに出せません。破砕機を利用して自己処理をしていただくか、処理が難しい場合は、戸別収集を申し込んでください。
※剪定枝戸別収集の申し込みは鹿児島市環境サービス財団（電話：099-268-8888・12/29～1/3までを除く、月～土曜日　8時30分～17時15分）までご連絡ください。",無料,,
462012,kg00604,栓抜き,金属類,,無料,,
462012,kg00605,扇風機,金属類,"45リットル袋に入れて口が結べなければ粗大ごみ（テープ等で留めることも不可です）
",無料,粗大ごみに該当する場合は粗大ごみの料金に準じる,※粗大ごみの申し込みは099-806-8141（月～金8時30分～17時15分（祝日、12月29日～1月3日を除く））までご連絡ください　Web申し込みについては鹿児島市ホームページをご覧ください。 https://www.city.kagoshima.lg.jp/shigenseisaku/gomi/kate/dashikata/wakekata/sodaigomi.html
462012,kg00606,千枚通し,金属類,,無料,,
462012,kg00607,洗面器<プラ製>,もやせるごみ,,無料,,
462012,kg00608,洗面台（自分で外したもの）,粗大ごみ,"
【調査が必要になる場合があります】
",有料,,※粗大ごみの申し込みは099-806-8141（月～金8時30分～17時15分（祝日、12月29日～1月3日を除く））までご連絡ください　Web申し込みについては鹿児島市ホームページをご覧ください。 https://www.city.kagoshima.lg.jp/shigenseisaku/gomi/kate/dashikata/wakekata/sodaigomi.html。※持ち込み希望の場合は、北部清掃工場へ事前に連絡を（099-238-0211）お願いします。
462012,kg00609,扇風機（ハンディファン）（バッテリーが外せないもの）,小型充電式電池等,,無料,,
462012,kg00610,造花,もやせるごみ,針金入りも「もやせるごみ」で統一,無料,,
462012,kg00611,双眼鏡,金属類,,無料,,
462012,kg00612,ぞうきん,もやせるごみ,,無料,,
462012,kg00613,掃除機（充電式）<バッテリー外せる>,金属類,"45リットル袋に入れて口が結べなければ粗大ごみ（テープ等で留めることも不可です）
",無料,粗大ごみに該当する場合は粗大ごみの料金に準じる,※粗大ごみの申し込みは099-806-8141（月～金8時30分～17時15分（祝日、12月29日～1月3日を除く））までご連絡ください　Web申し込みについては鹿児島市ホームページをご覧ください。 https://www.city.kagoshima.lg.jp/shigenseisaku/gomi/kate/dashikata/wakekata/sodaigomi.html
462012,kg00614,掃除機（充電式）<バッテリー外せない>,小型充電式電池等,"45リットル袋に入れて口が結べなければ粗大ごみ（テープ等で留めることも不可です）
",無料,粗大ごみに該当する場合は粗大ごみの料金に準じる,※粗大ごみの申し込みは099-806-8141（月～金8時30分～17時15分（祝日、12月29日～1月3日を除く））までご連絡ください　Web申し込みについては鹿児島市ホームページをご覧ください。 https://www.city.kagoshima.lg.jp/shigenseisaku/gomi/kate/dashikata/wakekata/sodaigomi.html
462012,kg00615,掃除機（電源コード式）,金属類,"45リットル袋に入れて口が結べなければ粗大ごみ（テープ等で留めることも不可です）
",無料,粗大ごみに該当する場合は粗大ごみの料金に準じる,※粗大ごみの申し込みは099-806-8141（月～金8時30分～17時15分（祝日、12月29日～1月3日を除く））までご連絡ください　Web申し込みについては鹿児島市ホームページをご覧ください。 https://www.city.kagoshima.lg.jp/shigenseisaku/gomi/kate/dashikata/wakekata/sodaigomi.html
462012,kg00616,掃除機の紙パック,もやせるごみ,,無料,,
462012,kg00617,ソースの容器,プラ容器類,,無料,,
462012,kg00618,ソーラーパネル,収集・受入しない,,無料,,
462012,kg00619,ソファー,粗大ごみ,,有料,,※粗大ごみの申し込みは099-806-8141（月～金8時30分～17時15分（祝日、12月29日～1月3日を除く））までご連絡ください　Web申し込みについては鹿児島市ホームページをご覧ください。 https://www.city.kagoshima.lg.jp/shigenseisaku/gomi/kate/dashikata/wakekata/sodaigomi.html
462012,kg00620,そろばん,もやせるごみ,,無料,,
462012,kg00621,台<木・プラ製>,もやせるごみ,"45リットル袋に入れて口が結べなければ粗大ごみ（テープ等で留めることも不可です）
",無料,粗大ごみに該当する場合は粗大ごみの料金に準じる,※粗大ごみの申し込みは099-806-8141（月～金8時30分～17時15分（祝日、12月29日～1月3日を除く））までご連絡ください　Web申し込みについては鹿児島市ホームページをご覧ください。 https://www.city.kagoshima.lg.jp/shigenseisaku/gomi/kate/dashikata/wakekata/sodaigomi.html
462012,kg00622,台<金属製>,金属類,"45リットル袋に入れて口が結べなければ粗大ごみ（テープ等で留めることも不可です）
",無料,粗大ごみに該当する場合は粗大ごみの料金に準じる,※粗大ごみの申し込みは099-806-8141（月～金8時30分～17時15分（祝日、12月29日～1月3日を除く））までご連絡ください　Web申し込みについては鹿児島市ホームページをご覧ください。 https://www.city.kagoshima.lg.jp/shigenseisaku/gomi/kate/dashikata/wakekata/sodaigomi.html
462012,kg00623,体温計<水銀式>,※資源政策課等へ持ち込みを,本庁資源政策課、市民相談センター又は各支所総務市民課（谷山支所は総務課）に持ち込んでください。,無料,,
462012,kg00624,体温計<電子式>,金属類,,無料,,
462012,kg00625,体温計<電子式以外>,もやせないごみ,,無料,,
462012,kg00626,体脂肪計,金属類,"45リットル袋に入れて口が結べなければ粗大ごみ（テープ等で留めることも不可です）
",無料,粗大ごみに該当する場合は粗大ごみの料金に準じる,※粗大ごみの申し込みは099-806-8141（月～金8時30分～17時15分（祝日、12月29日～1月3日を除く））までご連絡ください　Web申し込みについては鹿児島市ホームページをご覧ください。 https://www.city.kagoshima.lg.jp/shigenseisaku/gomi/kate/dashikata/wakekata/sodaigomi.html
462012,kg00627,台車<金属製>,金属類,"45リットル袋に入れて口が結べなければ粗大ごみ（テープ等で留めることも不可です）
",無料,粗大ごみに該当する場合は粗大ごみの料金に準じる,※粗大ごみの申し込みは099-806-8141（月～金8時30分～17時15分（祝日、12月29日～1月3日を除く））までご連絡ください　Web申し込みについては鹿児島市ホームページをご覧ください。 https://www.city.kagoshima.lg.jp/shigenseisaku/gomi/kate/dashikata/wakekata/sodaigomi.html
462012,kg00628,台車<プラ製>,もやせるごみ,"45リットル袋に入れて口が結べなければ粗大ごみ（テープ等で留めることも不可です）
",無料,粗大ごみに該当する場合は粗大ごみの料金に準じる,※粗大ごみの申し込みは099-806-8141（月～金8時30分～17時15分（祝日、12月29日～1月3日を除く））までご連絡ください　Web申し込みについては鹿児島市ホームページをご覧ください。 https://www.city.kagoshima.lg.jp/shigenseisaku/gomi/kate/dashikata/wakekata/sodaigomi.html
462012,kg00629,体重計,金属類,材質に関わらない,無料,,
462012,kg00630,タイプライター,金属類,"45リットル袋に入れて口が結べなければ粗大ごみ（テープ等で留めることも不可です）
",無料,粗大ごみに該当する場合は粗大ごみの料金に準じる,※粗大ごみの申し込みは099-806-8141（月～金8時30分～17時15分（祝日、12月29日～1月3日を除く））までご連絡ください　Web申し込みについては鹿児島市ホームページをご覧ください。 https://www.city.kagoshima.lg.jp/shigenseisaku/gomi/kate/dashikata/wakekata/sodaigomi.html
462012,kg00631,タイヤ（車、バイク）,収集・受入しない,,無料,,
462012,kg00632,タイヤ（自転車、一輪車）<ゴムタイヤのみ>,もやせるごみ,"45リットル袋に入れて口が結べなければ粗大ごみ（テープ等で留めることも不可です）
",無料,粗大ごみに該当する場合は粗大ごみの料金に準じる,※粗大ごみの申し込みは099-806-8141（月～金8時30分～17時15分（祝日、12月29日～1月3日を除く））までご連絡ください　Web申し込みについては鹿児島市ホームページをご覧ください。 https://www.city.kagoshima.lg.jp/shigenseisaku/gomi/kate/dashikata/wakekata/sodaigomi.html
462012,kg00633,タイヤ（自転車、一輪車）<金属製リム付き>,金属類,"45リットル袋に入れて口が結べなければ粗大ごみ（テープ等で留めることも不可です）
",無料,粗大ごみに該当する場合は粗大ごみの料金に準じる,※粗大ごみの申し込みは099-806-8141（月～金8時30分～17時15分（祝日、12月29日～1月3日を除く））までご連絡ください　Web申し込みについては鹿児島市ホームページをご覧ください。 https://www.city.kagoshima.lg.jp/shigenseisaku/gomi/kate/dashikata/wakekata/sodaigomi.html
462012,kg00634,タイヤ（自転車、一輪車）<プラ製リム付き>,もやせるごみ,"45リットル袋に入れて口が結べなければ粗大ごみ（テープ等で留めることも不可です）
",無料,粗大ごみに該当する場合は粗大ごみの料金に準じる,※粗大ごみの申し込みは099-806-8141（月～金8時30分～17時15分（祝日、12月29日～1月3日を除く））までご連絡ください　Web申し込みについては鹿児島市ホームページをご覧ください。 https://www.city.kagoshima.lg.jp/shigenseisaku/gomi/kate/dashikata/wakekata/sodaigomi.html
462012,kg00635,タイヤチェーン<金属製>,金属類,"45リットル袋に入れて口が結べなければ粗大ごみ（テープ等で留めることも不可です）
",無料,粗大ごみに該当する場合は粗大ごみの料金に準じる,※粗大ごみの申し込みは099-806-8141（月～金8時30分～17時15分（祝日、12月29日～1月3日を除く））までご連絡ください　Web申し込みについては鹿児島市ホームページをご覧ください。 https://www.city.kagoshima.lg.jp/shigenseisaku/gomi/kate/dashikata/wakekata/sodaigomi.html
462012,kg00636,タイヤチェーン<金属製以外/ゴム製等>,もやせるごみ,"45リットル袋に入れて口が結べなければ粗大ごみ（テープ等で留めることも不可です）
",無料,粗大ごみに該当する場合は粗大ごみの料金に準じる,※粗大ごみの申し込みは099-806-8141（月～金8時30分～17時15分（祝日、12月29日～1月3日を除く））までご連絡ください　Web申し込みについては鹿児島市ホームページをご覧ください。 https://www.city.kagoshima.lg.jp/shigenseisaku/gomi/kate/dashikata/wakekata/sodaigomi.html
462012,kg00637,タイヤチューブ,もやせるごみ,,無料,,
462012,kg00638,太陽光パネル,収集・受入しない,,無料,,
462012,kg00639,太陽熱温水器,収集・受入しない,,無料,,
462012,kg00640,ダイレクトメール等のチラシ,古紙（雑紙）,,無料,,
462012,kg00641,ダイレクトメール等の封筒<ビニール製>,もやせるごみ,"45リットル袋に入れて口が結べなければ粗大ごみ（テープ等で留めることも不可です）
",無料,粗大ごみに該当する場合は粗大ごみの料金に準じる,※粗大ごみの申し込みは099-806-8141（月～金8時30分～17時15分（祝日、12月29日～1月3日を除く））までご連絡ください　Web申し込みについては鹿児島市ホームページをご覧ください。 https://www.city.kagoshima.lg.jp/shigenseisaku/gomi/kate/dashikata/wakekata/sodaigomi.html
462012,kg00642,ダイレクトメール等の封筒<紙製>,古紙（雑紙）,,無料,,
462012,kg00643,タオル,衣類,,無料,,
462012,kg00644,タオルケット,衣類,,無料,,
462012,kg00645,タキロン<.プラ製>,もやせるごみ,"45リットル袋に入れて口が結べなければ粗大ごみ（テープ等で留めることも不可です）

",無料,粗大ごみに該当する場合は粗大ごみの料金に準じる,※粗大ごみの申し込みは099-806-8141（月～金8時30分～17時15分（祝日、12月29日～1月3日を除く））までご連絡ください　Web申し込みについては鹿児島市ホームページをご覧ください。 https://www.city.kagoshima.lg.jp/shigenseisaku/gomi/kate/dashikata/wakekata/sodaigomi.html。※持ち込み希望の場合は、北部清掃工場へ事前に連絡を（099-238-0211）お願いします。
462012,kg00646,卓上コンロ,粗大ごみ,,有料,,※粗大ごみの申し込みは099-806-8141（月～金8時30分～17時15分（祝日、12月29日～1月3日を除く））までご連絡ください　Web申し込みについては鹿児島市ホームページをご覧ください。 https://www.city.kagoshima.lg.jp/shigenseisaku/gomi/kate/dashikata/wakekata/sodaigomi.html
462012,kg00647,卓上コンロ（IH式）,金属類,"45リットル袋に入れて口が結べなければ粗大ごみ（テープ等で留めることも不可です）
",無料,粗大ごみに該当する場合は粗大ごみの料金に準じる,※粗大ごみの申し込みは099-806-8141（月～金8時30分～17時15分（祝日、12月29日～1月3日を除く））までご連絡ください　Web申し込みについては鹿児島市ホームページをご覧ください。 https://www.city.kagoshima.lg.jp/shigenseisaku/gomi/kate/dashikata/wakekata/sodaigomi.html
462012,kg00648,竹製品,もやせるごみ,,無料,,
462012,kg00649,畳,粗大ごみ,"
",有料,,※粗大ごみの申し込みは099-806-8141（月～金8時30分～17時15分（祝日、12月29日～1月3日を除く））までご連絡ください　Web申し込みについては鹿児島市ホームページをご覧ください。 https://www.city.kagoshima.lg.jp/shigenseisaku/gomi/kate/dashikata/wakekata/sodaigomi.html。※持ち込み希望の場合は、北部清掃工場へ事前に連絡を（099-238-0211）お願いします。
462012,kg00650,脱臭剤の中の活性炭,もやせるごみ,,無料,,
462012,kg00651,脱臭剤の容器<プラ製>,プラ容器類,,無料,,
462012,kg00652,棚<金属製>,金属類,"45リットル袋に入れて口が結べなければ粗大ごみ（テープ等で留めることも不可です）
",無料,粗大ごみに該当する場合は粗大ごみの料金に準じる,※粗大ごみの申し込みは099-806-8141（月～金8時30分～17時15分（祝日、12月29日～1月3日を除く））までご連絡ください　Web申し込みについては鹿児島市ホームページをご覧ください。 https://www.city.kagoshima.lg.jp/shigenseisaku/gomi/kate/dashikata/wakekata/sodaigomi.html
462012,kg00653,棚<金属製以外>,もやせるごみ,"45リットル袋に入れて口が結べなければ粗大ごみ（テープ等で留めることも不可です）
",無料,粗大ごみに該当する場合は粗大ごみの料金に準じる,※粗大ごみの申し込みは099-806-8141（月～金8時30分～17時15分（祝日、12月29日～1月3日を除く））までご連絡ください　Web申し込みについては鹿児島市ホームページをご覧ください。 https://www.city.kagoshima.lg.jp/shigenseisaku/gomi/kate/dashikata/wakekata/sodaigomi.html
462012,kg00654,たばこの吸い殻,もやせるごみ,"45リットル袋に入れて口が結べなければ粗大ごみ（テープ等で留めることも不可です）
",無料,粗大ごみに該当する場合は粗大ごみの料金に準じる,※粗大ごみの申し込みは099-806-8141（月～金8時30分～17時15分（祝日、12月29日～1月3日を除く））までご連絡ください　Web申し込みについては鹿児島市ホームページをご覧ください。 https://www.city.kagoshima.lg.jp/shigenseisaku/gomi/kate/dashikata/wakekata/sodaigomi.html
462012,kg00655,たばこの外箱,古紙（雑紙）,,無料,,
462012,kg00656,たばこの中の銀紙,もやせるごみ,"45リットル袋に入れて口が結べなければ粗大ごみ（テープ等で留めることも不可です）
",無料,粗大ごみに該当する場合は粗大ごみの料金に準じる,※粗大ごみの申し込みは099-806-8141（月～金8時30分～17時15分（祝日、12月29日～1月3日を除く））までご連絡ください　Web申し込みについては鹿児島市ホームページをご覧ください。 https://www.city.kagoshima.lg.jp/shigenseisaku/gomi/kate/dashikata/wakekata/sodaigomi.html
462012,kg00657,タブレット等の携帯端末のカバー<皮製、プラ製>,もやせるごみ,"45リットル袋に入れて口が結べなければ粗大ごみ（テープ等で留めることも不可です）
",無料,粗大ごみに該当する場合は粗大ごみの料金に準じる,※粗大ごみの申し込みは099-806-8141（月～金8時30分～17時15分（祝日、12月29日～1月3日を除く））までご連絡ください　Web申し込みについては鹿児島市ホームページをご覧ください。 https://www.city.kagoshima.lg.jp/shigenseisaku/gomi/kate/dashikata/wakekata/sodaigomi.html
462012,kg00658,タブレット等の携帯端末<バッテリー内臓>,もやせないごみ/小型家電,25ｃｍ以内は小型充電式電池等/小型家電,無料,,
462012,kg00659,卵のから,もやせるごみ,,無料,,
462012,kg00660,卵パック<プラ製>,プラ容器類,,無料,,
462012,kg00661,卵パック<紙製>,古紙（雑紙）,,無料,,
462012,kg00662,たらい<木・プラ製>,もやせるごみ,"45リットル袋に入れて口が結べなければ粗大ごみ（テープ等で留めることも不可です）
",無料,粗大ごみに該当する場合は粗大ごみの料金に準じる,※粗大ごみの申し込みは099-806-8141（月～金8時30分～17時15分（祝日、12月29日～1月3日を除く））までご連絡ください　Web申し込みについては鹿児島市ホームページをご覧ください。 https://www.city.kagoshima.lg.jp/shigenseisaku/gomi/kate/dashikata/wakekata/sodaigomi.html
462012,kg00663,たらい<金属製>,金属類,"45リットル袋に入れて口が結べなければ粗大ごみ（テープ等で留めることも不可です）
",無料,粗大ごみに該当する場合は粗大ごみの料金に準じる,※粗大ごみの申し込みは099-806-8141（月～金8時30分～17時15分（祝日、12月29日～1月3日を除く））までご連絡ください　Web申し込みについては鹿児島市ホームページをご覧ください。 https://www.city.kagoshima.lg.jp/shigenseisaku/gomi/kate/dashikata/wakekata/sodaigomi.html
462012,kg00664,たわし<金属製/亀の子たわし>,金属類,,無料,,
462012,kg00665,たわし<プラ製>,もやせるごみ,,無料,,
462012,kg00666,単行本,古紙（雑紙）,,無料,,
462012,kg00667,炭酸ガスカートリッジ,スプレー缶類,,無料,,
462012,kg00668,たんす,粗大ごみ,,有料,,※粗大ごみの申し込みは099-806-8141（月～金8時30分～17時15分（祝日、12月29日～1月3日を除く））までご連絡ください　Web申し込みについては鹿児島市ホームページをご覧ください。 https://www.city.kagoshima.lg.jp/shigenseisaku/gomi/kate/dashikata/wakekata/sodaigomi.html
462012,kg00669,断熱材（ウレタン）,もやせるごみ,"45リットル袋に入れて口が結べなければ粗大ごみ（テープ等で留めることも不可です）

",無料,粗大ごみに該当する場合は粗大ごみの料金に準じる,※粗大ごみの申し込みは099-806-8141（月～金8時30分～17時15分（祝日、12月29日～1月3日を除く））までご連絡ください　Web申し込みについては鹿児島市ホームページをご覧ください。 https://www.city.kagoshima.lg.jp/shigenseisaku/gomi/kate/dashikata/wakekata/sodaigomi.html。※持ち込み希望の場合は、北部清掃工場へ事前に連絡を（099-238-0211）お願いします。
462012,kg00670,断熱材（ロック、グラスウール）,もやせないごみ,"45リットル袋に入れて口が結べなければ粗大ごみ（テープ等で留めることも不可です）

",無料,粗大ごみに該当する場合は粗大ごみの料金に準じる,※粗大ごみの申し込みは099-806-8141（月～金8時30分～17時15分（祝日、12月29日～1月3日を除く））までご連絡ください　Web申し込みについては鹿児島市ホームページをご覧ください。 https://www.city.kagoshima.lg.jp/shigenseisaku/gomi/kate/dashikata/wakekata/sodaigomi.html。※持ち込み希望の場合は、北部清掃工場へ事前に連絡を（099-238-0211）お願いします。
462012,kg00671,ダンベル、バーベル、鉄アレイ<5kg以下>,金属類,"45リットル袋に入れて口が結べなければ粗大ごみ（テープ等で留めることも不可です）
",無料,粗大ごみに該当する場合は粗大ごみの料金に準じる,※粗大ごみの申し込みは099-806-8141（月～金8時30分～17時15分（祝日、12月29日～1月3日を除く））までご連絡ください　Web申し込みについては鹿児島市ホームページをご覧ください。 https://www.city.kagoshima.lg.jp/shigenseisaku/gomi/kate/dashikata/wakekata/sodaigomi.html
462012,kg00672,ダンベル、バーベル、鉄アレイ<5kg超>,粗大ごみ,,有料,,※粗大ごみの申し込みは099-806-8141（月～金8時30分～17時15分（祝日、12月29日～1月3日を除く））までご連絡ください　Web申し込みについては鹿児島市ホームページをご覧ください。 https://www.city.kagoshima.lg.jp/shigenseisaku/gomi/kate/dashikata/wakekata/sodaigomi.html
462012,kg00673,段ボール<アルミコーティングあり>,もやせるごみ,"45リットル袋に入れて口が結べなければ粗大ごみ（テープ等で留めることも不可です）
",無料,粗大ごみに該当する場合は粗大ごみの料金に準じる,※粗大ごみの申し込みは099-806-8141（月～金8時30分～17時15分（祝日、12月29日～1月3日を除く））までご連絡ください　Web申し込みについては鹿児島市ホームページをご覧ください。 https://www.city.kagoshima.lg.jp/shigenseisaku/gomi/kate/dashikata/wakekata/sodaigomi.html
462012,kg00674,段ボール<断面が三層のもの>,古紙（段ボール）,,無料,,
462012,kg00675,チェーンソー,金属類,"45リットル袋に入れて口が結べなければ粗大ごみ（テープ等で留めることも不可です）
",無料,粗大ごみに該当する場合は粗大ごみの料金に準じる,※粗大ごみの申し込みは099-806-8141（月～金8時30分～17時15分（祝日、12月29日～1月3日を除く））までご連絡ください　Web申し込みについては鹿児島市ホームページをご覧ください。 https://www.city.kagoshima.lg.jp/shigenseisaku/gomi/kate/dashikata/wakekata/sodaigomi.html
462012,kg00676,チャイルド（ジュニア）シート,もやせるごみ,"45リットル袋に入れて口が結べなければ粗大ごみ（テープ等で留めることも不可です）
",無料,粗大ごみに該当する場合は粗大ごみの料金に準じる,※粗大ごみの申し込みは099-806-8141（月～金8時30分～17時15分（祝日、12月29日～1月3日を除く））までご連絡ください　Web申し込みについては鹿児島市ホームページをご覧ください。 https://www.city.kagoshima.lg.jp/shigenseisaku/gomi/kate/dashikata/wakekata/sodaigomi.html
462012,kg00677,茶がら,もやせるごみ,,無料,,
462012,kg00678,茶こし<金属製>,金属類,,無料,,
462012,kg00679,茶だんす、水屋,粗大ごみ,,有料,,※粗大ごみの申し込みは099-806-8141（月～金8時30分～17時15分（祝日、12月29日～1月3日を除く））までご連絡ください　Web申し込みについては鹿児島市ホームページをご覧ください。 https://www.city.kagoshima.lg.jp/shigenseisaku/gomi/kate/dashikata/wakekata/sodaigomi.html
462012,kg00680,茶の缶,缶・びん,,無料,,
462012,kg00681,茶箱,粗大ごみ,,有料,,※粗大ごみの申し込みは099-806-8141（月～金8時30分～17時15分（祝日、12月29日～1月3日を除く））までご連絡ください　Web申し込みについては鹿児島市ホームページをご覧ください。 https://www.city.kagoshima.lg.jp/shigenseisaku/gomi/kate/dashikata/wakekata/sodaigomi.html
462012,kg00682,茶碗<陶器>,もやせないごみ,割れたものは紙に包んで「キケン」と書く,無料,,
462012,kg00683,注射器、注射針,収集・受入しない,薬局、医療機関へ,無料,,
462012,kg00684,チューブ容器（調味料、歯磨き粉等）<プラ製>,プラ容器類,,無料,,
462012,kg00685,ちょうちん,もやせるごみ,"45リットル袋に入れて口が結べなければ粗大ごみ（テープ等で留めることも不可です）
",無料,粗大ごみに該当する場合は粗大ごみの料金に準じる,※粗大ごみの申し込みは099-806-8141（月～金8時30分～17時15分（祝日、12月29日～1月3日を除く））までご連絡ください　Web申し込みについては鹿児島市ホームページをご覧ください。 https://www.city.kagoshima.lg.jp/shigenseisaku/gomi/kate/dashikata/wakekata/sodaigomi.html
462012,kg00686,調理くず（生ごみ）,もやせるごみ,,無料,,
462012,kg00687,調理台,粗大ごみ,"
",有料,,※粗大ごみの申し込みは099-806-8141（月～金8時30分～17時15分（祝日、12月29日～1月3日を除く））までご連絡ください　Web申し込みについては鹿児島市ホームページをご覧ください。 https://www.city.kagoshima.lg.jp/shigenseisaku/gomi/kate/dashikata/wakekata/sodaigomi.html。※持ち込み希望の場合は、北部清掃工場へ事前に連絡を（099-238-0211）お願いします。
462012,kg00688,調理道具（おたま、フライ返し、ボウル、ざる）<木・プラ・シリコン製>,もやせるごみ,,無料,,
462012,kg00689,調理道具（おたま、フライ返し、ボウル、ざる）<金属製>,金属類,,無料,,
462012,kg00690,貯金箱<木・プラ製>,もやせるごみ,,無料,,
462012,kg00691,貯金箱<金属製>,金属類,,無料,,
462012,kg00692,貯金箱<陶器>,もやせないごみ,,無料,,
462012,kg00693,貯水タンク,粗大ごみ,"
",有料,,※粗大ごみの申し込みは099-806-8141（月～金8時30分～17時15分（祝日、12月29日～1月3日を除く））までご連絡ください　Web申し込みについては鹿児島市ホームページをご覧ください。 https://www.city.kagoshima.lg.jp/shigenseisaku/gomi/kate/dashikata/wakekata/sodaigomi.html。※持ち込み希望の場合は、北部清掃工場へ事前に連絡を（099-238-0211）お願いします。
462012,kg00694,ちりとり<金属製>,金属類,"45リットル袋に入れて口が結べなければ粗大ごみ（テープ等で留めることも不可です）
",無料,粗大ごみに該当する場合は粗大ごみの料金に準じる,※粗大ごみの申し込みは099-806-8141（月～金8時30分～17時15分（祝日、12月29日～1月3日を除く））までご連絡ください　Web申し込みについては鹿児島市ホームページをご覧ください。 https://www.city.kagoshima.lg.jp/shigenseisaku/gomi/kate/dashikata/wakekata/sodaigomi.html
462012,kg00695,ちりとり<プラ製>,もやせるごみ,"45リットル袋に入れて口が結べなければ粗大ごみ（テープ等で留めることも不可です）
",無料,粗大ごみに該当する場合は粗大ごみの料金に準じる,※粗大ごみの申し込みは099-806-8141（月～金8時30分～17時15分（祝日、12月29日～1月3日を除く））までご連絡ください　Web申し込みについては鹿児島市ホームページをご覧ください。 https://www.city.kagoshima.lg.jp/shigenseisaku/gomi/kate/dashikata/wakekata/sodaigomi.html
462012,kg00696,ついたて、間仕切り、パーテーション,粗大ごみ,,有料,,※粗大ごみの申し込みは099-806-8141（月～金8時30分～17時15分（祝日、12月29日～1月3日を除く））までご連絡ください　Web申し込みについては鹿児島市ホームページをご覧ください。 https://www.city.kagoshima.lg.jp/shigenseisaku/gomi/kate/dashikata/wakekata/sodaigomi.html
462012,kg00697,杖（松葉杖）<木・プラ製>,もやせるごみ,"45リットル袋に入れて口が結べなければ粗大ごみ（テープ等で留めることも不可です）
",無料,粗大ごみに該当する場合は粗大ごみの料金に準じる,※粗大ごみの申し込みは099-806-8141（月～金8時30分～17時15分（祝日、12月29日～1月3日を除く））までご連絡ください　Web申し込みについては鹿児島市ホームページをご覧ください。 https://www.city.kagoshima.lg.jp/shigenseisaku/gomi/kate/dashikata/wakekata/sodaigomi.html
462012,kg00698,杖（松葉杖）<金属製>,金属類,"45リットル袋に入れて口が結べなければ粗大ごみ（テープ等で留めることも不可です）
",無料,粗大ごみに該当する場合は粗大ごみの料金に準じる,※粗大ごみの申し込みは099-806-8141（月～金8時30分～17時15分（祝日、12月29日～1月3日を除く））までご連絡ください　Web申し込みについては鹿児島市ホームページをご覧ください。 https://www.city.kagoshima.lg.jp/shigenseisaku/gomi/kate/dashikata/wakekata/sodaigomi.html
462012,kg00699,杖、ステッキ<木・プラ製>,もやせるごみ,"45リットル袋に入れて口が結べなければ粗大ごみ（テープ等で留めることも不可です）
",無料,粗大ごみに該当する場合は粗大ごみの料金に準じる,※粗大ごみの申し込みは099-806-8141（月～金8時30分～17時15分（祝日、12月29日～1月3日を除く））までご連絡ください　Web申し込みについては鹿児島市ホームページをご覧ください。 https://www.city.kagoshima.lg.jp/shigenseisaku/gomi/kate/dashikata/wakekata/sodaigomi.html
462012,kg00700,杖、ステッキ<金属製>,金属類,袋から出ても収集,無料,,
462012,kg00701,机<学習机、事務机、袖机>,粗大ごみ,"電球外す

",有料,,※粗大ごみの申し込みは099-806-8141（月～金8時30分～17時15分（祝日、12月29日～1月3日を除く））までご連絡ください　Web申し込みについては鹿児島市ホームページをご覧ください。 https://www.city.kagoshima.lg.jp/shigenseisaku/gomi/kate/dashikata/wakekata/sodaigomi.html
462012,kg00702,つけもの石<5kg以下>※市販品のみ,もやせないごみ,"45リットル袋に入れて口が結べなければ粗大ごみ（テープ等で留めることも不可です）
",無料,粗大ごみに該当する場合は粗大ごみの料金に準じる,※粗大ごみの申し込みは099-806-8141（月～金8時30分～17時15分（祝日、12月29日～1月3日を除く））までご連絡ください　Web申し込みについては鹿児島市ホームページをご覧ください。 https://www.city.kagoshima.lg.jp/shigenseisaku/gomi/kate/dashikata/wakekata/sodaigomi.html
462012,kg00703,つけもの石<5kg超>※市販品のみ,粗大ごみ,,有料,,※粗大ごみの申し込みは099-806-8141（月～金8時30分～17時15分（祝日、12月29日～1月3日を除く））までご連絡ください　Web申し込みについては鹿児島市ホームページをご覧ください。 https://www.city.kagoshima.lg.jp/shigenseisaku/gomi/kate/dashikata/wakekata/sodaigomi.html
462012,kg00704,土,収集・受入しない,,無料,,
462012,kg00705,壺<陶器>,もやせないごみ,"45リットル袋に入れて口が結べなければ粗大ごみ（テープ等で留めることも不可です）
",無料,粗大ごみに該当する場合は粗大ごみの料金に準じる,※粗大ごみの申し込みは099-806-8141（月～金8時30分～17時15分（祝日、12月29日～1月3日を除く））までご連絡ください　Web申し込みについては鹿児島市ホームページをご覧ください。 https://www.city.kagoshima.lg.jp/shigenseisaku/gomi/kate/dashikata/wakekata/sodaigomi.html
462012,kg00706,積み木<木・プラ製>,もやせるごみ,,無料,,
462012,kg00707,爪切り,金属類,,無料,,
462012,kg00708,釣り竿,もやせるごみ,"45リットル袋に入れて口が結べなければ粗大ごみ（テープ等で留めることも不可です）
",無料,粗大ごみに該当する場合は粗大ごみの料金に準じる,※粗大ごみの申し込みは099-806-8141（月～金8時30分～17時15分（祝日、12月29日～1月3日を除く））までご連絡ください　Web申し込みについては鹿児島市ホームページをご覧ください。 https://www.city.kagoshima.lg.jp/shigenseisaku/gomi/kate/dashikata/wakekata/sodaigomi.html
462012,kg00709,つるはし,金属類,"45リットル袋に入れて口が結べなければ粗大ごみ（テープ等で留めることも不可です）
",無料,粗大ごみに該当する場合は粗大ごみの料金に準じる,※粗大ごみの申し込みは099-806-8141（月～金8時30分～17時15分（祝日、12月29日～1月3日を除く））までご連絡ください　Web申し込みについては鹿児島市ホームページをご覧ください。 https://www.city.kagoshima.lg.jp/shigenseisaku/gomi/kate/dashikata/wakekata/sodaigomi.html
462012,kg00710,Ｔシャツ,衣類,,無料,,
462012,kg00711,ティーバッグ（お茶、紅茶）,もやせるごみ,,無料,,
462012,kg00712,ＤＶＤ（ケース含む）,もやせるごみ,,無料,,
462012,kg00713,ＤＶＤプレーヤー（ポータブル）,金属類/小型家電,,無料,,
462012,kg00714,ＤＶＤプレーヤー（ポータブル以外）,金属類,"45リットル袋に入れて口が結べなければ粗大ごみ（テープ等で留めることも不可です）
",無料,粗大ごみに該当する場合は粗大ごみの料金に準じる,※粗大ごみの申し込みは099-806-8141（月～金8時30分～17時15分（祝日、12月29日～1月3日を除く））までご連絡ください　Web申し込みについては鹿児島市ホームページをご覧ください。 https://www.city.kagoshima.lg.jp/shigenseisaku/gomi/kate/dashikata/wakekata/sodaigomi.html
462012,kg00715,ティッシュ箱,古紙（雑紙）,,無料,,
462012,kg00716,ティッシュ箱の取出口のフィルム,プラ容器類,,無料,,
462012,kg00717,ティッシュペーパー、ちり紙,もやせるごみ,"45リットル袋に入れて口が結べなければ粗大ごみ（テープ等で留めることも不可です）
",無料,粗大ごみに該当する場合は粗大ごみの料金に準じる,※粗大ごみの申し込みは099-806-8141（月～金8時30分～17時15分（祝日、12月29日～1月3日を除く））までご連絡ください　Web申し込みについては鹿児島市ホームページをご覧ください。 https://www.city.kagoshima.lg.jp/shigenseisaku/gomi/kate/dashikata/wakekata/sodaigomi.html
462012,kg00718,テープ（野菜の結束用テープ）,もやせるごみ,"45リットル袋に入れて口が結べなければ粗大ごみ（テープ等で留めることも不可です）
",無料,粗大ごみに該当する場合は粗大ごみの料金に準じる,※粗大ごみの申し込みは099-806-8141（月～金8時30分～17時15分（祝日、12月29日～1月3日を除く））までご連絡ください　Web申し込みについては鹿児島市ホームページをご覧ください。 https://www.city.kagoshima.lg.jp/shigenseisaku/gomi/kate/dashikata/wakekata/sodaigomi.html
462012,kg00719,テーブル<木・プラ製>,もやせるごみ,"45リットル袋に入れて口が結べなければ粗大ごみ（テープ等で留めることも不可です）
",無料,粗大ごみに該当する場合は粗大ごみの料金に準じる,※粗大ごみの申し込みは099-806-8141（月～金8時30分～17時15分（祝日、12月29日～1月3日を除く））までご連絡ください　Web申し込みについては鹿児島市ホームページをご覧ください。 https://www.city.kagoshima.lg.jp/shigenseisaku/gomi/kate/dashikata/wakekata/sodaigomi.html
462012,kg00720,テーブル<金属製>,金属類,"45リットル袋に入れて口が結べなければ粗大ごみ（テープ等で留めることも不可です）
",無料,粗大ごみに該当する場合は粗大ごみの料金に準じる,※粗大ごみの申し込みは099-806-8141（月～金8時30分～17時15分（祝日、12月29日～1月3日を除く））までご連絡ください　Web申し込みについては鹿児島市ホームページをご覧ください。 https://www.city.kagoshima.lg.jp/shigenseisaku/gomi/kate/dashikata/wakekata/sodaigomi.html
462012,kg00721,テーブル（カウンターテーブル）,粗大ごみ,,有料,,※粗大ごみの申し込みは099-806-8141（月～金8時30分～17時15分（祝日、12月29日～1月3日を除く））までご連絡ください　Web申し込みについては鹿児島市ホームページをご覧ください。 https://www.city.kagoshima.lg.jp/shigenseisaku/gomi/kate/dashikata/wakekata/sodaigomi.html
462012,kg00722,テーブルクロス,もやせるごみ,,無料,,
462012,kg00723,手押し車（シルバーカー）,金属類,"45リットル袋に入れて口が結べなければ粗大ごみ（テープ等で留めることも不可です）
",無料,粗大ごみに該当する場合は粗大ごみの料金に準じる,※粗大ごみの申し込みは099-806-8141（月～金8時30分～17時15分（祝日、12月29日～1月3日を除く））までご連絡ください　Web申し込みについては鹿児島市ホームページをご覧ください。 https://www.city.kagoshima.lg.jp/shigenseisaku/gomi/kate/dashikata/wakekata/sodaigomi.html
462012,kg00724,デスクマット,もやせるごみ,"45リットル袋に入れて口が結べなければ粗大ごみ（テープ等で留めることも不可です）
",無料,粗大ごみに該当する場合は粗大ごみの料金に準じる,※粗大ごみの申し込みは099-806-8141（月～金8時30分～17時15分（祝日、12月29日～1月3日を除く））までご連絡ください　Web申し込みについては鹿児島市ホームページをご覧ください。 https://www.city.kagoshima.lg.jp/shigenseisaku/gomi/kate/dashikata/wakekata/sodaigomi.html
462012,kg00725,手ぬぐい,もやせるごみ,,無料,,
462012,kg00726,手袋,もやせるごみ,,無料,,
462012,kg00727,テレビ,リサイクル家電,市では収集・受け入れしません,無料,,
462012,kg00728,テレビ台,粗大ごみ,"
大きすぎるものは【調査になる場合があります】",有料,,※粗大ごみの申し込みは099-806-8141（月～金8時30分～17時15分（祝日、12月29日～1月3日を除く））までご連絡ください　Web申し込みについては鹿児島市ホームページをご覧ください。 https://www.city.kagoshima.lg.jp/shigenseisaku/gomi/kate/dashikata/wakekata/sodaigomi.html
462012,kg00729,テレビチューナー（ＢＳ用等）,金属類,"45リットル袋に入れて口が結べなければ粗大ごみ（テープ等で留めることも不可です）
",無料,粗大ごみに該当する場合は粗大ごみの料金に準じる,※粗大ごみの申し込みは099-806-8141（月～金8時30分～17時15分（祝日、12月29日～1月3日を除く））までご連絡ください　Web申し込みについては鹿児島市ホームページをご覧ください。 https://www.city.kagoshima.lg.jp/shigenseisaku/gomi/kate/dashikata/wakekata/sodaigomi.html
462012,kg00730,テレホンカード,もやせるごみ,,無料,,
462012,kg00731,電気アンカ,金属類,"45リットル袋に入れて口が結べなければ粗大ごみ（テープ等で留めることも不可です）
",無料,粗大ごみに該当する場合は粗大ごみの料金に準じる,※粗大ごみの申し込みは099-806-8141（月～金8時30分～17時15分（祝日、12月29日～1月3日を除く））までご連絡ください　Web申し込みについては鹿児島市ホームページをご覧ください。 https://www.city.kagoshima.lg.jp/shigenseisaku/gomi/kate/dashikata/wakekata/sodaigomi.html
462012,kg00732,電気カーペット、ホットカーペット,もやせるごみ,"コード付いたままで可

45リットル袋に入れて口が結べなければ粗大ごみ（テープ等で留めることも不可です）
",無料,粗大ごみに該当する場合は粗大ごみの料金に準じる,※粗大ごみの申し込みは099-806-8141（月～金8時30分～17時15分（祝日、12月29日～1月3日を除く））までご連絡ください　Web申し込みについては鹿児島市ホームページをご覧ください。 https://www.city.kagoshima.lg.jp/shigenseisaku/gomi/kate/dashikata/wakekata/sodaigomi.html
462012,kg00733,電気コード、延長コード,金属類/小型家電,,無料,,
462012,kg00734,電気スタンド,金属類,"電球外す
45リットル袋に入れて口が結べなければ粗大ごみ（テープ等で留めることも不可です）
",無料,粗大ごみに該当する場合は粗大ごみの料金に準じる,※粗大ごみの申し込みは099-806-8141（月～金8時30分～17時15分（祝日、12月29日～1月3日を除く））までご連絡ください　Web申し込みについては鹿児島市ホームページをご覧ください。 https://www.city.kagoshima.lg.jp/shigenseisaku/gomi/kate/dashikata/wakekata/sodaigomi.html
462012,kg00735,電気ポット,金属類,"45リットル袋に入れて口が結べなければ粗大ごみ（テープ等で留めることも不可です）
",無料,粗大ごみに該当する場合は粗大ごみの料金に準じる,※粗大ごみの申し込みは099-806-8141（月～金8時30分～17時15分（祝日、12月29日～1月3日を除く））までご連絡ください　Web申し込みについては鹿児島市ホームページをご覧ください。 https://www.city.kagoshima.lg.jp/shigenseisaku/gomi/kate/dashikata/wakekata/sodaigomi.html
462012,kg00736,電気毛布,もやせるごみ,"コード付いたままで可
45リットル袋に入れて口が結べなければ粗大ごみ（テープ等で留めることも不可です）
",無料,粗大ごみに該当する場合は粗大ごみの料金に準じる,※粗大ごみの申し込みは099-806-8141（月～金8時30分～17時15分（祝日、12月29日～1月3日を除く））までご連絡ください　Web申し込みについては鹿児島市ホームページをご覧ください。 https://www.city.kagoshima.lg.jp/shigenseisaku/gomi/kate/dashikata/wakekata/sodaigomi.html
462012,kg00737,電球（LED電球含む）,電球・蛍光灯,,無料,,
462012,kg00738,電工ドラム,金属類,"45リットル袋に入れて口が結べなければ粗大ごみ（テープ等で留めることも不可です）
【調査】
",無料,粗大ごみに該当する場合は粗大ごみの料金に準じる,※粗大ごみの申し込みは099-806-8141（月～金8時30分～17時15分（祝日、12月29日～1月3日を除く））までご連絡ください　Web申し込みについては鹿児島市ホームページをご覧ください。 https://www.city.kagoshima.lg.jp/shigenseisaku/gomi/kate/dashikata/wakekata/sodaigomi.html
462012,kg00739,電子たばこ,小型充電式電池等,本体から取り外し可能なプラ部分は「もやせるごみ」、金属部分は「金属類」,無料,,
462012,kg00740,電子たばこの吸い殻,もやせるごみ,"45リットル袋に入れて口が結べなければ粗大ごみ（テープ等で留めることも不可です）
",無料,粗大ごみに該当する場合は粗大ごみの料金に準じる,※粗大ごみの申し込みは099-806-8141（月～金8時30分～17時15分（祝日、12月29日～1月3日を除く））までご連絡ください　Web申し込みについては鹿児島市ホームページをご覧ください。 https://www.city.kagoshima.lg.jp/shigenseisaku/gomi/kate/dashikata/wakekata/sodaigomi.html
462012,kg00741,電子レンジ（オーブン、オーブンレンジ含む）,粗大ごみ,,有料,,※粗大ごみの申し込みは099-806-8141（月～金8時30分～17時15分（祝日、12月29日～1月3日を除く））までご連絡ください　Web申し込みについては鹿児島市ホームページをご覧ください。 https://www.city.kagoshima.lg.jp/shigenseisaku/gomi/kate/dashikata/wakekata/sodaigomi.html
462012,kg00742,電線ドラム,粗大ごみ,"
【調査が必要になる場合があります】",有料,,※粗大ごみの申し込みは099-806-8141（月～金8時30分～17時15分（祝日、12月29日～1月3日を除く））までご連絡ください　Web申し込みについては鹿児島市ホームページをご覧ください。 https://www.city.kagoshima.lg.jp/shigenseisaku/gomi/kate/dashikata/wakekata/sodaigomi.html
462012,kg00743,天体望遠鏡,金属類,"45リットル袋に入れて口が結べなければ粗大ごみ（テープ等で留めることも不可です）
",無料,粗大ごみに該当する場合は粗大ごみの料金に準じる,※粗大ごみの申し込みは099-806-8141（月～金8時30分～17時15分（祝日、12月29日～1月3日を除く））までご連絡ください　Web申し込みについては鹿児島市ホームページをご覧ください。 https://www.city.kagoshima.lg.jp/shigenseisaku/gomi/kate/dashikata/wakekata/sodaigomi.html
462012,kg00744,電卓,金属類/小型家電,,無料,,
462012,kg00745,電池（ボタン式）,収集・受入しない,"※電器店にて回収
※電器店の回収対象外の電池は、テープ等で絶縁して「もやせないごみ」
　型式記号がCRまたはBRのボタン電池や、ボタン電池回収缶の投入口に入らない電池は対象外です。",無料,,
462012,kg00746,テント,もやせるごみ,"45リットル袋に入れて口が結べなければ粗大ごみ（テープ等で留めることも不可です）
",無料,粗大ごみに該当する場合は粗大ごみの料金に準じる,※粗大ごみの申し込みは099-806-8141（月～金8時30分～17時15分（祝日、12月29日～1月3日を除く））までご連絡ください　Web申し込みについては鹿児島市ホームページをご覧ください。 https://www.city.kagoshima.lg.jp/shigenseisaku/gomi/kate/dashikata/wakekata/sodaigomi.html
462012,kg00747,電動アシスト自転車,粗大ごみ,"バッテリーは販売店、電器店へ
",有料,,※粗大ごみの申し込みは099-806-8141（月～金8時30分～17時15分（祝日、12月29日～1月3日を除く））までご連絡ください　Web申し込みについては鹿児島市ホームページをご覧ください。 https://www.city.kagoshima.lg.jp/shigenseisaku/gomi/kate/dashikata/wakekata/sodaigomi.html
462012,kg00748,電動アシスト自転車の充電器,金属類,"45リットル袋に入れて口が結べなければ粗大ごみ（テープ等で留めることも不可です）
",無料,粗大ごみに該当する場合は粗大ごみの料金に準じる,※粗大ごみの申し込みは099-806-8141（月～金8時30分～17時15分（祝日、12月29日～1月3日を除く））までご連絡ください　Web申し込みについては鹿児島市ホームページをご覧ください。 https://www.city.kagoshima.lg.jp/shigenseisaku/gomi/kate/dashikata/wakekata/sodaigomi.html
462012,kg00749,電動工具,金属類,"45リットル袋に入れて口が結べなければ粗大ごみ（テープ等で留めることも不可です）
",無料,粗大ごみに該当する場合は粗大ごみの料金に準じる,※粗大ごみの申し込みは099-806-8141（月～金8時30分～17時15分（祝日、12月29日～1月3日を除く））までご連絡ください　Web申し込みについては鹿児島市ホームページをご覧ください。 https://www.city.kagoshima.lg.jp/shigenseisaku/gomi/kate/dashikata/wakekata/sodaigomi.html
462012,kg00750,電動歯ブラシ,小型充電式電池等,,無料,,
462012,kg00751,電話機,金属類,,無料,,
462012,kg00752,電話機（コードレス）,金属類,,無料,,
462012,kg00753,電話台,粗大ごみ,,有料,,※粗大ごみの申し込みは099-806-8141（月～金8時30分～17時15分（祝日、12月29日～1月3日を除く））までご連絡ください　Web申し込みについては鹿児島市ホームページをご覧ください。 https://www.city.kagoshima.lg.jp/shigenseisaku/gomi/kate/dashikata/wakekata/sodaigomi.html
462012,kg00754,電話帳,古紙（雑紙）,,無料,,
462012,kg00755,電池（充電式）,小型充電式電池等,※電器店にて回収,無料,,
462012,kg00756,戸,もやせるごみ,"45リットル袋に入れて口が結べなければ粗大ごみ（テープ等で留めることも不可です）

",無料,粗大ごみに該当する場合は粗大ごみの料金に準じる,※粗大ごみの申し込みは099-806-8141（月～金8時30分～17時15分（祝日、12月29日～1月3日を除く））までご連絡ください　Web申し込みについては鹿児島市ホームページをご覧ください。 https://www.city.kagoshima.lg.jp/shigenseisaku/gomi/kate/dashikata/wakekata/sodaigomi.html。※持ち込み希望の場合は、北部清掃工場へ事前に連絡を（099-238-0211）お願いします。
462012,kg00757,砥石（といし）,もやせないごみ,,無料,,
462012,kg00758,トイレ（温水洗浄便座）,金属類,"45リットル袋に入れて口が結べなければ粗大ごみ（テープ等で留めることも不可です）
",無料,粗大ごみに該当する場合は粗大ごみの料金に準じる,※粗大ごみの申し込みは099-806-8141（月～金8時30分～17時15分（祝日、12月29日～1月3日を除く））までご連絡ください　Web申し込みについては鹿児島市ホームページをご覧ください。 https://www.city.kagoshima.lg.jp/shigenseisaku/gomi/kate/dashikata/wakekata/sodaigomi.html
462012,kg00759,トイレ（簡易トイレ）<プラ製>,粗大ごみ,,有料,,※粗大ごみの申し込みは099-806-8141（月～金8時30分～17時15分（祝日、12月29日～1月3日を除く））までご連絡ください　Web申し込みについては鹿児島市ホームページをご覧ください。 https://www.city.kagoshima.lg.jp/shigenseisaku/gomi/kate/dashikata/wakekata/sodaigomi.html
462012,kg00760,トイレ（便座）,もやせるごみ,"45リットル袋に入れて口が結べなければ粗大ごみ（テープ等で留めることも不可です）

",無料,粗大ごみに該当する場合は粗大ごみの料金に準じる,※粗大ごみの申し込みは099-806-8141（月～金8時30分～17時15分（祝日、12月29日～1月3日を除く））までご連絡ください　Web申し込みについては鹿児島市ホームページをご覧ください。 https://www.city.kagoshima.lg.jp/shigenseisaku/gomi/kate/dashikata/wakekata/sodaigomi.html。※持ち込み希望の場合は、北部清掃工場へ事前に連絡を（099-238-0211）お願いします。
462012,kg00761,トイレ（幼児用おまる）,もやせるごみ,,無料,,
462012,kg00762,トイレ（便器）※自分で外したもの,粗大ごみ,"
【調査が必要になる場合があります】",有料,,※粗大ごみの申し込みは099-806-8141（月～金8時30分～17時15分（祝日、12月29日～1月3日を除く））までご連絡ください　Web申し込みについては鹿児島市ホームページをご覧ください。 https://www.city.kagoshima.lg.jp/shigenseisaku/gomi/kate/dashikata/wakekata/sodaigomi.html
462012,kg00763,トイレットペーパー,もやせるごみ,,無料,,
462012,kg00764,トイレットペーパーの芯,もやせるごみ,,無料,,
462012,kg00765,陶磁器製品,もやせないごみ,"45リットル袋に入れて口が結べなければ粗大ごみ（テープ等で留めることも不可です）
",無料,粗大ごみに該当する場合は粗大ごみの料金に準じる,※粗大ごみの申し込みは099-806-8141（月～金8時30分～17時15分（祝日、12月29日～1月3日を除く））までご連絡ください　Web申し込みについては鹿児島市ホームページをご覧ください。 https://www.city.kagoshima.lg.jp/shigenseisaku/gomi/kate/dashikata/wakekata/sodaigomi.html
462012,kg00766,籐製品,もやせるごみ,"45リットル袋に入れて口が結べなければ粗大ごみ（テープ等で留めることも不可です）
",無料,粗大ごみに該当する場合は粗大ごみの料金に準じる,※粗大ごみの申し込みは099-806-8141（月～金8時30分～17時15分（祝日、12月29日～1月3日を除く））までご連絡ください　Web申し込みについては鹿児島市ホームページをご覧ください。 https://www.city.kagoshima.lg.jp/shigenseisaku/gomi/kate/dashikata/wakekata/sodaigomi.html
462012,kg00767,動物の死骸,もやせるごみ,45リットル袋に入れて口が結べなければ、資源政策課099-216-1290へご連絡ください。,無料,,
462012,kg00768,豆腐の容器<プラ製>,プラ容器類,,無料,,
462012,kg00769,豆腐の容器のフタ,プラ容器類,,無料,,
462012,kg00770,トースター,金属類,"45リットル袋に入れて口が結べなければ粗大ごみ（テープ等で留めることも不可です）
",無料,粗大ごみに該当する場合は粗大ごみの料金に準じる,※粗大ごみの申し込みは099-806-8141（月～金8時30分～17時15分（祝日、12月29日～1月3日を除く））までご連絡ください　Web申し込みについては鹿児島市ホームページをご覧ください。 https://www.city.kagoshima.lg.jp/shigenseisaku/gomi/kate/dashikata/wakekata/sodaigomi.html
462012,kg00771,時計※材質に関わらず,金属類,"45リットル袋に入れて口が結べなければ粗大ごみ（テープ等で留めることも不可です）
",無料,粗大ごみに該当する場合は粗大ごみの料金に準じる,※粗大ごみの申し込みは099-806-8141（月～金8時30分～17時15分（祝日、12月29日～1月3日を除く））までご連絡ください　Web申し込みについては鹿児島市ホームページをご覧ください。 https://www.city.kagoshima.lg.jp/shigenseisaku/gomi/kate/dashikata/wakekata/sodaigomi.html
462012,kg00772,トタン・波板<金属製>（屋根等）,金属類,"45リットル袋に入れて口が結べなければ粗大ごみ（テープ等で留めることも不可です）

",無料,粗大ごみに該当する場合は粗大ごみの料金に準じる,※粗大ごみの申し込みは099-806-8141（月～金8時30分～17時15分（祝日、12月29日～1月3日を除く））までご連絡ください　Web申し込みについては鹿児島市ホームページをご覧ください。 https://www.city.kagoshima.lg.jp/shigenseisaku/gomi/kate/dashikata/wakekata/sodaigomi.html。※持ち込み希望の場合は、北部清掃工場へ事前に連絡を（099-238-0211）お願いします。
462012,kg00773,トタン・波板<プラ製/タキロン等>（屋根等）,もやせるごみ,"45リットル袋に入れて口が結べなければ粗大ごみ（テープ等で留めることも不可です）

",無料,粗大ごみに該当する場合は粗大ごみの料金に準じる,※粗大ごみの申し込みは099-806-8141（月～金8時30分～17時15分（祝日、12月29日～1月3日を除く））までご連絡ください　Web申し込みについては鹿児島市ホームページをご覧ください。 https://www.city.kagoshima.lg.jp/shigenseisaku/gomi/kate/dashikata/wakekata/sodaigomi.html。※持ち込み希望の場合は、北部清掃工場へ事前に連絡を（099-238-0211）お願いします。
462012,kg00774,トタン・波板<コンクリート系>（屋根等）,収集・受入しない,,無料,,
462012,kg00775,ドライヤー,金属類,,無料,,
462012,kg00776,ドラム缶,粗大ごみ,,有料,,※粗大ごみの申し込みは099-806-8141（月～金8時30分～17時15分（祝日、12月29日～1月3日を除く））までご連絡ください　Web申し込みについては鹿児島市ホームページをご覧ください。 https://www.city.kagoshima.lg.jp/shigenseisaku/gomi/kate/dashikata/wakekata/sodaigomi.html
462012,kg00777,ドラムセット（楽器）,粗大ごみ,,有料,,※粗大ごみの申し込みは099-806-8141（月～金8時30分～17時15分（祝日、12月29日～1月3日を除く））までご連絡ください　Web申し込みについては鹿児島市ホームページをご覧ください。 https://www.city.kagoshima.lg.jp/shigenseisaku/gomi/kate/dashikata/wakekata/sodaigomi.html
462012,kg00778,トランポリン,粗大ごみ,,有料,,※粗大ごみの申し込みは099-806-8141（月～金8時30分～17時15分（祝日、12月29日～1月3日を除く））までご連絡ください　Web申し込みについては鹿児島市ホームページをご覧ください。 https://www.city.kagoshima.lg.jp/shigenseisaku/gomi/kate/dashikata/wakekata/sodaigomi.html
462012,kg00779,鳥かご<木・プラ製>,もやせるごみ,"45リットル袋に入れて口が結べなければ粗大ごみ（テープ等で留めることも不可です）
",無料,粗大ごみに該当する場合は粗大ごみの料金に準じる,※粗大ごみの申し込みは099-806-8141（月～金8時30分～17時15分（祝日、12月29日～1月3日を除く））までご連絡ください　Web申し込みについては鹿児島市ホームページをご覧ください。 https://www.city.kagoshima.lg.jp/shigenseisaku/gomi/kate/dashikata/wakekata/sodaigomi.html
462012,kg00780,鳥かご<金属製>,金属類,"45リットル袋に入れて口が結べなければ粗大ごみ（テープ等で留めることも不可です）
",無料,粗大ごみに該当する場合は粗大ごみの料金に準じる,※粗大ごみの申し込みは099-806-8141（月～金8時30分～17時15分（祝日、12月29日～1月3日を除く））までご連絡ください　Web申し込みについては鹿児島市ホームページをご覧ください。 https://www.city.kagoshima.lg.jp/shigenseisaku/gomi/kate/dashikata/wakekata/sodaigomi.html
462012,kg00781,塗料,収集・受入しない,,無料,,
462012,kg00782,トレイ（惣菜、肉、魚等）,プラ容器類,,無料,,
462012,kg00783,ドレッサー,粗大ごみ,,有料,,※粗大ごみの申し込みは099-806-8141（月～金8時30分～17時15分（祝日、12月29日～1月3日を除く））までご連絡ください　Web申し込みについては鹿児島市ホームページをご覧ください。 https://www.city.kagoshima.lg.jp/shigenseisaku/gomi/kate/dashikata/wakekata/sodaigomi.html
462012,kg00784,トロフィー<大理石、ガラス製>,もやせないごみ,"45リットル袋に入れて口が結べなければ粗大ごみ（テープ等で留めることも不可です）
",無料,粗大ごみに該当する場合は粗大ごみの料金に準じる,※粗大ごみの申し込みは099-806-8141（月～金8時30分～17時15分（祝日、12月29日～1月3日を除く））までご連絡ください　Web申し込みについては鹿児島市ホームページをご覧ください。 https://www.city.kagoshima.lg.jp/shigenseisaku/gomi/kate/dashikata/wakekata/sodaigomi.html
462012,kg00785,トロフィー<金属製>,金属類,"45リットル袋に入れて口が結べなければ粗大ごみ（テープ等で留めることも不可です）
",無料,粗大ごみに該当する場合は粗大ごみの料金に準じる,※粗大ごみの申し込みは099-806-8141（月～金8時30分～17時15分（祝日、12月29日～1月3日を除く））までご連絡ください　Web申し込みについては鹿児島市ホームページをご覧ください。 https://www.city.kagoshima.lg.jp/shigenseisaku/gomi/kate/dashikata/wakekata/sodaigomi.html
462012,kg00786,トロフィー<プラ製>,もやせるごみ,"45リットル袋に入れて口が結べなければ粗大ごみ（テープ等で留めることも不可です）
",無料,粗大ごみに該当する場合は粗大ごみの料金に準じる,※粗大ごみの申し込みは099-806-8141（月～金8時30分～17時15分（祝日、12月29日～1月3日を除く））までご連絡ください　Web申し込みについては鹿児島市ホームページをご覧ください。 https://www.city.kagoshima.lg.jp/shigenseisaku/gomi/kate/dashikata/wakekata/sodaigomi.html
462012,kg00787,トング<金属製>,金属類,,無料,,
462012,kg00788,トング<プラ製>,もやせるごみ,,無料,,
462012,kg00789,どんぶり<陶器>,もやせないごみ,割れたものは紙に包んで「キケン」と書く,無料,,
462012,kg00790,どんぶり<プラ製>,もやせるごみ,,無料,,
462012,kg00791,ナイフ,金属類,,無料,,
462012,kg00792,苗木用ポット,もやせるごみ,プラマークがあれば「プラスチック容器類」,無料,,
462012,kg00793,長靴<ゴム・革・プラ製>,もやせるごみ,,無料,,
462012,kg00794,流し台（自分で外したもの）,粗大ごみ,"
【調査が必要になります】
",有料,,※粗大ごみの申し込みは099-806-8141（月～金8時30分～17時15分（祝日、12月29日～1月3日を除く））までご連絡ください　Web申し込みについては鹿児島市ホームページをご覧ください。 https://www.city.kagoshima.lg.jp/shigenseisaku/gomi/kate/dashikata/wakekata/sodaigomi.html。※持ち込み希望の場合は、北部清掃工場へ事前に連絡を（099-238-0211）お願いします。
462012,kg00795,納豆の容器<プラ製>,プラ容器類,,無料,,
462012,kg00796,納豆の容器<紙・わら製>,もやせるごみ,,無料,,
462012,kg00797,なべ<陶器/土鍋等>,もやせないごみ,,無料,,
462012,kg00798,なべ<アルミはく、インスタント食品等>,金属類,,無料,,
462012,kg00799,なべ<ホーロー・スチール・アルミ・真鍮製>,金属類,,無料,,
462012,kg00800,生ごみ処理機器<プラ製>,もやせるごみ,"45リットル袋に入れて口が結べなければ粗大ごみ（テープ等で留めることも不可です）
",無料,粗大ごみに該当する場合は粗大ごみの料金に準じる,※粗大ごみの申し込みは099-806-8141（月～金8時30分～17時15分（祝日、12月29日～1月3日を除く））までご連絡ください　Web申し込みについては鹿児島市ホームページをご覧ください。 https://www.city.kagoshima.lg.jp/shigenseisaku/gomi/kate/dashikata/wakekata/sodaigomi.html
462012,kg00801,生ごみ処理機器<電気式>,金属類,"45リットル袋に入れて口が結べなければ粗大ごみ（テープ等で留めることも不可です）
",無料,粗大ごみに該当する場合は粗大ごみの料金に準じる,※粗大ごみの申し込みは099-806-8141（月～金8時30分～17時15分（祝日、12月29日～1月3日を除く））までご連絡ください　Web申し込みについては鹿児島市ホームページをご覧ください。 https://www.city.kagoshima.lg.jp/shigenseisaku/gomi/kate/dashikata/wakekata/sodaigomi.html
462012,kg00802,生理用ナプキン,もやせるごみ,色付きのナイロン袋や紙袋などを内袋として、外から見えないようにして出して大丈夫です,無料,,
462012,kg00803,日用品のふた・キャップ<プラ製>※プラマークがあるもの,プラ容器類,,無料,,
462012,kg00804,乳酸飲料容器,プラ容器類,,無料,,
462012,kg00805,乳酸飲料容器のふた（アルミ）,金属類,,無料,,
462012,kg00806,人形,もやせるごみ,"45リットル袋に入れて口が結べなければ粗大ごみ（テープ等で留めることも不可です）
",無料,粗大ごみに該当する場合は粗大ごみの料金に準じる,※粗大ごみの申し込みは099-806-8141（月～金8時30分～17時15分（祝日、12月29日～1月3日を除く））までご連絡ください　Web申し込みについては鹿児島市ホームページをご覧ください。 https://www.city.kagoshima.lg.jp/shigenseisaku/gomi/kate/dashikata/wakekata/sodaigomi.html
462012,kg00807,人形ケース<アクリル・プラ製>,もやせるごみ,"45リットル袋に入れて口が結べなければ粗大ごみ（テープ等で留めることも不可です）
",無料,粗大ごみに該当する場合は粗大ごみの料金に準じる,※粗大ごみの申し込みは099-806-8141（月～金8時30分～17時15分（祝日、12月29日～1月3日を除く））までご連絡ください　Web申し込みについては鹿児島市ホームページをご覧ください。 https://www.city.kagoshima.lg.jp/shigenseisaku/gomi/kate/dashikata/wakekata/sodaigomi.html
462012,kg00808,人形ケース<ガラス製>,もやせないごみ,"45リットル袋に入れて口が結べなければ粗大ごみ（テープ等で留めることも不可です）
",無料,粗大ごみに該当する場合は粗大ごみの料金に準じる,※粗大ごみの申し込みは099-806-8141（月～金8時30分～17時15分（祝日、12月29日～1月3日を除く））までご連絡ください　Web申し込みについては鹿児島市ホームページをご覧ください。 https://www.city.kagoshima.lg.jp/shigenseisaku/gomi/kate/dashikata/wakekata/sodaigomi.html
462012,kg00809,ニカド電池,小型充電式電池等,,無料,,
462012,kg00810,ニッケル水素電池,小型充電式電池等,,無料,,
462012,kg00811,ぬいぐるみ,もやせるごみ,"45リットル袋に入れて口が結べなければ粗大ごみ（テープ等で留めることも不可です）
",無料,粗大ごみに該当する場合は粗大ごみの料金に準じる,※粗大ごみの申し込みは099-806-8141（月～金8時30分～17時15分（祝日、12月29日～1月3日を除く））までご連絡ください　Web申し込みについては鹿児島市ホームページをご覧ください。 https://www.city.kagoshima.lg.jp/shigenseisaku/gomi/kate/dashikata/wakekata/sodaigomi.html
462012,kg00812,布類、布くず,もやせるごみ,,無料,,
462012,kg00813,ネクタイ,衣類,,無料,,
462012,kg00814,寝ござ,もやせるごみ,"45リットル袋に入れて口が結べなければ粗大ごみ（テープ等で留めることも不可です）
",無料,粗大ごみに該当する場合は粗大ごみの料金に準じる,※粗大ごみの申し込みは099-806-8141（月～金8時30分～17時15分（祝日、12月29日～1月3日を除く））までご連絡ください　Web申し込みについては鹿児島市ホームページをご覧ください。 https://www.city.kagoshima.lg.jp/shigenseisaku/gomi/kate/dashikata/wakekata/sodaigomi.html
462012,kg00815,ネジ<金属製>,金属類,,無料,,
462012,kg00816,ネジ<木製>,もやせるごみ,,無料,,
462012,kg00817,ネット（みかん等果物が入っていたもの）,プラ容器類,,無料,,
462012,kg00818,寝袋,もやせるごみ,,無料,,
462012,kg00819,粘着シート,もやせるごみ,"45リットル袋に入れて口が結べなければ粗大ごみ（テープ等で留めることも不可です）
",無料,粗大ごみに該当する場合は粗大ごみの料金に準じる,※粗大ごみの申し込みは099-806-8141（月～金8時30分～17時15分（祝日、12月29日～1月3日を除く））までご連絡ください　Web申し込みについては鹿児島市ホームページをご覧ください。 https://www.city.kagoshima.lg.jp/shigenseisaku/gomi/kate/dashikata/wakekata/sodaigomi.html
462012,kg00820,粘土,もやせないごみ,,無料,,
462012,kg00821,農機具,収集・受入しない,,無料,,
462012,kg00822,農薬,収集・受入しない,,無料,,
462012,kg00823,ノート,古紙（雑紙）,,無料,,
462012,kg00824,のこぎり,金属類,"45リットル袋に入れて口が結べなければ粗大ごみ（テープ等で留めることも不可です）
",無料,粗大ごみに該当する場合は粗大ごみの料金に準じる,※粗大ごみの申し込みは099-806-8141（月～金8時30分～17時15分（祝日、12月29日～1月3日を除く））までご連絡ください　Web申し込みについては鹿児島市ホームページをご覧ください。 https://www.city.kagoshima.lg.jp/shigenseisaku/gomi/kate/dashikata/wakekata/sodaigomi.html
462012,kg00825,バーベキューセット,金属類,"45リットル袋に入れて口が結べなければ粗大ごみ（テープ等で留めることも不可です）
",無料,粗大ごみに該当する場合は粗大ごみの料金に準じる,※粗大ごみの申し込みは099-806-8141（月～金8時30分～17時15分（祝日、12月29日～1月3日を除く））までご連絡ください　Web申し込みについては鹿児島市ホームページをご覧ください。 https://www.city.kagoshima.lg.jp/shigenseisaku/gomi/kate/dashikata/wakekata/sodaigomi.html
462012,kg00826,ハーモニカ<金属製>,金属類,,無料,,
462012,kg00827,ハーモニカ<プラ製>,もやせるごみ,,無料,,
462012,kg00828,灰（線香、たばこ）,もやせないごみ,,無料,,
462012,kg00829,バイク、オートバイ（50ｃｃ超、原付、軽二輪、小型二輪）,収集・受入しない,,無料,,
462012,kg00830,バイク、オートバイ（50cc未満）,粗大ごみ,"廃車手続きをしてから
バッテリー外す、燃料抜く
※できるだけ販売店へ
",有料,,※粗大ごみの申し込みは099-806-8141（月～金8時30分～17時15分（祝日、12月29日～1月3日を除く））までご連絡ください　Web申し込みについては鹿児島市ホームページをご覧ください。 https://www.city.kagoshima.lg.jp/shigenseisaku/gomi/kate/dashikata/wakekata/sodaigomi.html
462012,kg00831,灰皿<陶器、ガラス製>,もやせないごみ,"割れたものは紙に包んで「キケン」と書く
45リットル袋に入れて口が結べなければ粗大ごみ（テープ等で留めることも不可です）
",無料,粗大ごみに該当する場合は粗大ごみの料金に準じる,※粗大ごみの申し込みは099-806-8141（月～金8時30分～17時15分（祝日、12月29日～1月3日を除く））までご連絡ください　Web申し込みについては鹿児島市ホームページをご覧ください。 https://www.city.kagoshima.lg.jp/shigenseisaku/gomi/kate/dashikata/wakekata/sodaigomi.html
462012,kg00832,灰皿<プラ製>,もやせるごみ,"45リットル袋に入れて口が結べなければ粗大ごみ（テープ等で留めることも不可です）
",無料,粗大ごみに該当する場合は粗大ごみの料金に準じる,※粗大ごみの申し込みは099-806-8141（月～金8時30分～17時15分（祝日、12月29日～1月3日を除く））までご連絡ください　Web申し込みについては鹿児島市ホームページをご覧ください。 https://www.city.kagoshima.lg.jp/shigenseisaku/gomi/kate/dashikata/wakekata/sodaigomi.html
462012,kg00833,灰皿<金属製>,金属類,"45リットル袋に入れて口が結べなければ粗大ごみ（テープ等で留めることも不可です）
",無料,粗大ごみに該当する場合は粗大ごみの料金に準じる,※粗大ごみの申し込みは099-806-8141（月～金8時30分～17時15分（祝日、12月29日～1月3日を除く））までご連絡ください　Web申し込みについては鹿児島市ホームページをご覧ください。 https://www.city.kagoshima.lg.jp/shigenseisaku/gomi/kate/dashikata/wakekata/sodaigomi.html
462012,kg00834,パイプ（車庫・園芸用）,粗大ごみ,"
",有料,,※粗大ごみの申し込みは099-806-8141（月～金8時30分～17時15分（祝日、12月29日～1月3日を除く））までご連絡ください　Web申し込みについては鹿児島市ホームページをご覧ください。 https://www.city.kagoshima.lg.jp/shigenseisaku/gomi/kate/dashikata/wakekata/sodaigomi.html。※持ち込み希望の場合は、北部清掃工場へ事前に連絡を（099-238-0211）お願いします。
462012,kg00835,廃油（鉱油等）,収集・受入しない,少量であれば布等に染み込ませて「もやせるごみ」,無料,,
462012,kg00836,バインダー,もやせるごみ,,無料,,
462012,kg00837,ハガキ,古紙（雑紙）,,無料,,
462012,kg00838,はかり<プラ製>,もやせるごみ,"45リットル袋に入れて口が結べなければ粗大ごみ（テープ等で留めることも不可です）
",無料,粗大ごみに該当する場合は粗大ごみの料金に準じる,※粗大ごみの申し込みは099-806-8141（月～金8時30分～17時15分（祝日、12月29日～1月3日を除く））までご連絡ください　Web申し込みについては鹿児島市ホームページをご覧ください。 https://www.city.kagoshima.lg.jp/shigenseisaku/gomi/kate/dashikata/wakekata/sodaigomi.html
462012,kg00839,はかり<デジタル式/金属製>,金属類,"45リットル袋に入れて口が結べなければ粗大ごみ（テープ等で留めることも不可です）
",無料,粗大ごみに該当する場合は粗大ごみの料金に準じる,※粗大ごみの申し込みは099-806-8141（月～金8時30分～17時15分（祝日、12月29日～1月3日を除く））までご連絡ください　Web申し込みについては鹿児島市ホームページをご覧ください。 https://www.city.kagoshima.lg.jp/shigenseisaku/gomi/kate/dashikata/wakekata/sodaigomi.html
462012,kg00840,はぎれ,もやせるごみ,,無料,,
462012,kg00841,バケツ<金属製>,金属類,"45リットル袋に入れて口が結べなければ粗大ごみ（テープ等で留めることも不可です）
",無料,粗大ごみに該当する場合は粗大ごみの料金に準じる,※粗大ごみの申し込みは099-806-8141（月～金8時30分～17時15分（祝日、12月29日～1月3日を除く））までご連絡ください　Web申し込みについては鹿児島市ホームページをご覧ください。 https://www.city.kagoshima.lg.jp/shigenseisaku/gomi/kate/dashikata/wakekata/sodaigomi.html
462012,kg00842,バケツ<プラ製>,もやせるごみ,"45リットル袋に入れて口が結べなければ粗大ごみ（テープ等で留めることも不可です）
",無料,粗大ごみに該当する場合は粗大ごみの料金に準じる,※粗大ごみの申し込みは099-806-8141（月～金8時30分～17時15分（祝日、12月29日～1月3日を除く））までご連絡ください　Web申し込みについては鹿児島市ホームページをご覧ください。 https://www.city.kagoshima.lg.jp/shigenseisaku/gomi/kate/dashikata/wakekata/sodaigomi.html
462012,kg00843,箱<木・プラ製>,もやせるごみ,"45リットル袋に入れて口が結べなければ粗大ごみ（テープ等で留めることも不可です）
",無料,粗大ごみに該当する場合は粗大ごみの料金に準じる,※粗大ごみの申し込みは099-806-8141（月～金8時30分～17時15分（祝日、12月29日～1月3日を除く））までご連絡ください　Web申し込みについては鹿児島市ホームページをご覧ください。 https://www.city.kagoshima.lg.jp/shigenseisaku/gomi/kate/dashikata/wakekata/sodaigomi.html
462012,kg00844,箱<金属製>,金属類,"45リットル袋に入れて口が結べなければ粗大ごみ（テープ等で留めることも不可です）
",無料,粗大ごみに該当する場合は粗大ごみの料金に準じる,※粗大ごみの申し込みは099-806-8141（月～金8時30分～17時15分（祝日、12月29日～1月3日を除く））までご連絡ください　Web申し込みについては鹿児島市ホームページをご覧ください。 https://www.city.kagoshima.lg.jp/shigenseisaku/gomi/kate/dashikata/wakekata/sodaigomi.html
462012,kg00845,箱<紙製>,古紙（雑紙）,,無料,,
462012,kg00846,はさみ（剪定用）,金属類,"45リットル袋に入れて口が結べなければ粗大ごみ（テープ等で留めることも不可です）
",無料,粗大ごみに該当する場合は粗大ごみの料金に準じる,※粗大ごみの申し込みは099-806-8141（月～金8時30分～17時15分（祝日、12月29日～1月3日を除く））までご連絡ください　Web申し込みについては鹿児島市ホームページをご覧ください。 https://www.city.kagoshima.lg.jp/shigenseisaku/gomi/kate/dashikata/wakekata/sodaigomi.html
462012,kg00847,はさみ（文房具、工芸用）,金属類,,無料,,
462012,kg00848,箸、割り箸,もやせるごみ,,無料,,
462012,kg00849,はしご,粗大ごみ,,有料,,※粗大ごみの申し込みは099-806-8141（月～金8時30分～17時15分（祝日、12月29日～1月3日を除く））までご連絡ください　Web申し込みについては鹿児島市ホームページをご覧ください。 https://www.city.kagoshima.lg.jp/shigenseisaku/gomi/kate/dashikata/wakekata/sodaigomi.html
462012,kg00850,バスケットゴール,粗大ごみ,,有料,,※粗大ごみの申し込みは099-806-8141（月～金8時30分～17時15分（祝日、12月29日～1月3日を除く））までご連絡ください　Web申し込みについては鹿児島市ホームページをご覧ください。 https://www.city.kagoshima.lg.jp/shigenseisaku/gomi/kate/dashikata/wakekata/sodaigomi.html
462012,kg00851,バスタオル,衣類,,無料,,
462012,kg00852,パソコン（デスクトップ/ブラウン管式>,粗大ごみ,"PCリサイクルマーク有はメーカーに回収依頼
",有料,,※粗大ごみの申し込みは099-806-8141（月～金8時30分～17時15分（祝日、12月29日～1月3日を除く））までご連絡ください　Web申し込みについては鹿児島市ホームページをご覧ください。 https://www.city.kagoshima.lg.jp/shigenseisaku/gomi/kate/dashikata/wakekata/sodaigomi.html
462012,kg00853,パソコン（デスクトップ/ブラウン管以外、液晶等）,金属類,PCリサイクルマーク有はメーカーに回収依頼,無料,,
462012,kg00854,パソコン（ノート型）,金属類/小型家電,PCリサイクルマーク有はメーカーに回収依頼,無料,,
462012,kg00855,パソコンのキーボード,金属類,,無料,,
462012,kg00856,パソコンの外付ハードディスク,金属類/小型家電,,無料,,
462012,kg00857,パソコンのマウス,金属類,,無料,,
462012,kg00858,パソコンのマウスパッド,もやせるごみ,,無料,,
462012,kg00859,パソコンのルーター,金属類,,無料,,
462012,kg00860,パソコンモニター<ブラウン管式>,粗大ごみ,"PCリサイクルマーク有はメーカーに回収依頼
",有料,,※粗大ごみの申し込みは099-806-8141（月～金8時30分～17時15分（祝日、12月29日～1月3日を除く））までご連絡ください　Web申し込みについては鹿児島市ホームページをご覧ください。 https://www.city.kagoshima.lg.jp/shigenseisaku/gomi/kate/dashikata/wakekata/sodaigomi.html
462012,kg00861,パソコンモニター<ブラウン管以外/液晶等>,金属類,PCリサイクルマーク有はメーカーに回収依頼,無料,,
462012,kg00862,パソコンラック,粗大ごみ,,有料,,※粗大ごみの申し込みは099-806-8141（月～金8時30分～17時15分（祝日、12月29日～1月3日を除く））までご連絡ください　Web申し込みについては鹿児島市ホームページをご覧ください。 https://www.city.kagoshima.lg.jp/shigenseisaku/gomi/kate/dashikata/wakekata/sodaigomi.html
462012,kg00863,発煙筒,収集・受入しない,販売元、カーショップ（オートバックス等）に相談,無料,,
462012,kg00864,バッテリー（車、バイク）,収集・受入しない,※交換の場合は販売店に相談してください,無料,,
462012,kg00865,バッテリー（電化製品等の充電池/車・ﾊﾞｲｸを除く）,小型充電式電池等,※スリーアローマークがある場合は電器店等にて回収,無料,,
462012,kg00866,発電機<燃料使用するもの>,粗大ごみ,"袋に入っても「粗大ごみ」です
",有料,,※粗大ごみの申し込みは099-806-8141（月～金8時30分～17時15分（祝日、12月29日～1月3日を除く））までご連絡ください　Web申し込みについては鹿児島市ホームページをご覧ください。 https://www.city.kagoshima.lg.jp/shigenseisaku/gomi/kate/dashikata/wakekata/sodaigomi.html
462012,kg00867,発電機<燃料使用しないもの>,金属類,"45リットル袋に入れて口が結べなければ粗大ごみ（テープ等で留めることも不可です）
",無料,粗大ごみに該当する場合は粗大ごみの料金に準じる,※粗大ごみの申し込みは099-806-8141（月～金8時30分～17時15分（祝日、12月29日～1月3日を除く））までご連絡ください　Web申し込みについては鹿児島市ホームページをご覧ください。 https://www.city.kagoshima.lg.jp/shigenseisaku/gomi/kate/dashikata/wakekata/sodaigomi.html
462012,kg00868,バット<木・プラ製>,もやせるごみ,"45リットル袋に入れて口が結べなければ粗大ごみ（テープ等で留めることも不可です）
",無料,粗大ごみに該当する場合は粗大ごみの料金に準じる,※粗大ごみの申し込みは099-806-8141（月～金8時30分～17時15分（祝日、12月29日～1月3日を除く））までご連絡ください　Web申し込みについては鹿児島市ホームページをご覧ください。 https://www.city.kagoshima.lg.jp/shigenseisaku/gomi/kate/dashikata/wakekata/sodaigomi.html
462012,kg00869,バット<金属製>,金属類,袋から出ても収集,無料,,
462012,kg00870,発泡スチロール,プラ容器類,,無料,,
462012,kg00871,バドミントンシャトル,もやせるごみ,,無料,,
462012,kg00872,バドミントンネット,もやせるごみ,"45リットル袋に入れて口が結べなければ粗大ごみ（テープ等で留めることも不可です）
",無料,粗大ごみに該当する場合は粗大ごみの料金に準じる,※粗大ごみの申し込みは099-806-8141（月～金8時30分～17時15分（祝日、12月29日～1月3日を除く））までご連絡ください　Web申し込みについては鹿児島市ホームページをご覧ください。 https://www.city.kagoshima.lg.jp/shigenseisaku/gomi/kate/dashikata/wakekata/sodaigomi.html
462012,kg00873,花台、フラワースタンド<金属製>,金属類,"45リットル袋に入れて口が結べなければ粗大ごみ（テープ等で留めることも不可です）
",無料,粗大ごみに該当する場合は粗大ごみの料金に準じる,※粗大ごみの申し込みは099-806-8141（月～金8時30分～17時15分（祝日、12月29日～1月3日を除く））までご連絡ください　Web申し込みについては鹿児島市ホームページをご覧ください。 https://www.city.kagoshima.lg.jp/shigenseisaku/gomi/kate/dashikata/wakekata/sodaigomi.html
462012,kg00874,花台、フラワースタンド<木・プラ製>,もやせるごみ,"45リットル袋に入れて口が結べなければ粗大ごみ（テープ等で留めることも不可です）
",無料,粗大ごみに該当する場合は粗大ごみの料金に準じる,※粗大ごみの申し込みは099-806-8141（月～金8時30分～17時15分（祝日、12月29日～1月3日を除く））までご連絡ください　Web申し込みについては鹿児島市ホームページをご覧ください。 https://www.city.kagoshima.lg.jp/shigenseisaku/gomi/kate/dashikata/wakekata/sodaigomi.html
462012,kg00875,花火,もやせるごみ,水で湿らせる,無料,,
462012,kg00876,花火の中台紙,古紙（雑紙）,,無料,,
462012,kg00877,パネルヒーター,金属類,"45リットル袋に入れて口が結べなければ粗大ごみ（テープ等で留めることも不可です）
",無料,粗大ごみに該当する場合は粗大ごみの料金に準じる,※粗大ごみの申し込みは099-806-8141（月～金8時30分～17時15分（祝日、12月29日～1月3日を除く））までご連絡ください　Web申し込みについては鹿児島市ホームページをご覧ください。 https://www.city.kagoshima.lg.jp/shigenseisaku/gomi/kate/dashikata/wakekata/sodaigomi.html
462012,kg00878,歯ブラシ,もやせるごみ,,無料,,
462012,kg00879,歯ブラシの外包装（紙部分）,もやせるごみ,,無料,,
462012,kg00880,歯ブラシの外包装（プラ部分）,プラ容器類,,無料,,
462012,kg00881,パラソル,粗大ごみ,,有料,,※粗大ごみの申し込みは099-806-8141（月～金8時30分～17時15分（祝日、12月29日～1月3日を除く））までご連絡ください　Web申し込みについては鹿児島市ホームページをご覧ください。 https://www.city.kagoshima.lg.jp/shigenseisaku/gomi/kate/dashikata/wakekata/sodaigomi.html
462012,kg00882,針,金属類,,無料,,
462012,kg00883,針金,金属類,,無料,,
462012,kg00884,バリカン<充電式>,小型充電式電池等,,無料,,
462012,kg00885,バリカン<電気コード・電池式>,金属類,電池は外す,無料,,
462012,kg00886,ハロゲンヒーター,金属類,"45リットル袋に入れて口が結べなければ粗大ごみ（テープ等で留めることも不可です）
",無料,粗大ごみに該当する場合は粗大ごみの料金に準じる,※粗大ごみの申し込みは099-806-8141（月～金8時30分～17時15分（祝日、12月29日～1月3日を除く））までご連絡ください　Web申し込みについては鹿児島市ホームページをご覧ください。 https://www.city.kagoshima.lg.jp/shigenseisaku/gomi/kate/dashikata/wakekata/sodaigomi.html
462012,kg00887,ハンガー<プラ製>,もやせるごみ,"フックが金属製、本体がプラ製も「もやせるごみ」
プラマークがあれば「プラ容器類」",無料,,
462012,kg00888,ハンガー<金属製/針金ハンガー>,金属類,,無料,,
462012,kg00889,ハンガーラック、パイプハンガー、衣紋掛け<木・プラ製>,もやせるごみ,"45リットル袋に入れて口が結べなければ粗大ごみ（テープ等で留めることも不可です）
",無料,粗大ごみに該当する場合は粗大ごみの料金に準じる,※粗大ごみの申し込みは099-806-8141（月～金8時30分～17時15分（祝日、12月29日～1月3日を除く））までご連絡ください　Web申し込みについては鹿児島市ホームページをご覧ください。 https://www.city.kagoshima.lg.jp/shigenseisaku/gomi/kate/dashikata/wakekata/sodaigomi.html
462012,kg00890,ハンガーラック、パイプハンガー、衣紋掛け<金属製>,金属類,"45リットル袋に入れて口が結べなければ粗大ごみ（テープ等で留めることも不可です）
",無料,粗大ごみに該当する場合は粗大ごみの料金に準じる,※粗大ごみの申し込みは099-806-8141（月～金8時30分～17時15分（祝日、12月29日～1月3日を除く））までご連絡ください　Web申し込みについては鹿児島市ホームページをご覧ください。 https://www.city.kagoshima.lg.jp/shigenseisaku/gomi/kate/dashikata/wakekata/sodaigomi.html
462012,kg00891,ハンカチ,衣類,,無料,,
462012,kg00892,ハンググライダー,粗大ごみ,,有料,,※粗大ごみの申し込みは099-806-8141（月～金8時30分～17時15分（祝日、12月29日～1月3日を除く））までご連絡ください　Web申し込みについては鹿児島市ホームページをご覧ください。 https://www.city.kagoshima.lg.jp/shigenseisaku/gomi/kate/dashikata/wakekata/sodaigomi.html
462012,kg00893,半紙,もやせるごみ,,無料,,
462012,kg00894,はんてん,もやせるごみ,"45リットル袋に入れて口が結べなければ粗大ごみ（テープ等で留めることも不可です）
",無料,粗大ごみに該当する場合は粗大ごみの料金に準じる,※粗大ごみの申し込みは099-806-8141（月～金8時30分～17時15分（祝日、12月29日～1月3日を除く））までご連絡ください　Web申し込みについては鹿児島市ホームページをご覧ください。 https://www.city.kagoshima.lg.jp/shigenseisaku/gomi/kate/dashikata/wakekata/sodaigomi.html
462012,kg00895,ハンドミキサー,金属類,,無料,,
462012,kg00896,パン袋,プラ容器類,,無料,,
462012,kg00897,パンフレット,古紙（雑紙）,,無料,,
462012,kg00898,ハンモック,もやせるごみ,"45リットル袋に入れて口が結べなければ粗大ごみ（テープ等で留めることも不可です）
",無料,粗大ごみに該当する場合は粗大ごみの料金に準じる,※粗大ごみの申し込みは099-806-8141（月～金8時30分～17時15分（祝日、12月29日～1月3日を除く））までご連絡ください　Web申し込みについては鹿児島市ホームページをご覧ください。 https://www.city.kagoshima.lg.jp/shigenseisaku/gomi/kate/dashikata/wakekata/sodaigomi.html
462012,kg00899,ハーバリウム,もやせないごみ,中身はそのままでも可,無料,,
462012,kg00900,ピアノ,収集・受入しない,,無料,,
462012,kg00901,ヒーター（電気式/暖房器具）,金属類,"灯油使用は「ファンヒーター」参照
45リットル袋に入れて口が結べなければ粗大ごみ（テープ等で留めることも不可です）
",無料,粗大ごみに該当する場合は粗大ごみの料金に準じる,※粗大ごみの申し込みは099-806-8141（月～金8時30分～17時15分（祝日、12月29日～1月3日を除く））までご連絡ください　Web申し込みについては鹿児島市ホームページをご覧ください。 https://www.city.kagoshima.lg.jp/shigenseisaku/gomi/kate/dashikata/wakekata/sodaigomi.html
462012,kg00902,PPバンド、結束バンド,もやせるごみ,,無料,,
462012,kg00903,ビールケース,もやせるごみ,"※できるだけ酒屋、販売店へ
45リットル袋に入れて口が結べなければ粗大ごみ（テープ等で留めることも不可です）
",無料,粗大ごみに該当する場合は粗大ごみの料金に準じる,※粗大ごみの申し込みは099-806-8141（月～金8時30分～17時15分（祝日、12月29日～1月3日を除く））までご連絡ください　Web申し込みについては鹿児島市ホームページをご覧ください。 https://www.city.kagoshima.lg.jp/shigenseisaku/gomi/kate/dashikata/wakekata/sodaigomi.html
462012,kg00904,ビールびん,缶・びん,,無料,,
462012,kg00905,ビールびんのフタ,金属類,,無料,,
462012,kg00906,美顔器,金属類,"45リットル袋に入れて口が結べなければ粗大ごみ（テープ等で留めることも不可です）
",無料,粗大ごみに該当する場合は粗大ごみの料金に準じる,※粗大ごみの申し込みは099-806-8141（月～金8時30分～17時15分（祝日、12月29日～1月3日を除く））までご連絡ください　Web申し込みについては鹿児島市ホームページをご覧ください。 https://www.city.kagoshima.lg.jp/shigenseisaku/gomi/kate/dashikata/wakekata/sodaigomi.html
462012,kg00907,引き出し<木・プラ製>,もやせるごみ,"45リットル袋に入れて口が結べなければ粗大ごみ（テープ等で留めることも不可です）
",無料,粗大ごみに該当する場合は粗大ごみの料金に準じる,※粗大ごみの申し込みは099-806-8141（月～金8時30分～17時15分（祝日、12月29日～1月3日を除く））までご連絡ください　Web申し込みについては鹿児島市ホームページをご覧ください。 https://www.city.kagoshima.lg.jp/shigenseisaku/gomi/kate/dashikata/wakekata/sodaigomi.html
462012,kg00908,引き出し<金属製>,金属類,"45リットル袋に入れて口が結べなければ粗大ごみ（テープ等で留めることも不可です）
",無料,粗大ごみに該当する場合は粗大ごみの料金に準じる,※粗大ごみの申し込みは099-806-8141（月～金8時30分～17時15分（祝日、12月29日～1月3日を除く））までご連絡ください　Web申し込みについては鹿児島市ホームページをご覧ください。 https://www.city.kagoshima.lg.jp/shigenseisaku/gomi/kate/dashikata/wakekata/sodaigomi.html
462012,kg00909,ひげそり・かみそり（使い捨て）<本体が金属製>,金属類,,無料,,
462012,kg00910,ひげそり・かみそり（使い捨て）<本体がプラ製>,もやせるごみ,,無料,,
462012,kg00911,ひげそり・シェーバー（電気式）<バッテリー外せる>,金属類,,無料,,
462012,kg00912,ひげそり・シェーバー（電気式）<バッテリー外せない>,小型充電式電池等,,無料,,
462012,kg00913,筆記用具（鉛筆、ペン等）<軸が木、プラ>,もやせるごみ,,無料,,
462012,kg00914,筆記用具（鉛筆、ペン等）<軸が金属>,金属類,,無料,,
462012,kg00915,ビデオカメラ,金属類/小型家電,,無料,,
462012,kg00916,ビデオテープ（ケースも含む）,もやせるごみ,,無料,,
462012,kg00917,ビデオデッキ,金属類,"45リットル袋に入れて口が結べなければ粗大ごみ（テープ等で留めることも不可です）
",無料,粗大ごみに該当する場合は粗大ごみの料金に準じる,※粗大ごみの申し込みは099-806-8141（月～金8時30分～17時15分（祝日、12月29日～1月3日を除く））までご連絡ください　Web申し込みについては鹿児島市ホームページをご覧ください。 https://www.city.kagoshima.lg.jp/shigenseisaku/gomi/kate/dashikata/wakekata/sodaigomi.html
462012,kg00918,ビニールカバー,もやせるごみ,"45リットル袋に入れて口が結べなければ粗大ごみ（テープ等で留めることも不可です）
",無料,粗大ごみに該当する場合は粗大ごみの料金に準じる,※粗大ごみの申し込みは099-806-8141（月～金8時30分～17時15分（祝日、12月29日～1月3日を除く））までご連絡ください　Web申し込みについては鹿児島市ホームページをご覧ください。 https://www.city.kagoshima.lg.jp/shigenseisaku/gomi/kate/dashikata/wakekata/sodaigomi.html
462012,kg00919,ビニールシート,もやせるごみ,"45リットル袋に入れて口が結べなければ粗大ごみ（テープ等で留めることも不可です）
",無料,粗大ごみに該当する場合は粗大ごみの料金に準じる,※粗大ごみの申し込みは099-806-8141（月～金8時30分～17時15分（祝日、12月29日～1月3日を除く））までご連絡ください　Web申し込みについては鹿児島市ホームページをご覧ください。 https://www.city.kagoshima.lg.jp/shigenseisaku/gomi/kate/dashikata/wakekata/sodaigomi.html
462012,kg00920,ビニール袋<市販品>,もやせるごみ,"45リットル袋に入れて口が結べなければ粗大ごみ（テープ等で留めることも不可です）
",無料,粗大ごみに該当する場合は粗大ごみの料金に準じる,※粗大ごみの申し込みは099-806-8141（月～金8時30分～17時15分（祝日、12月29日～1月3日を除く））までご連絡ください　Web申し込みについては鹿児島市ホームページをご覧ください。 https://www.city.kagoshima.lg.jp/shigenseisaku/gomi/kate/dashikata/wakekata/sodaigomi.html
462012,kg00921,火鉢,もやせないごみ,"45リットル袋に入れて口が結べなければ粗大ごみ（テープ等で留めることも不可です）
",無料,粗大ごみに該当する場合は粗大ごみの料金に準じる,※粗大ごみの申し込みは099-806-8141（月～金8時30分～17時15分（祝日、12月29日～1月3日を除く））までご連絡ください　Web申し込みについては鹿児島市ホームページをご覧ください。 https://www.city.kagoshima.lg.jp/shigenseisaku/gomi/kate/dashikata/wakekata/sodaigomi.html
462012,kg00922,肥料（市販品）,もやせるごみ,たい肥は収集・受入しない,無料,,
462012,kg00923,肥料袋,もやせるごみ,,無料,,
462012,kg00924,びん（飲料・食品）のふた・キャップ<金属製>,金属類,,無料,,
462012,kg00925,びん（飲料・食品）のふた・キャップ<プラ製>,プラ容器類,,無料,,
462012,kg00926,びん（牛乳）のふた<紙製>,もやせるごみ,,無料,,
462012,kg00927,びん（食べ物・飲み物）,缶・びん,,無料,,
462012,kg00928,びん（食べ物・飲み物以外）,もやせないごみ,"45リットル袋に入れて口が結べなければ粗大ごみ（テープ等で留めることも不可です）
",無料,粗大ごみに該当する場合は粗大ごみの料金に準じる,※粗大ごみの申し込みは099-806-8141（月～金8時30分～17時15分（祝日、12月29日～1月3日を除く））までご連絡ください　Web申し込みについては鹿児島市ホームページをご覧ください。 https://www.city.kagoshima.lg.jp/shigenseisaku/gomi/kate/dashikata/wakekata/sodaigomi.html
462012,kg00929,便せん,古紙（雑紙）,,無料,,
462012,kg00930,ビー玉,もやせないごみ,,無料,,
462012,kg00931,ファイル<プラ製>,もやせるごみ,,無料,,
462012,kg00932,ファイル<紙製>,古紙（雑紙）,,無料,,
462012,kg00933,ファックシミリ,金属類,,無料,,
462012,kg00934,ファンヒーター（ガス、石油）,粗大ごみ,"石油は抜く
",有料,,※粗大ごみの申し込みは099-806-8141（月～金8時30分～17時15分（祝日、12月29日～1月3日を除く））までご連絡ください　Web申し込みについては鹿児島市ホームページをご覧ください。 https://www.city.kagoshima.lg.jp/shigenseisaku/gomi/kate/dashikata/wakekata/sodaigomi.html
462012,kg00935,フィルム（写真）の外ケース,プラ容器類,,無料,,
462012,kg00936,封筒,古紙（雑紙）,,無料,,
462012,kg00937,フェンス、柵,金属類,"45リットル袋に入れて口が結べなければ粗大ごみ（テープ等で留めることも不可です）

",無料,粗大ごみに該当する場合は粗大ごみの料金に準じる,※粗大ごみの申し込みは099-806-8141（月～金8時30分～17時15分（祝日、12月29日～1月3日を除く））までご連絡ください　Web申し込みについては鹿児島市ホームページをご覧ください。 https://www.city.kagoshima.lg.jp/shigenseisaku/gomi/kate/dashikata/wakekata/sodaigomi.html。※持ち込み希望の場合は、北部清掃工場へ事前に連絡を（099-238-0211）お願いします。
462012,kg00938,フォーク<金属製>,金属類,,無料,,
462012,kg00939,袋（商品の入っていたビニール袋）,プラ容器類,,無料,,
462012,kg00940,ふすま,もやせるごみ,"45リットル袋に入れて口が結べなければ粗大ごみ（テープ等で留めることも不可です）

",無料,粗大ごみに該当する場合は粗大ごみの料金に準じる,※粗大ごみの申し込みは099-806-8141（月～金8時30分～17時15分（祝日、12月29日～1月3日を除く））までご連絡ください　Web申し込みについては鹿児島市ホームページをご覧ください。 https://www.city.kagoshima.lg.jp/shigenseisaku/gomi/kate/dashikata/wakekata/sodaigomi.html。※持ち込み希望の場合は、北部清掃工場へ事前に連絡を（099-238-0211）お願いします。
462012,kg00941,ブックスタンド<金属製>,金属類,"45リットル袋に入れて口が結べなければ粗大ごみ（テープ等で留めることも不可です）
",無料,粗大ごみに該当する場合は粗大ごみの料金に準じる,※粗大ごみの申し込みは099-806-8141（月～金8時30分～17時15分（祝日、12月29日～1月3日を除く））までご連絡ください　Web申し込みについては鹿児島市ホームページをご覧ください。 https://www.city.kagoshima.lg.jp/shigenseisaku/gomi/kate/dashikata/wakekata/sodaigomi.html
462012,kg00942,ブックスタンド<プラ製>,もやせるごみ,"45リットル袋に入れて口が結べなければ粗大ごみ（テープ等で留めることも不可です）
",無料,粗大ごみに該当する場合は粗大ごみの料金に準じる,※粗大ごみの申し込みは099-806-8141（月～金8時30分～17時15分（祝日、12月29日～1月3日を除く））までご連絡ください　Web申し込みについては鹿児島市ホームページをご覧ください。 https://www.city.kagoshima.lg.jp/shigenseisaku/gomi/kate/dashikata/wakekata/sodaigomi.html
462012,kg00943,仏壇,収集しない,持ち込みは可（粗大ごみ）,無料,,
462012,kg00944,布団,もやせるごみ,"45リットル袋に入れて口が結べなければ粗大ごみ（テープ等で留めることも不可です）
",無料,粗大ごみに該当する場合は粗大ごみの料金に準じる,※粗大ごみの申し込みは099-806-8141（月～金8時30分～17時15分（祝日、12月29日～1月3日を除く））までご連絡ください　Web申し込みについては鹿児島市ホームページをご覧ください。 https://www.city.kagoshima.lg.jp/shigenseisaku/gomi/kate/dashikata/wakekata/sodaigomi.html
462012,kg00945,布団カバー,衣類,,無料,,
462012,kg00946,布団乾燥機,金属類,"45リットル袋に入れて口が結べなければ粗大ごみ（テープ等で留めることも不可です）
",無料,粗大ごみに該当する場合は粗大ごみの料金に準じる,※粗大ごみの申し込みは099-806-8141（月～金8時30分～17時15分（祝日、12月29日～1月3日を除く））までご連絡ください　Web申し込みについては鹿児島市ホームページをご覧ください。 https://www.city.kagoshima.lg.jp/shigenseisaku/gomi/kate/dashikata/wakekata/sodaigomi.html
462012,kg00947,布団干し,粗大ごみ,,有料,,※粗大ごみの申し込みは099-806-8141（月～金8時30分～17時15分（祝日、12月29日～1月3日を除く））までご連絡ください　Web申し込みについては鹿児島市ホームページをご覧ください。 https://www.city.kagoshima.lg.jp/shigenseisaku/gomi/kate/dashikata/wakekata/sodaigomi.html
462012,kg00948,フライパン,金属類,,無料,,
462012,kg00949,ブラインド<木・プラ製>,もやせるごみ,"45リットル袋に入れて口が結べなければ粗大ごみ（テープ等で留めることも不可です）
",無料,粗大ごみに該当する場合は粗大ごみの料金に準じる,※粗大ごみの申し込みは099-806-8141（月～金8時30分～17時15分（祝日、12月29日～1月3日を除く））までご連絡ください　Web申し込みについては鹿児島市ホームページをご覧ください。 https://www.city.kagoshima.lg.jp/shigenseisaku/gomi/kate/dashikata/wakekata/sodaigomi.html
462012,kg00950,ブラインド<金属製>,金属類,"45リットル袋に入れて口が結べなければ粗大ごみ（テープ等で留めることも不可です）
",無料,粗大ごみに該当する場合は粗大ごみの料金に準じる,※粗大ごみの申し込みは099-806-8141（月～金8時30分～17時15分（祝日、12月29日～1月3日を除く））までご連絡ください　Web申し込みについては鹿児島市ホームページをご覧ください。 https://www.city.kagoshima.lg.jp/shigenseisaku/gomi/kate/dashikata/wakekata/sodaigomi.html
462012,kg00951,ブラシ<プラ製>,もやせるごみ,"45リットル袋に入れて口が結べなければ粗大ごみ（テープ等で留めることも不可です）
",無料,粗大ごみに該当する場合は粗大ごみの料金に準じる,※粗大ごみの申し込みは099-806-8141（月～金8時30分～17時15分（祝日、12月29日～1月3日を除く））までご連絡ください　Web申し込みについては鹿児島市ホームページをご覧ください。 https://www.city.kagoshima.lg.jp/shigenseisaku/gomi/kate/dashikata/wakekata/sodaigomi.html
462012,kg00952,プラ製気泡緩衝材,プラ容器類,,無料,,
462012,kg00953,プラ製保存容器（タッパー等）,もやせるごみ,,無料,,
462012,kg00954,プラモデル<金属製>,金属類,"45リットル袋に入れて口が結べなければ粗大ごみ（テープ等で留めることも不可です）
",無料,粗大ごみに該当する場合は粗大ごみの料金に準じる,※粗大ごみの申し込みは099-806-8141（月～金8時30分～17時15分（祝日、12月29日～1月3日を除く））までご連絡ください　Web申し込みについては鹿児島市ホームページをご覧ください。 https://www.city.kagoshima.lg.jp/shigenseisaku/gomi/kate/dashikata/wakekata/sodaigomi.html
462012,kg00955,プラモデル<プラ製>,もやせるごみ,"45リットル袋に入れて口が結べなければ粗大ごみ（テープ等で留めることも不可です）
",無料,粗大ごみに該当する場合は粗大ごみの料金に準じる,※粗大ごみの申し込みは099-806-8141（月～金8時30分～17時15分（祝日、12月29日～1月3日を除く））までご連絡ください　Web申し込みについては鹿児島市ホームページをご覧ください。 https://www.city.kagoshima.lg.jp/shigenseisaku/gomi/kate/dashikata/wakekata/sodaigomi.html
462012,kg00956,ブランコ,粗大ごみ,"
【調査が必要になる場合があります】",有料,,※粗大ごみの申し込みは099-806-8141（月～金8時30分～17時15分（祝日、12月29日～1月3日を除く））までご連絡ください　Web申し込みについては鹿児島市ホームページをご覧ください。 https://www.city.kagoshima.lg.jp/shigenseisaku/gomi/kate/dashikata/wakekata/sodaigomi.html
462012,kg00957,フリーペーパー（冊子）,古紙（雑紙）,,無料,,
462012,kg00958,フリーペーパー（新聞タイプ）,古紙（新聞）,,無料,,
462012,kg00959,プリンター,金属類,"45リットル袋に入れて口が結べなければ粗大ごみ（テープ等で留めることも不可です）
",無料,粗大ごみに該当する場合は粗大ごみの料金に準じる,※粗大ごみの申し込みは099-806-8141（月～金8時30分～17時15分（祝日、12月29日～1月3日を除く））までご連絡ください　Web申し込みについては鹿児島市ホームページをご覧ください。 https://www.city.kagoshima.lg.jp/shigenseisaku/gomi/kate/dashikata/wakekata/sodaigomi.html
462012,kg00960,プリンのフタ<プラ製>,プラ容器類,,無料,,
462012,kg00961,プリンの容器,プラ容器類,,無料,,
462012,kg00962,ブルーレイディスク,もやせるごみ,,無料,,
462012,kg00963,ブルーレイプレーヤー,金属類/小型家電,"45リットル袋に入れて口が結べなければ粗大ごみ（テープ等で留めることも不可です）
",無料,粗大ごみに該当する場合は粗大ごみの料金に準じる,※粗大ごみの申し込みは099-806-8141（月～金8時30分～17時15分（祝日、12月29日～1月3日を除く））までご連絡ください　Web申し込みについては鹿児島市ホームページをご覧ください。 https://www.city.kagoshima.lg.jp/shigenseisaku/gomi/kate/dashikata/wakekata/sodaigomi.html
462012,kg00964,風呂桶（手桶）<木・プラ製>,もやせるごみ,,無料,,
462012,kg00965,風呂釜※自分で外したもの,粗大ごみ,"
",有料,,※粗大ごみの申し込みは099-806-8141（月～金8時30分～17時15分（祝日、12月29日～1月3日を除く））までご連絡ください　Web申し込みについては鹿児島市ホームページをご覧ください。 https://www.city.kagoshima.lg.jp/shigenseisaku/gomi/kate/dashikata/wakekata/sodaigomi.html。※持ち込み希望の場合は、北部清掃工場へ事前に連絡を（099-238-0211）お願いします。
462012,kg00966,プロジェクションテレビ<42型以下>,粗大ごみ,"【調査になる場合があります】
",有料,,※粗大ごみの申し込みは099-806-8141（月～金8時30分～17時15分（祝日、12月29日～1月3日を除く））までご連絡ください　Web申し込みについては鹿児島市ホームページをご覧ください。 https://www.city.kagoshima.lg.jp/shigenseisaku/gomi/kate/dashikata/wakekata/sodaigomi.html。※持ち込み希望の場合は、北部清掃工場へ事前に連絡を（099-238-0211）お願いします。
462012,kg00967,プロジェクションテレビ<42型超>,粗大ごみ,"
【調査になる場合があります】
",有料,,※粗大ごみの申し込みは099-806-8141（月～金8時30分～17時15分（祝日、12月29日～1月3日を除く））までご連絡ください　Web申し込みについては鹿児島市ホームページをご覧ください。 https://www.city.kagoshima.lg.jp/shigenseisaku/gomi/kate/dashikata/wakekata/sodaigomi.html。※持ち込み希望の場合は、北部清掃工場へ事前に連絡を（099-238-0211）お願いします。
462012,kg00968,プロジェクター（映写機）,金属類,"45リットル袋に入れて口が結べなければ粗大ごみ（テープ等で留めることも不可です）
",無料,粗大ごみに該当する場合は粗大ごみの料金に準じる,※粗大ごみの申し込みは099-806-8141（月～金8時30分～17時15分（祝日、12月29日～1月3日を除く））までご連絡ください　Web申し込みについては鹿児島市ホームページをご覧ください。 https://www.city.kagoshima.lg.jp/shigenseisaku/gomi/kate/dashikata/wakekata/sodaigomi.html
462012,kg00969,ブロック,収集・受入しない,,無料,,
462012,kg00970,フロッピーディスク（ケース含む）,もやせるごみ,,無料,,
462012,kg00971,風呂のいす<木・プラ製>,もやせるごみ,"45リットル袋に入れて口が結べなければ粗大ごみ（テープ等で留めることも不可です）
",無料,粗大ごみに該当する場合は粗大ごみの料金に準じる,※粗大ごみの申し込みは099-806-8141（月～金8時30分～17時15分（祝日、12月29日～1月3日を除く））までご連絡ください　Web申し込みについては鹿児島市ホームページをご覧ください。 https://www.city.kagoshima.lg.jp/shigenseisaku/gomi/kate/dashikata/wakekata/sodaigomi.html
462012,kg00972,プロパンボンベ,収集・受入しない,,無料,,
462012,kg00973,風呂ぶた,もやせるごみ,"45リットル袋に入れて口が結べなければ粗大ごみ（テープ等で留めることも不可です）
",無料,粗大ごみに該当する場合は粗大ごみの料金に準じる,※粗大ごみの申し込みは099-806-8141（月～金8時30分～17時15分（祝日、12月29日～1月3日を除く））までご連絡ください　Web申し込みについては鹿児島市ホームページをご覧ください。 https://www.city.kagoshima.lg.jp/shigenseisaku/gomi/kate/dashikata/wakekata/sodaigomi.html
462012,kg00974,文房具<木・プラ製>,もやせるごみ,,無料,,
462012,kg00975,文房具<金属製>,金属類,,無料,,
462012,kg00976,噴霧器,金属類,"45リットル袋に入れて口が結べなければ粗大ごみ（テープ等で留めることも不可です）
",無料,粗大ごみに該当する場合は粗大ごみの料金に準じる,※粗大ごみの申し込みは099-806-8141（月～金8時30分～17時15分（祝日、12月29日～1月3日を除く））までご連絡ください　Web申し込みについては鹿児島市ホームページをご覧ください。 https://www.city.kagoshima.lg.jp/shigenseisaku/gomi/kate/dashikata/wakekata/sodaigomi.html
462012,kg00977,ベッド,粗大ごみ,,有料,,※粗大ごみの申し込みは099-806-8141（月～金8時30分～17時15分（祝日、12月29日～1月3日を除く））までご連絡ください　Web申し込みについては鹿児島市ホームページをご覧ください。 https://www.city.kagoshima.lg.jp/shigenseisaku/gomi/kate/dashikata/wakekata/sodaigomi.html
462012,kg00978,ベッド<シングル、ダブル等>,粗大ごみ,,有料,,※粗大ごみの申し込みは099-806-8141（月～金8時30分～17時15分（祝日、12月29日～1月3日を除く））までご連絡ください　Web申し込みについては鹿児島市ホームページをご覧ください。 https://www.city.kagoshima.lg.jp/shigenseisaku/gomi/kate/dashikata/wakekata/sodaigomi.html
462012,kg00979,ベッド<ソファーベッド>,粗大ごみ,,有料,,※粗大ごみの申し込みは099-806-8141（月～金8時30分～17時15分（祝日、12月29日～1月3日を除く））までご連絡ください　Web申し込みについては鹿児島市ホームページをご覧ください。 https://www.city.kagoshima.lg.jp/shigenseisaku/gomi/kate/dashikata/wakekata/sodaigomi.html
462012,kg00980,ベッド<ベビーベッド>,粗大ごみ,,有料,,※粗大ごみの申し込みは099-806-8141（月～金8時30分～17時15分（祝日、12月29日～1月3日を除く））までご連絡ください　Web申し込みについては鹿児島市ホームページをご覧ください。 https://www.city.kagoshima.lg.jp/shigenseisaku/gomi/kate/dashikata/wakekata/sodaigomi.html
462012,kg00981,ベッド<介護用ベッド>,粗大ごみ,"
※分解をすること",有料,,※粗大ごみの申し込みは099-806-8141（月～金8時30分～17時15分（祝日、12月29日～1月3日を除く））までご連絡ください　Web申し込みについては鹿児島市ホームページをご覧ください。 https://www.city.kagoshima.lg.jp/shigenseisaku/gomi/kate/dashikata/wakekata/sodaigomi.html
462012,kg00982,ベッド<脚付きスプリングマットレス>,粗大ごみ,,有料,,※粗大ごみの申し込みは099-806-8141（月～金8時30分～17時15分（祝日、12月29日～1月3日を除く））までご連絡ください　Web申し込みについては鹿児島市ホームページをご覧ください。 https://www.city.kagoshima.lg.jp/shigenseisaku/gomi/kate/dashikata/wakekata/sodaigomi.html
462012,kg00983,ベッド<折りたたみ>,粗大ごみ,,有料,,※粗大ごみの申し込みは099-806-8141（月～金8時30分～17時15分（祝日、12月29日～1月3日を除く））までご連絡ください　Web申し込みについては鹿児島市ホームページをご覧ください。 https://www.city.kagoshima.lg.jp/shigenseisaku/gomi/kate/dashikata/wakekata/sodaigomi.html
462012,kg00984,ベッド<二段、ロフト>,粗大ごみ,,有料,,※粗大ごみの申し込みは099-806-8141（月～金8時30分～17時15分（祝日、12月29日～1月3日を除く））までご連絡ください　Web申し込みについては鹿児島市ホームページをご覧ください。 https://www.city.kagoshima.lg.jp/shigenseisaku/gomi/kate/dashikata/wakekata/sodaigomi.html
462012,kg00985,ベッド（空気ベッド）,もやせるごみ,"45リットル袋に入れて口が結べなければ粗大ごみ（テープ等で留めることも不可です）
",無料,粗大ごみに該当する場合は粗大ごみの料金に準じる,※粗大ごみの申し込みは099-806-8141（月～金8時30分～17時15分（祝日、12月29日～1月3日を除く））までご連絡ください　Web申し込みについては鹿児島市ホームページをご覧ください。 https://www.city.kagoshima.lg.jp/shigenseisaku/gomi/kate/dashikata/wakekata/sodaigomi.html
462012,kg00986,ペットのトイレ用砂<木・紙・シリカゲル製>,もやせるごみ,,無料,,
462012,kg00987,ペットのトイレ用砂<砂、鉱物>,もやせるごみ,,無料,,
462012,kg00988,ペットのふん,もやせるごみ,,無料,,
462012,kg00989,ペットボトル,ペットボトル,,無料,,
462012,kg00990,ペットボトル（大型の酒ボトル）,ペットボトル,,無料,,
462012,kg00991,ペットボトルのキャップ・ふた・ラベル,プラ容器類,,無料,,
462012,kg00992,ヘッドホン（有線）,金属類,"45リットル袋に入れて口が結べなければ粗大ごみ（テープ等で留めることも不可です）
",無料,粗大ごみに該当する場合は粗大ごみの料金に準じる,※粗大ごみの申し込みは099-806-8141（月～金8時30分～17時15分（祝日、12月29日～1月3日を除く））までご連絡ください　Web申し込みについては鹿児島市ホームページをご覧ください。 https://www.city.kagoshima.lg.jp/shigenseisaku/gomi/kate/dashikata/wakekata/sodaigomi.html
462012,kg00993,ベビーカー、乳母車,もやせるごみ,"45リットル袋に入れて口が結べなければ粗大ごみ（テープ等で留めることも不可です）
",無料,粗大ごみに該当する場合は粗大ごみの料金に準じる,※粗大ごみの申し込みは099-806-8141（月～金8時30分～17時15分（祝日、12月29日～1月3日を除く））までご連絡ください　Web申し込みについては鹿児島市ホームページをご覧ください。 https://www.city.kagoshima.lg.jp/shigenseisaku/gomi/kate/dashikata/wakekata/sodaigomi.html
462012,kg00994,ベビーチェアー,もやせるごみ,"45リットル袋に入れて口が結べなければ粗大ごみ（テープ等で留めることも不可です）
",無料,粗大ごみに該当する場合は粗大ごみの料金に準じる,※粗大ごみの申し込みは099-806-8141（月～金8時30分～17時15分（祝日、12月29日～1月3日を除く））までご連絡ください　Web申し込みについては鹿児島市ホームページをご覧ください。 https://www.city.kagoshima.lg.jp/shigenseisaku/gomi/kate/dashikata/wakekata/sodaigomi.html
462012,kg00995,ベビーバス,もやせるごみ,"45リットル袋に入れて口が結べなければ粗大ごみ（テープ等で留めることも不可です）
",無料,粗大ごみに該当する場合は粗大ごみの料金に準じる,※粗大ごみの申し込みは099-806-8141（月～金8時30分～17時15分（祝日、12月29日～1月3日を除く））までご連絡ください　Web申し込みについては鹿児島市ホームページをご覧ください。 https://www.city.kagoshima.lg.jp/shigenseisaku/gomi/kate/dashikata/wakekata/sodaigomi.html
462012,kg00996,ベビーふとん,もやせるごみ,,無料,,
462012,kg00997,ベビーラック,もやせるごみ,"45リットル袋に入れて口が結べなければ粗大ごみ（テープ等で留めることも不可です）
",無料,粗大ごみに該当する場合は粗大ごみの料金に準じる,※粗大ごみの申し込みは099-806-8141（月～金8時30分～17時15分（祝日、12月29日～1月3日を除く））までご連絡ください　Web申し込みについては鹿児島市ホームページをご覧ください。 https://www.city.kagoshima.lg.jp/shigenseisaku/gomi/kate/dashikata/wakekata/sodaigomi.html
462012,kg00998,ベルト,もやせるごみ,,無料,,
462012,kg00999,ヘルメット<金属製>,金属類,,無料,,
462012,kg01000,ヘルメット<プラ製>,もやせるごみ,,無料,,
462012,kg01001,ペンキ、塗料,収集・受入しない,,無料,,
462012,kg01002,便座カバー,もやせるごみ,,無料,,
462012,kg01003,ベンチ,粗大ごみ,,有料,,※粗大ごみの申し込みは099-806-8141（月～金8時30分～17時15分（祝日、12月29日～1月3日を除く））までご連絡ください　Web申し込みについては鹿児島市ホームページをご覧ください。 https://www.city.kagoshima.lg.jp/shigenseisaku/gomi/kate/dashikata/wakekata/sodaigomi.html
462012,kg01004,ペンチ,金属類,,無料,,
462012,kg01005,弁当容器（コンビニ等の弁当）,プラ容器類,,無料,,
462012,kg01006,ヘアピン,金属類,,無料,,
462012,kg01007,防炎シート,もやせるごみ,"45リットル袋に入れて口が結べなければ粗大ごみ（テープ等で留めることも不可です）
",無料,粗大ごみに該当する場合は粗大ごみの料金に準じる,※粗大ごみの申し込みは099-806-8141（月～金8時30分～17時15分（祝日、12月29日～1月3日を除く））までご連絡ください　Web申し込みについては鹿児島市ホームページをご覧ください。 https://www.city.kagoshima.lg.jp/shigenseisaku/gomi/kate/dashikata/wakekata/sodaigomi.html
462012,kg01008,ほうき、モップ〈金属製・屋内、屋外用〉,金属類,"45リットル袋に入れて口が結べなければ粗大ごみ
",無料,,※粗大ごみの申し込みは099-806-8141（月～金8時30分～17時15分（祝日、12月29日～1月3日を除く））までご連絡ください　Web申し込みについては鹿児島市ホームページをご覧ください。 https://www.city.kagoshima.lg.jp/shigenseisaku/gomi/kate/dashikata/wakekata/sodaigomi.html
462012,kg01009,ほうき、モップ〈木製・プラ製・屋内、屋外用〉,もやせるごみ,"45リットル袋に入れて口が結べなければ粗大ごみ
",無料,,※粗大ごみの申し込みは099-806-8141（月～金8時30分～17時15分（祝日、12月29日～1月3日を除く））までご連絡ください　Web申し込みについては鹿児島市ホームページをご覧ください。 https://www.city.kagoshima.lg.jp/shigenseisaku/gomi/kate/dashikata/wakekata/sodaigomi.html
462012,kg01010,芳香剤,もやせるごみ,,無料,,
462012,kg01011,芳香剤容器<プラ製>,プラ容器類,,無料,,
462012,kg01012,帽子,衣類,,無料,,
462012,kg01013,包装紙,古紙（雑紙）,,無料,,
462012,kg01014,包装フィルム（食品、日用品等）,プラ容器類,,無料,,
462012,kg01015,包帯,もやせるごみ,,無料,,
462012,kg01016,包丁<金属製>,金属類,,無料,,
462012,kg01017,包丁<セラミック製>,もやせないごみ,,無料,,
462012,kg01018,ホース,もやせるごみ,"45リットル袋に入れて口が結べなければ粗大ごみ（テープ等で留めることも不可です）
",無料,粗大ごみに該当する場合は粗大ごみの料金に準じる,※粗大ごみの申し込みは099-806-8141（月～金8時30分～17時15分（祝日、12月29日～1月3日を除く））までご連絡ください　Web申し込みについては鹿児島市ホームページをご覧ください。 https://www.city.kagoshima.lg.jp/shigenseisaku/gomi/kate/dashikata/wakekata/sodaigomi.html
462012,kg01019,ホースリール<金属製>,金属類,"45リットル袋に入れて口が結べなければ粗大ごみ（テープ等で留めることも不可です）
",無料,粗大ごみに該当する場合は粗大ごみの料金に準じる,※粗大ごみの申し込みは099-806-8141（月～金8時30分～17時15分（祝日、12月29日～1月3日を除く））までご連絡ください　Web申し込みについては鹿児島市ホームページをご覧ください。 https://www.city.kagoshima.lg.jp/shigenseisaku/gomi/kate/dashikata/wakekata/sodaigomi.html
462012,kg01020,ホースリール<プラ製>,もやせるごみ,"45リットル袋に入れて口が結べなければ粗大ごみ（テープ等で留めることも不可です）
",無料,粗大ごみに該当する場合は粗大ごみの料金に準じる,※粗大ごみの申し込みは099-806-8141（月～金8時30分～17時15分（祝日、12月29日～1月3日を除く））までご連絡ください　Web申し込みについては鹿児島市ホームページをご覧ください。 https://www.city.kagoshima.lg.jp/shigenseisaku/gomi/kate/dashikata/wakekata/sodaigomi.html
462012,kg01021,ポータブル音楽プレーヤー,金属類/小型家電,,無料,,
462012,kg01022,ホームベーカリー、パン焼機,金属類,"45リットル袋に入れて口が結べなければ粗大ごみ（テープ等で留めることも不可です）
",無料,粗大ごみに該当する場合は粗大ごみの料金に準じる,※粗大ごみの申し込みは099-806-8141（月～金8時30分～17時15分（祝日、12月29日～1月3日を除く））までご連絡ください　Web申し込みについては鹿児島市ホームページをご覧ください。 https://www.city.kagoshima.lg.jp/shigenseisaku/gomi/kate/dashikata/wakekata/sodaigomi.html
462012,kg01023,ボール（卓球、ピンポン玉）,もやせるごみ,,無料,,
462012,kg01024,ポール（のぼり旗）,収集・受入しない,,無料,,
462012,kg01025,ボール（バレー、サッカー等）,もやせるごみ,,無料,,
462012,kg01026,ボール（ボーリング）,もやせないごみ,,無料,,
462012,kg01027,ボール（野球、テニス等）,もやせるごみ,,無料,,
462012,kg01028,ボールペン,もやせるごみ,,無料,,
462012,kg01029,歩行器（子ども用、リハビリ用）,粗大ごみ,,有料,,※粗大ごみの申し込みは099-806-8141（月～金8時30分～17時15分（祝日、12月29日～1月3日を除く））までご連絡ください　Web申し込みについては鹿児島市ホームページをご覧ください。 https://www.city.kagoshima.lg.jp/shigenseisaku/gomi/kate/dashikata/wakekata/sodaigomi.html
462012,kg01030,ポスティングチラシ,古紙（雑紙）,,無料,,
462012,kg01031,補聴器,金属類,,無料,,
462012,kg01032,ホッチキス,金属類,,無料,,
462012,kg01033,ホッチキスの針,金属類,,無料,,
462012,kg01034,ポット（お湯用）,金属類,"45リットル袋に入れて口が結べなければ粗大ごみ（テープ等で留めることも不可です）
",無料,粗大ごみに該当する場合は粗大ごみの料金に準じる,※粗大ごみの申し込みは099-806-8141（月～金8時30分～17時15分（祝日、12月29日～1月3日を除く））までご連絡ください　Web申し込みについては鹿児島市ホームページをご覧ください。 https://www.city.kagoshima.lg.jp/shigenseisaku/gomi/kate/dashikata/wakekata/sodaigomi.html
462012,kg01035,ホットプレート,金属類,"45リットル袋に入れて口が結べなければ粗大ごみ（テープ等で留めることも不可です）
",無料,粗大ごみに該当する場合は粗大ごみの料金に準じる,※粗大ごみの申し込みは099-806-8141（月～金8時30分～17時15分（祝日、12月29日～1月3日を除く））までご連絡ください　Web申し込みについては鹿児島市ホームページをご覧ください。 https://www.city.kagoshima.lg.jp/shigenseisaku/gomi/kate/dashikata/wakekata/sodaigomi.html
462012,kg01036,ほ乳びん<ガラス製>,もやせないごみ,,無料,,
462012,kg01037,ほ乳びん<プラ製>,もやせるごみ,"45リットル袋に入れて口が結べなければ粗大ごみ（テープ等で留めることも不可です）
",無料,粗大ごみに該当する場合は粗大ごみの料金に準じる,※粗大ごみの申し込みは099-806-8141（月～金8時30分～17時15分（祝日、12月29日～1月3日を除く））までご連絡ください　Web申し込みについては鹿児島市ホームページをご覧ください。 https://www.city.kagoshima.lg.jp/shigenseisaku/gomi/kate/dashikata/wakekata/sodaigomi.html
462012,kg01038,ポリタンク（灯油用等）,もやせるごみ,"45リットル袋に入れて口が結べなければ粗大ごみ（テープ等で留めることも不可です）
",無料,粗大ごみに該当する場合は粗大ごみの料金に準じる,※粗大ごみの申し込みは099-806-8141（月～金8時30分～17時15分（祝日、12月29日～1月3日を除く））までご連絡ください　Web申し込みについては鹿児島市ホームページをご覧ください。 https://www.city.kagoshima.lg.jp/shigenseisaku/gomi/kate/dashikata/wakekata/sodaigomi.html
462012,kg01039,ポリバケツ,もやせるごみ,"45リットル袋に入れて口が結べなければ粗大ごみ（テープ等で留めることも不可です）
",無料,粗大ごみに該当する場合は粗大ごみの料金に準じる,※粗大ごみの申し込みは099-806-8141（月～金8時30分～17時15分（祝日、12月29日～1月3日を除く））までご連絡ください　Web申し込みについては鹿児島市ホームページをご覧ください。 https://www.city.kagoshima.lg.jp/shigenseisaku/gomi/kate/dashikata/wakekata/sodaigomi.html
462012,kg01040,ボルト、ナット,金属類,,無料,,
462012,kg01041,保冷剤,もやせるごみ,,無料,,
462012,kg01042,ホワイトボード<金属製>,金属類,"45リットル袋に入れて口が結べなければ粗大ごみ（テープ等で留めることも不可です）
",無料,粗大ごみに該当する場合は粗大ごみの料金に準じる,※粗大ごみの申し込みは099-806-8141（月～金8時30分～17時15分（祝日、12月29日～1月3日を除く））までご連絡ください　Web申し込みについては鹿児島市ホームページをご覧ください。 https://www.city.kagoshima.lg.jp/shigenseisaku/gomi/kate/dashikata/wakekata/sodaigomi.html
462012,kg01043,ホワイトボード<プラ製>,もやせるごみ,"45リットル袋に入れて口が結べなければ粗大ごみ（テープ等で留めることも不可です）
",無料,粗大ごみに該当する場合は粗大ごみの料金に準じる,※粗大ごみの申し込みは099-806-8141（月～金8時30分～17時15分（祝日、12月29日～1月3日を除く））までご連絡ください　Web申し込みについては鹿児島市ホームページをご覧ください。 https://www.city.kagoshima.lg.jp/shigenseisaku/gomi/kate/dashikata/wakekata/sodaigomi.html
462012,kg01044,本,古紙（雑紙）,,無料,,
462012,kg01045,本棚<金属製>,金属類,"45リットル袋に入れて口が結べなければ粗大ごみ（テープ等で留めることも不可です）
",無料,粗大ごみに該当する場合は粗大ごみの料金に準じる,※粗大ごみの申し込みは099-806-8141（月～金8時30分～17時15分（祝日、12月29日～1月3日を除く））までご連絡ください　Web申し込みについては鹿児島市ホームページをご覧ください。 https://www.city.kagoshima.lg.jp/shigenseisaku/gomi/kate/dashikata/wakekata/sodaigomi.html
462012,kg01046,本棚<木・プラ製>,もやせるごみ,"45リットル袋に入れて口が結べなければ粗大ごみ（テープ等で留めることも不可です）
",無料,粗大ごみに該当する場合は粗大ごみの料金に準じる,※粗大ごみの申し込みは099-806-8141（月～金8時30分～17時15分（祝日、12月29日～1月3日を除く））までご連絡ください　Web申し込みについては鹿児島市ホームページをご覧ください。 https://www.city.kagoshima.lg.jp/shigenseisaku/gomi/kate/dashikata/wakekata/sodaigomi.html
462012,kg01047,ポンプ（井戸用）,粗大ごみ,"
",有料,,※粗大ごみの申し込みは099-806-8141（月～金8時30分～17時15分（祝日、12月29日～1月3日を除く））までご連絡ください　Web申し込みについては鹿児島市ホームページをご覧ください。 https://www.city.kagoshima.lg.jp/shigenseisaku/gomi/kate/dashikata/wakekata/sodaigomi.html。※持ち込み希望の場合は、北部清掃工場へ事前に連絡を（099-238-0211）お願いします。
462012,kg01048,ボンベ（ビールサーバー用）,スプレー缶類,"45リットル袋に入れて口が結べなければ粗大ごみ（テープ等で留めることも不可です）
",無料,粗大ごみに該当する場合は粗大ごみの料金に準じる,※粗大ごみの申し込みは099-806-8141（月～金8時30分～17時15分（祝日、12月29日～1月3日を除く））までご連絡ください　Web申し込みについては鹿児島市ホームページをご覧ください。 https://www.city.kagoshima.lg.jp/shigenseisaku/gomi/kate/dashikata/wakekata/sodaigomi.html
462012,kg01049,マーガリンの容器<プラ製>,プラ容器類,,無料,,
462012,kg01050,マージャン卓<電気式>,粗大ごみ,"
【調査になる場合があります】
",有料,,※粗大ごみの申し込みは099-806-8141（月～金8時30分～17時15分（祝日、12月29日～1月3日を除く））までご連絡ください　Web申し込みについては鹿児島市ホームページをご覧ください。 https://www.city.kagoshima.lg.jp/shigenseisaku/gomi/kate/dashikata/wakekata/sodaigomi.html。※持ち込み希望の場合は、北部清掃工場へ事前に連絡を（099-238-0211）お願いします。
462012,kg01051,マージャン卓<電気式以外>,粗大ごみ,"
【調査になる場合があります】
",有料,,※粗大ごみの申し込みは099-806-8141（月～金8時30分～17時15分（祝日、12月29日～1月3日を除く））までご連絡ください　Web申し込みについては鹿児島市ホームページをご覧ください。 https://www.city.kagoshima.lg.jp/shigenseisaku/gomi/kate/dashikata/wakekata/sodaigomi.html。※持ち込み希望の場合は、北部清掃工場へ事前に連絡を（099-238-0211）お願いします。
462012,kg01052,マイク,金属類,,無料,,
462012,kg01053,巻尺,もやせるごみ,,無料,,
462012,kg01054,薪ストーブ,粗大ごみ,,有料,,※粗大ごみの申し込みは099-806-8141（月～金8時30分～17時15分（祝日、12月29日～1月3日を除く））までご連絡ください　Web申し込みについては鹿児島市ホームページをご覧ください。 https://www.city.kagoshima.lg.jp/shigenseisaku/gomi/kate/dashikata/wakekata/sodaigomi.html
462012,kg01055,マグネット,金属類,,無料,,
462012,kg01056,マグネットシート（曲げられるもの）,もやせるごみ,,無料,,
462012,kg01057,枕,もやせるごみ,,無料,,
462012,kg01058,枕カバー,衣類,,無料,,
462012,kg01059,枡,もやせるごみ,"45リットル袋に入れて口が結べなければ粗大ごみ（テープ等で留めることも不可です）
",無料,粗大ごみに該当する場合は粗大ごみの料金に準じる,※粗大ごみの申し込みは099-806-8141（月～金8時30分～17時15分（祝日、12月29日～1月3日を除く））までご連絡ください　Web申し込みについては鹿児島市ホームページをご覧ください。 https://www.city.kagoshima.lg.jp/shigenseisaku/gomi/kate/dashikata/wakekata/sodaigomi.html
462012,kg01060,マッサージ器（機）,金属類,"45リットル袋に入れて口が結べなければ粗大ごみ（テープ等で留めることも不可です）
",無料,粗大ごみに該当する場合は粗大ごみの料金に準じる,※粗大ごみの申し込みは099-806-8141（月～金8時30分～17時15分（祝日、12月29日～1月3日を除く））までご連絡ください　Web申し込みについては鹿児島市ホームページをご覧ください。 https://www.city.kagoshima.lg.jp/shigenseisaku/gomi/kate/dashikata/wakekata/sodaigomi.html
462012,kg01061,マッサージチェア,粗大ごみ,,有料,,※粗大ごみの申し込みは099-806-8141（月～金8時30分～17時15分（祝日、12月29日～1月3日を除く））までご連絡ください　Web申し込みについては鹿児島市ホームページをご覧ください。 https://www.city.kagoshima.lg.jp/shigenseisaku/gomi/kate/dashikata/wakekata/sodaigomi.html
462012,kg01062,マット（玄関用）<金属製>,金属類,"45リットル袋に入れて口が結べなければ粗大ごみ（テープ等で留めることも不可です）
",無料,粗大ごみに該当する場合は粗大ごみの料金に準じる,※粗大ごみの申し込みは099-806-8141（月～金8時30分～17時15分（祝日、12月29日～1月3日を除く））までご連絡ください　Web申し込みについては鹿児島市ホームページをご覧ください。 https://www.city.kagoshima.lg.jp/shigenseisaku/gomi/kate/dashikata/wakekata/sodaigomi.html
462012,kg01063,マット（玄関・足拭き・浴室用）<珪藻土>,もやせないごみ,"45リットル袋に入れて口が結べなければ粗大ごみ（テープ等で留めることも不可です）
",無料,粗大ごみに該当する場合は粗大ごみの料金に準じる,※粗大ごみの申し込みは099-806-8141（月～金8時30分～17時15分（祝日、12月29日～1月3日を除く））までご連絡ください　Web申し込みについては鹿児島市ホームページをご覧ください。 https://www.city.kagoshima.lg.jp/shigenseisaku/gomi/kate/dashikata/wakekata/sodaigomi.html
462012,kg01064,マット（玄関・足拭き・浴室用）<布製、ゴム製>,もやせるごみ,"45リットル袋に入れて口が結べなければ粗大ごみ（テープ等で留めることも不可です）
",無料,粗大ごみに該当する場合は粗大ごみの料金に準じる,※粗大ごみの申し込みは099-806-8141（月～金8時30分～17時15分（祝日、12月29日～1月3日を除く））までご連絡ください　Web申し込みについては鹿児島市ホームページをご覧ください。 https://www.city.kagoshima.lg.jp/shigenseisaku/gomi/kate/dashikata/wakekata/sodaigomi.html
462012,kg01065,マットレス,もやせるごみ,"45リットル袋に入れて口が結べなければ粗大ごみ（テープ等で留めることも不可です）
",無料,粗大ごみに該当する場合は粗大ごみの料金に準じる,※粗大ごみの申し込みは099-806-8141（月～金8時30分～17時15分（祝日、12月29日～1月3日を除く））までご連絡ください　Web申し込みについては鹿児島市ホームページをご覧ください。 https://www.city.kagoshima.lg.jp/shigenseisaku/gomi/kate/dashikata/wakekata/sodaigomi.html
462012,kg01066,マットレス（ウォーターベッド）,粗大ごみ,,有料,,※粗大ごみの申し込みは099-806-8141（月～金8時30分～17時15分（祝日、12月29日～1月3日を除く））までご連絡ください　Web申し込みについては鹿児島市ホームページをご覧ください。 https://www.city.kagoshima.lg.jp/shigenseisaku/gomi/kate/dashikata/wakekata/sodaigomi.html
462012,kg01067,松葉杖,粗大ごみ,,有料,,※粗大ごみの申し込みは099-806-8141（月～金8時30分～17時15分（祝日、12月29日～1月3日を除く））までご連絡ください　Web申し込みについては鹿児島市ホームページをご覧ください。 https://www.city.kagoshima.lg.jp/shigenseisaku/gomi/kate/dashikata/wakekata/sodaigomi.html
462012,kg01068,まな板<木・プラ製>,もやせるごみ,"45リットル袋に入れて口が結べなければ粗大ごみ（テープ等で留めることも不可です）
",無料,粗大ごみに該当する場合は粗大ごみの料金に準じる,※粗大ごみの申し込みは099-806-8141（月～金8時30分～17時15分（祝日、12月29日～1月3日を除く））までご連絡ください　Web申し込みについては鹿児島市ホームページをご覧ください。 https://www.city.kagoshima.lg.jp/shigenseisaku/gomi/kate/dashikata/wakekata/sodaigomi.html
462012,kg01069,マネキン,もやせるごみ,"45リットル袋に入れて口が結べなければ粗大ごみ（テープ等で留めることも不可です）
",無料,粗大ごみに該当する場合は粗大ごみの料金に準じる,※粗大ごみの申し込みは099-806-8141（月～金8時30分～17時15分（祝日、12月29日～1月3日を除く））までご連絡ください　Web申し込みについては鹿児島市ホームページをご覧ください。 https://www.city.kagoshima.lg.jp/shigenseisaku/gomi/kate/dashikata/wakekata/sodaigomi.html
462012,kg01070,魔法瓶,金属類,"45リットル袋に入れて口が結べなければ粗大ごみ（テープ等で留めることも不可です）
",無料,粗大ごみに該当する場合は粗大ごみの料金に準じる,※粗大ごみの申し込みは099-806-8141（月～金8時30分～17時15分（祝日、12月29日～1月3日を除く））までご連絡ください　Web申し込みについては鹿児島市ホームページをご覧ください。 https://www.city.kagoshima.lg.jp/shigenseisaku/gomi/kate/dashikata/wakekata/sodaigomi.html
462012,kg01071,マヨネーズの容器<プラ製>,プラ容器類,,無料,,
462012,kg01072,万年筆<プラ製>,もやせるごみ,,無料,,
462012,kg01073,万年筆<金属製>,金属類,,無料,,
462012,kg01074,マニキュアの容器（びん、ガラス製）,もやせないごみ,残った中身は、できるだけ紙などに染み込ませて「もやせるごみ」へ。,無料,,
462012,kg01075,マニキュアの容器（プラスチック製）,もやせるごみ,残った中身は、できるだけ紙などに染み込ませて「もやせるごみ」へ。,無料,,
462012,kg01076,ミキサー,金属類,"45リットル袋に入れて口が結べなければ粗大ごみ（テープ等で留めることも不可です）
",無料,粗大ごみに該当する場合は粗大ごみの料金に準じる,※粗大ごみの申し込みは099-806-8141（月～金8時30分～17時15分（祝日、12月29日～1月3日を除く））までご連絡ください　Web申し込みについては鹿児島市ホームページをご覧ください。 https://www.city.kagoshima.lg.jp/shigenseisaku/gomi/kate/dashikata/wakekata/sodaigomi.html
462012,kg01077,ミシン,粗大ごみ,,有料,,※粗大ごみの申し込みは099-806-8141（月～金8時30分～17時15分（祝日、12月29日～1月3日を除く））までご連絡ください　Web申し込みについては鹿児島市ホームページをご覧ください。 https://www.city.kagoshima.lg.jp/shigenseisaku/gomi/kate/dashikata/wakekata/sodaigomi.html
462012,kg01078,水枕,もやせるごみ,,無料,,
462012,kg01079,ミニコンポ,金属類,,無料,,
462012,kg01080,ミルク缶,缶・びん,,無料,,
462012,kg01081,虫眼鏡・拡大鏡<ガラスレンズ>,もやせないごみ,,無料,,
462012,kg01082,虫眼鏡・拡大鏡<プラレンズ>,もやせるごみ,,無料,,
462012,kg01083,無線機,金属類,"45リットル袋に入れて口が結べなければ粗大ごみ（テープ等で留めることも不可です）
",無料,粗大ごみに該当する場合は粗大ごみの料金に準じる,※粗大ごみの申し込みは099-806-8141（月～金8時30分～17時15分（祝日、12月29日～1月3日を除く））までご連絡ください　Web申し込みについては鹿児島市ホームページをご覧ください。 https://www.city.kagoshima.lg.jp/shigenseisaku/gomi/kate/dashikata/wakekata/sodaigomi.html
462012,kg01084,名刺,古紙（雑紙）,,無料,,
462012,kg01085,名刺の外箱<プラ製>,もやせるごみ,,無料,,
462012,kg01086,眼鏡<レンズがガラス製>,もやせないごみ,,無料,,
462012,kg01087,眼鏡<レンズがプラ製>,もやせるごみ,,無料,,
462012,kg01088,メガホン,もやせるごみ,,無料,,
462012,kg01089,目薬の携帯ケース,もやせるごみ,,無料,,
462012,kg01090,目薬の容器<プラ製>,プラ容器類,,無料,,
462012,kg01091,メモリーカード（SDカード等）,もやせるごみ,,無料,,
462012,kg01092,麺類（商品）の袋<ビニール製>,プラ容器類,,無料,,
462012,kg01093,毛布,衣類,"45リットル袋に入れて口が結べなければ粗大ごみ（テープ等で留めることも不可です）
",無料,粗大ごみに該当する場合は粗大ごみの料金に準じる,※粗大ごみの申し込みは099-806-8141（月～金8時30分～17時15分（祝日、12月29日～1月3日を除く））までご連絡ください　Web申し込みについては鹿児島市ホームページをご覧ください。 https://www.city.kagoshima.lg.jp/shigenseisaku/gomi/kate/dashikata/wakekata/sodaigomi.html
462012,kg01094,もえがら（灰）,もやせないごみ,,無料,,
462012,kg01095,木材、丸太、杭<直径10㎝以下>,もやせるごみ,"50cm程度で紐で束ねても可

45リットル袋に入れて口が結べなければ粗大ごみ（テープ等で留めることも不可です）
※粗大ごみは2メートルまで
",無料,粗大ごみに該当する場合は粗大ごみの料金に準じる,※粗大ごみの申し込みは099-806-8141（月～金8時30分～17時15分（祝日、12月29日～1月3日を除く））までご連絡ください　Web申し込みについては鹿児島市ホームページをご覧ください。 https://www.city.kagoshima.lg.jp/shigenseisaku/gomi/kate/dashikata/wakekata/sodaigomi.html
462012,kg01096,木材、丸太、杭<直径10cm超>,粗大ごみ,"持ち込む場合は「もやせないごみ」
長さは2メートルまで

※ご自分で撤去された建築資材（木材を含む）の持ち込み希望の場合は、北部清掃工場へ事前に連絡を（099‐238-0211）お願いします。",有料,,※粗大ごみの申し込みは099-806-8141（月～金8時30分～17時15分（祝日、12月29日～1月3日を除く））までご連絡ください　Web申し込みについては鹿児島市ホームページをご覧ください。 https://www.city.kagoshima.lg.jp/shigenseisaku/gomi/kate/dashikata/wakekata/sodaigomi.html
462012,kg01097,餅つき機,金属類,"45リットル袋に入れて口が結べなければ粗大ごみ（テープ等で留めることも不可です）
",無料,粗大ごみに該当する場合は粗大ごみの料金に準じる,※粗大ごみの申し込みは099-806-8141（月～金8時30分～17時15分（祝日、12月29日～1月3日を除く））までご連絡ください　Web申し込みについては鹿児島市ホームページをご覧ください。 https://www.city.kagoshima.lg.jp/shigenseisaku/gomi/kate/dashikata/wakekata/sodaigomi.html
462012,kg01098,物置,粗大ごみ,"
【調査になる場合があります】
",有料,,※粗大ごみの申し込みは099-806-8141（月～金8時30分～17時15分（祝日、12月29日～1月3日を除く））までご連絡ください　Web申し込みについては鹿児島市ホームページをご覧ください。 https://www.city.kagoshima.lg.jp/shigenseisaku/gomi/kate/dashikata/wakekata/sodaigomi.html。※持ち込み希望の場合は、北部清掃工場へ事前に連絡を（099-238-0211）お願いします。
462012,kg01099,物干しざお,金属類,"45リットル袋に入れて口が結べなければ粗大ごみ（テープ等で留めることも不可です）
",無料,粗大ごみに該当する場合は粗大ごみの料金に準じる,※粗大ごみの申し込みは099-806-8141（月～金8時30分～17時15分（祝日、12月29日～1月3日を除く））までご連絡ください　Web申し込みについては鹿児島市ホームページをご覧ください。 https://www.city.kagoshima.lg.jp/shigenseisaku/gomi/kate/dashikata/wakekata/sodaigomi.html
462012,kg01100,物干し台,粗大ごみ,,有料,,※粗大ごみの申し込みは099-806-8141（月～金8時30分～17時15分（祝日、12月29日～1月3日を除く））までご連絡ください　Web申し込みについては鹿児島市ホームページをご覧ください。 https://www.city.kagoshima.lg.jp/shigenseisaku/gomi/kate/dashikata/wakekata/sodaigomi.html
462012,kg01101,モバイルバッテリー（携帯電話等）,小型充電式電池等,,無料,,
462012,kg01102,モルタル,収集・受入しない,,無料,,
462012,kg01103,門扉,粗大ごみ,"
",有料,,※粗大ごみの申し込みは099-806-8141（月～金8時30分～17時15分（祝日、12月29日～1月3日を除く））までご連絡ください　Web申し込みについては鹿児島市ホームページをご覧ください。 https://www.city.kagoshima.lg.jp/shigenseisaku/gomi/kate/dashikata/wakekata/sodaigomi.html。※持ち込み希望の場合は、北部清掃工場へ事前に連絡を（099-238-0211）お願いします。
462012,kg01104,やかん,金属類,,無料,,
462012,kg01105,野菜（商品）の袋<ビニール製>,プラ容器類,,無料,,
462012,kg01106,野菜の結束用テープ,もやせるごみ,,無料,,
462012,kg01107,柳行李,もやせるごみ,"45リットル袋に入れて口が結べなければ粗大ごみ（テープ等で留めることも不可です）
",無料,粗大ごみに該当する場合は粗大ごみの料金に準じる,※粗大ごみの申し込みは099-806-8141（月～金8時30分～17時15分（祝日、12月29日～1月3日を除く））までご連絡ください　Web申し込みについては鹿児島市ホームページをご覧ください。 https://www.city.kagoshima.lg.jp/shigenseisaku/gomi/kate/dashikata/wakekata/sodaigomi.html
462012,kg01108,浴衣,衣類,,無料,,
462012,kg01109,湯たんぽ<陶器>,もやせないごみ,,無料,,
462012,kg01110,湯たんぽ<プラ製>,もやせるごみ,,無料,,
462012,kg01111,湯のみ,もやせないごみ,割れたものは紙に包んで「キケン」と書く,無料,,
462012,kg01112,弓,もやせるごみ,"45リットル袋に入れて口が結べなければ粗大ごみ（テープ等で留めることも不可です）
",無料,粗大ごみに該当する場合は粗大ごみの料金に準じる,※粗大ごみの申し込みは099-806-8141（月～金8時30分～17時15分（祝日、12月29日～1月3日を除く））までご連絡ください　Web申し込みについては鹿児島市ホームページをご覧ください。 https://www.city.kagoshima.lg.jp/shigenseisaku/gomi/kate/dashikata/wakekata/sodaigomi.html
462012,kg01113,ゆりかご,もやせるごみ,"45リットル袋に入れて口が結べなければ粗大ごみ（テープ等で留めることも不可です）
",無料,粗大ごみに該当する場合は粗大ごみの料金に準じる,※粗大ごみの申し込みは099-806-8141（月～金8時30分～17時15分（祝日、12月29日～1月3日を除く））までご連絡ください　Web申し込みについては鹿児島市ホームページをご覧ください。 https://www.city.kagoshima.lg.jp/shigenseisaku/gomi/kate/dashikata/wakekata/sodaigomi.html
462012,kg01114,湯たんぽ<充電式>,小型充電式電池等,,無料,,
462012,kg01115,ヨーグルトのフタ（アルミ）,金属類,,無料,,
462012,kg01116,ヨーグルトの容器<プラ製>,プラ容器類,,無料,,
462012,kg01117,ヨーグルトの容器<紙製>,もやせるごみ,,無料,,
462012,kg01118,浴槽（自分で外したもの）,粗大ごみ,"
",有料,,※粗大ごみの申し込みは099-806-8141（月～金8時30分～17時15分（祝日、12月29日～1月3日を除く））までご連絡ください　Web申し込みについては鹿児島市ホームページをご覧ください。 https://www.city.kagoshima.lg.jp/shigenseisaku/gomi/kate/dashikata/wakekata/sodaigomi.html。※持ち込み希望の場合は、北部清掃工場へ事前に連絡を（099-238-0211）お願いします。
462012,kg01119,よしず,もやせるごみ,"※50cm程度で紐で束ねても可
45リットル袋に入れて口が結べなければ粗大ごみ（テープ等で留めることも不可です）
※粗大ごみは2メートルまで
",無料,粗大ごみに該当する場合は粗大ごみの料金に準じる,※粗大ごみの申し込みは099-806-8141（月～金8時30分～17時15分（祝日、12月29日～1月3日を除く））までご連絡ください　Web申し込みについては鹿児島市ホームページをご覧ください。 https://www.city.kagoshima.lg.jp/shigenseisaku/gomi/kate/dashikata/wakekata/sodaigomi.html
462012,kg01120,ライター<金属製>,金属類,使い切ってから出してください,無料,,
462012,kg01121,ライター（チャッカマン）,もやせるごみ,使い切ってから出してください,無料,,
462012,kg01122,ライター（使い捨てガスライター）,もやせるごみ,使い切ってから出してください,無料,,
462012,kg01123,ラケット（卓球）,もやせるごみ,,無料,,
462012,kg01124,ラケット（テニス、バドミントン）<金属製>,金属類,袋から出ても収集,無料,,
462012,kg01125,ラケット（テニス、バドミントン）<金属製以外>,もやせるごみ,,無料,,
462012,kg01126,ラジオ、ラジカセ、CDラジカセ,金属類,"45リットル袋に入れて口が結べなければ粗大ごみ（テープ等で留めることも不可です）
",無料,粗大ごみに該当する場合は粗大ごみの料金に準じる,※粗大ごみの申し込みは099-806-8141（月～金8時30分～17時15分（祝日、12月29日～1月3日を除く））までご連絡ください　Web申し込みについては鹿児島市ホームページをご覧ください。 https://www.city.kagoshima.lg.jp/shigenseisaku/gomi/kate/dashikata/wakekata/sodaigomi.html
462012,kg01127,ラジオ（携帯）,金属類/小型家電,,無料,,
462012,kg01128,ラップ（市販品）,もやせるごみ,,無料,,
462012,kg01129,ラップ（商品を包んでいたもの）,プラ容器類,,無料,,
462012,kg01130,ラップの芯,古紙（雑紙）,,無料,,
462012,kg01131,ラップの箱の刃<金属製>,金属類,,無料,,
462012,kg01132,ラティスフェンス<金属製>,金属類,"45リットル袋に入れて口が結べなければ粗大ごみ（テープ等で留めることも不可です）
",無料,粗大ごみに該当する場合は粗大ごみの料金に準じる,※粗大ごみの申し込みは099-806-8141（月～金8時30分～17時15分（祝日、12月29日～1月3日を除く））までご連絡ください　Web申し込みについては鹿児島市ホームページをご覧ください。 https://www.city.kagoshima.lg.jp/shigenseisaku/gomi/kate/dashikata/wakekata/sodaigomi.html
462012,kg01133,ラティスフェンス<金属製以外>,もやせるごみ,"45リットル袋に入れて口が結べなければ粗大ごみ（テープ等で留めることも不可です）
",無料,粗大ごみに該当する場合は粗大ごみの料金に準じる,※粗大ごみの申し込みは099-806-8141（月～金8時30分～17時15分（祝日、12月29日～1月3日を除く））までご連絡ください　Web申し込みについては鹿児島市ホームページをご覧ください。 https://www.city.kagoshima.lg.jp/shigenseisaku/gomi/kate/dashikata/wakekata/sodaigomi.html
462012,kg01134,ラミネート加工紙,もやせるごみ,,無料,,
462012,kg01135,ランドセル,もやせるごみ,,無料,,
462012,kg01136,リール（釣り具）,金属類,"45リットル袋に入れて口が結べなければ粗大ごみ（テープ等で留めることも不可です）
",無料,粗大ごみに該当する場合は粗大ごみの料金に準じる,※粗大ごみの申し込みは099-806-8141（月～金8時30分～17時15分（祝日、12月29日～1月3日を除く））までご連絡ください　Web申し込みについては鹿児島市ホームページをご覧ください。 https://www.city.kagoshima.lg.jp/shigenseisaku/gomi/kate/dashikata/wakekata/sodaigomi.html
462012,kg01137,リコーダー,もやせるごみ,,無料,,
462012,kg01138,リモコン,金属類/小型家電,,無料,,
462012,kg01139,リヤカー,粗大ごみ,"※2メートルまで

【調査になる場合があります】
",有料,,※粗大ごみの申し込みは099-806-8141（月～金8時30分～17時15分（祝日、12月29日～1月3日を除く））までご連絡ください　Web申し込みについては鹿児島市ホームページをご覧ください。 https://www.city.kagoshima.lg.jp/shigenseisaku/gomi/kate/dashikata/wakekata/sodaigomi.html。※持ち込み希望の場合は、北部清掃工場へ事前に連絡を（099-238-0211）お願いします。
462012,kg01140,リチウムイオン電池,小型充電式電池等,,無料,,
462012,kg01141,ルーフキャリア,粗大ごみ,,有料,,※粗大ごみの申し込みは099-806-8141（月～金8時30分～17時15分（祝日、12月29日～1月3日を除く））までご連絡ください　Web申し込みについては鹿児島市ホームページをご覧ください。 https://www.city.kagoshima.lg.jp/shigenseisaku/gomi/kate/dashikata/wakekata/sodaigomi.html
462012,kg01142,冷温庫（保冷・保温庫）,リサイクル家電,不明な場合は家電リサイクル券センター0120-319-640までお問い合わせください,無料,,
462012,kg01143,冷蔵庫、冷凍庫,リサイクル家電,市では収集・受け入れしません,無料,,
462012,kg01144,冷風機<冷房機能無し>,金属類,"45リットル袋に入れて口が結べなければ粗大ごみ（テープ等で留めることも不可です）
",無料,粗大ごみに該当する場合は粗大ごみの料金に準じる,※粗大ごみの申し込みは099-806-8141（月～金8時30分～17時15分（祝日、12月29日～1月3日を除く））までご連絡ください　Web申し込みについては鹿児島市ホームページをご覧ください。 https://www.city.kagoshima.lg.jp/shigenseisaku/gomi/kate/dashikata/wakekata/sodaigomi.html
462012,kg01145,冷風機<冷房機能有り/フロン使用>,粗大ごみ,,有料,,※粗大ごみの申し込みは099-806-8141（月～金8時30分～17時15分（祝日、12月29日～1月3日を除く））までご連絡ください　Web申し込みについては鹿児島市ホームページをご覧ください。 https://www.city.kagoshima.lg.jp/shigenseisaku/gomi/kate/dashikata/wakekata/sodaigomi.html
462012,kg01146,レースカーテン,衣類,,無料,,
462012,kg01147,レコード,もやせるごみ,,無料,,
462012,kg01148,レシート,もやせるごみ,,無料,,
462012,kg01149,レジ袋,プラ容器類,,無料,,
462012,kg01150,レジャーシート,もやせるごみ,,無料,,
462012,kg01151,レジャーテーブル<金属製>,金属類,"45リットル袋に入れて口が結べなければ粗大ごみ（テープ等で留めることも不可です）
",無料,粗大ごみに該当する場合は粗大ごみの料金に準じる,※粗大ごみの申し込みは099-806-8141（月～金8時30分～17時15分（祝日、12月29日～1月3日を除く））までご連絡ください　Web申し込みについては鹿児島市ホームページをご覧ください。 https://www.city.kagoshima.lg.jp/shigenseisaku/gomi/kate/dashikata/wakekata/sodaigomi.html
462012,kg01152,レジャーテーブル<プラ製>,もやせるごみ,"45リットル袋に入れて口が結べなければ粗大ごみ（テープ等で留めることも不可です）
",無料,粗大ごみに該当する場合は粗大ごみの料金に準じる,※粗大ごみの申し込みは099-806-8141（月～金8時30分～17時15分（祝日、12月29日～1月3日を除く））までご連絡ください　Web申し込みについては鹿児島市ホームページをご覧ください。 https://www.city.kagoshima.lg.jp/shigenseisaku/gomi/kate/dashikata/wakekata/sodaigomi.html
462012,kg01153,レトルトパック,プラ容器類,,無料,,
462012,kg01154,レンガ,収集・受入しない,,無料,,
462012,kg01155,レンジ台,粗大ごみ,,有料,,※粗大ごみの申し込みは099-806-8141（月～金8時30分～17時15分（祝日、12月29日～1月3日を除く））までご連絡ください　Web申し込みについては鹿児島市ホームページをご覧ください。 https://www.city.kagoshima.lg.jp/shigenseisaku/gomi/kate/dashikata/wakekata/sodaigomi.html
462012,kg01156,レンジフード,金属類,"45リットル袋に入れて口が結べなければ粗大ごみ（テープ等で留めることも不可です）
",無料,粗大ごみに該当する場合は粗大ごみの料金に準じる,※粗大ごみの申し込みは099-806-8141（月～金8時30分～17時15分（祝日、12月29日～1月3日を除く））までご連絡ください　Web申し込みについては鹿児島市ホームページをご覧ください。 https://www.city.kagoshima.lg.jp/shigenseisaku/gomi/kate/dashikata/wakekata/sodaigomi.html
462012,kg01157,レンズ,もやせないごみ,,無料,,
462012,kg01158,練炭,もやせるごみ,,無料,,
462012,kg01159,ろうそく,もやせるごみ,,無料,,
462012,kg01160,ロープ,もやせるごみ,,無料,,
462012,kg01161,ロールカーテン,もやせるごみ,"45リットル袋に入れて口が結べなければ粗大ごみ（テープ等で留めることも不可です）
",無料,粗大ごみに該当する場合は粗大ごみの料金に準じる,※粗大ごみの申し込みは099-806-8141（月～金8時30分～17時15分（祝日、12月29日～1月3日を除く））までご連絡ください　Web申し込みについては鹿児島市ホームページをご覧ください。 https://www.city.kagoshima.lg.jp/shigenseisaku/gomi/kate/dashikata/wakekata/sodaigomi.html
462012,kg01162,ロッカー,粗大ごみ,,有料,,※粗大ごみの申し込みは099-806-8141（月～金8時30分～17時15分（祝日、12月29日～1月3日を除く））までご連絡ください　Web申し込みについては鹿児島市ホームページをご覧ください。 https://www.city.kagoshima.lg.jp/shigenseisaku/gomi/kate/dashikata/wakekata/sodaigomi.html
462012,kg01163,ワープロ,金属類,"45リットル袋に入れて口が結べなければ粗大ごみ（テープ等で留めることも不可です）
",無料,粗大ごみに該当する場合は粗大ごみの料金に準じる,※粗大ごみの申し込みは099-806-8141（月～金8時30分～17時15分（祝日、12月29日～1月3日を除く））までご連絡ください　Web申し込みについては鹿児島市ホームページをご覧ください。 https://www.city.kagoshima.lg.jp/shigenseisaku/gomi/kate/dashikata/wakekata/sodaigomi.html
462012,kg01164,ワープロ（デスクトップ）,金属類,"45リットル袋に入れて口が結べなければ粗大ごみ（テープ等で留めることも不可です）
",無料,粗大ごみに該当する場合は粗大ごみの料金に準じる,※粗大ごみの申し込みは099-806-8141（月～金8時30分～17時15分（祝日、12月29日～1月3日を除く））までご連絡ください　Web申し込みについては鹿児島市ホームページをご覧ください。 https://www.city.kagoshima.lg.jp/shigenseisaku/gomi/kate/dashikata/wakekata/sodaigomi.html
462012,kg01165,ワープロリボン,もやせるごみ,,無料,,
462012,kg01166,ワインセラー,リサイクル家電,市では収集・受け入れしません,無料,,
462012,kg01167,輪ゴム,もやせるごみ,,無料,,
462012,kg01168,ワゴン、キッチンワゴン,粗大ごみ,,有料,,※粗大ごみの申し込みは099-806-8141（月～金8時30分～17時15分（祝日、12月29日～1月3日を除く））までご連絡ください　Web申し込みについては鹿児島市ホームページをご覧ください。 https://www.city.kagoshima.lg.jp/shigenseisaku/gomi/kate/dashikata/wakekata/sodaigomi.html
462012,kg01169,和紙,もやせるごみ,,無料,,
462012,kg01170,割り箸,もやせるごみ,,無料,,
462012,kg01171,割り箸の外袋<プラ製>,プラ容器類,,無料,,
462012,kg01172,割り箸の外袋<紙製>,もやせるごみ,,無料,,
462012,kg01173,その他（半分以上が金属のもの）,金属類,"45リットル袋に入れて口が結べなければ粗大ごみ（テープ等で留めることも不可です）
",無料,粗大ごみに該当する場合は粗大ごみの料金に準じる,※粗大ごみの申し込みは099-806-8141（月～金8時30分～17時15分（祝日、12月29日～1月3日を除く））までご連絡ください　Web申し込みについては鹿児島市ホームページをご覧ください。 https://www.city.kagoshima.lg.jp/shigenseisaku/gomi/kate/dashikata/wakekata/sodaigomi.html
462012,kg01174,その他（半分以上がガラス・陶器のもの）,もやせないごみ,"45リットル袋に入れて口が結べなければ粗大ごみ（テープ等で留めることも不可です）
",無料,粗大ごみに該当する場合は粗大ごみの料金に準じる,※粗大ごみの申し込みは099-806-8141（月～金8時30分～17時15分（祝日、12月29日～1月3日を除く））までご連絡ください　Web申し込みについては鹿児島市ホームページをご覧ください。 https://www.city.kagoshima.lg.jp/shigenseisaku/gomi/kate/dashikata/wakekata/sodaigomi.html
462012,kg01175,その他（半分以上が木・プラのもの）,もやせるごみ,"45リットル袋に入れて口が結べなければ粗大ごみ（テープ等で留めることも不可です）

※ご自分で撤去された建築資材（木材を含む）の持ち込み希望の場合は、北部清掃工場へ事前に連絡を（099‐238-0211）お願いします。",無料,粗大ごみに該当する場合は粗大ごみの料金に準じる,※粗大ごみの申し込みは099-806-8141（月～金8時30分～17時15分（祝日、12月29日～1月3日を除く））までご連絡ください　Web申し込みについては鹿児島市ホームページをご覧ください。 https://www.city.kagoshima.lg.jp/shigenseisaku/gomi/kate/dashikata/wakekata/sodaigomi.html
462012,kg01176,その他（半分以上が布・繊維のもの）,もやせるごみ,"45リットル袋に入れて口が結べなければ粗大ごみ（テープ等で留めることも不可です）
",無料,粗大ごみに該当する場合は粗大ごみの料金に準じる,※粗大ごみの申し込みは099-806-8141（月～金8時30分～17時15分（祝日、12月29日～1月3日を除く））までご連絡ください　Web申し込みについては鹿児島市ホームページをご覧ください。 https://www.city.kagoshima.lg.jp/shigenseisaku/gomi/kate/dashikata/wakekata/sodaigomi.html
462012,kg01177,その他（45㍑袋に入れて口が結べないもの）,粗大ごみ,,有料,,※粗大ごみの申し込みは099-806-8141（月～金8時30分～17時15分（祝日、12月29日～1月3日を除く））までご連絡ください　Web申し込みについては鹿児島市ホームページをご覧ください。 https://www.city.kagoshima.lg.jp/shigenseisaku/gomi/kate/dashikata/wakekata/sodaigomi.html
462012,kg01178,ワイヤ,金属類,,無料,,
