ID,頭文字,品目名,小型家電回収対象,出し方,出し方のポイント
1,あ,アイスピック,,小さな金属類,尖った部分は新聞紙等で包む
2,あ,アイロン(プラスチック製),◎,燃やすごみ,
3,あ,アイロン(金属製),◎,小さな金属類,
4,あ,アイロン台,,粗大ごみ,マットのみ・木製で50cm未満のものは燃やすごみへ。プラスチックのみで50cm未満のものはプラスチック資源へ。金属製で30cm未満のものは小さな金属類へ
5,あ,雨合羽 あまがっぱ(ゴム・ビニール製),,燃やすごみ,リサイクル施設の故障原因になるため燃やすごみへ
6,あ,編み機,,粗大ごみ,
7,あ,アルバム,,燃やすごみ,プラスチックのみでできたものはプラスチック資源へ
8,あ,アルミはく、アルミホイル,,燃やすごみ,
10,あ,足拭きマット,,燃やすごみ,"珪藻土製品で50㎝未満のものは燃えないごみ、50㎝以上のものは粗大ごみへ。
ただし、石綿(アスベスト)含有の珪藻土製品は、市では収集できません。回収方法等については、販売店・メーカーへお問合せください。詳しくは<a href=""https://www.city.yokohama.lg.jp/kurashi/sumai-kurashi/gomi-recycle/gomi/shushufuka/asubesuto.html"">市ホームページ</a>へ。"
11,あ,アンテナ,,粗大ごみ,金属製で30cm未満は小さな金属類
12,あ,アイスクリームの容器・包装(紙製),,燃やすごみ,アイスが直接入っていない外箱は古紙へ
13,あ,アイスクリームの容器・包装(プラスチック製),,プラスチック資源,
15,あ,アクセサリー,,小さな金属類,木製のものは燃やすごみへ。ガラス・陶器製のものは燃えないごみへ。プラスチックのみでできたものはプラスチック資源へ
16,あ,アクリルケース,,プラスチック資源,50㎝以上のものは粗大ごみへ
17,あ,アクリル製・プラスチック製の板,,プラスチック資源,50㎝以上のものは粗大ごみへ。50cm未満で板状や塊状で容易に曲げられないものは、リサイクル施設の故障原因になるため燃やすごみへ
18,あ,アコーディオンカーテン,,粗大ごみ,
19,あ,葦,,燃やすごみ,
20,あ,足ひれ(フィン),,燃やすごみ,50cm以上のものは粗大ごみへ
21,あ,アタッシュケース(金属製),,粗大ごみ,30㎝未満のものは小さな金属類へ。革製で50㎝未満のものは燃やすごみへ
22,あ,厚紙,,古紙(雑誌・その他の紙）,
23,あ,圧縮袋,,プラスチック資源,プラスチック製以外のものは燃やすごみへ
24,あ,雨戸,,粗大ごみ,
25,あ,網戸,,粗大ごみ,
26,あ,編み棒,,燃やすごみ,プラスチックのみでできたものはプラスチック資源へ。金属製のものは小さな金属類へ
27,あ,アルコールランプ(ガラス製),,燃えないごみ,金属製のものは小さな金属類へ。芯は燃やすごみへ。
28,あ,あんか・足温器,◎,燃やすごみ,金属製のものは小さな金属類へ
29,あ,安全ピン,,小さな金属類,
30,あ,アウトドア用椅子,,粗大ごみ,金属製で30㎝未満のものは小さな金属類へ 金属製以外のもので50㎝未満のものは燃やすごみへ
31,あ,雨どい,,粗大ごみ,50cm未満のものは燃やすごみへ
32,あ,網戸の網,,燃やすごみ,広げて50cm未満のものはプラスチック資源へ
33,あ,アルミバッグ(カメラ・パソコン用),,粗大ごみ,30cm未満のものは小さな金属類へ
34,あ,あく取り,,小さな金属類,プラスチックのみでできたものはプラスチック資源へ
35,あ,穴あけパンチ(金属製),,小さな金属類,30cm以上のものは粗大ごみへ
36,あ,穴あけパンチ(プラスチック製),,燃やすごみ,50cm以上のものは粗大ごみへ
37,あ,泡立て器(手動:プラスチック・シリコン製),,燃やすごみ,"金属製のものは小さな金属類へ
プラスチックのみでできたものはプラスチック資源へ"
38,あ,泡立て器(電動:金属製),◎,小さな金属類,
39,あ,泡立て器(電動:プラスチック製),◎,燃やすごみ,外せる金属製のパーツは小さな金属類へ
40,あ,アイスペール(ガラス製),,燃えないごみ,
41,あ,アイスの棒,,燃やすごみ,プラスチックのみでできたものはプラスチック資源へ
42,あ,アンテナ基台(金属製),,粗大ごみ,30cm未満のものは小さな金属類へ
43,あ,ICレコーダー,◎,燃やすごみ,金属製のものは小さな金属類へ
44,あ,足蹴り乗用玩具(おもちゃ車),,粗大ごみ,プラスチックのみでできたもので50cm未満のものはプラスチック資源へ。木製で50cm未満のものは燃やすごみへ
45,あ,アルミホイルの芯,,古紙(雑誌・その他の紙）,
46,あ,アロマオイルの容器(ガラス製),,燃えないごみ,
47,あ,アロマオイルの容器(プラスチック製),,プラスチック資源,
48,あ,安全帯,,燃やすごみ,事業で排出するものは、事業系ごみ
49,あ,アイマスク,,燃やすごみ,
50,あ,青焼き,,古紙(雑誌・その他の紙）,
51,あ,アイスホッケー防具,,燃やすごみ,50cm以上のものは粗大ごみへ
52,あ,アイゼン,,小さな金属類,
53,あ,アトマイザー(香水噴霧器)のキャップ・ノズル,,プラスチック資源,
54,あ,アトマイザー(香水噴霧器:金属製),,小さな金属類,
55,あ,アトマイザー(香水噴霧器:プラスチック製),,プラスチック資源,
56,あ,あぶら取り紙,,燃やすごみ,未使用のものは古紙「雑誌・その他の紙」へ
58,あ,アロマポット(陶器・ガラス製),,燃えないごみ,新聞紙等に包み品名を表示する。プラスチック製のものは燃やすごみへ
59,あ,油紙,,古紙(雑誌・その他の紙）,
60,あ,アイスクリームメーカー(プラスチック製),,燃やすごみ,
63,あ,アイスクリームメーカー(金属製),,粗大ごみ,30cm未満のものは小さな金属類へ
65,あ,アイライナー・アイブロー,,燃やすごみ,プラスチックのみでできたものはプラスチック資源へ
66,あ,アイロンプリント紙,,燃やすごみ,
67,あ,あみじゃくし,,小さな金属類,
68,あ,アルミボックス,,小さな金属類,30cm以上のものは粗大ごみ
69,あ,アングル(鋼材),,粗大ごみ,30cm未満のものは小さな金属類
70,あ,アイスペール(金属製),,小さな金属類,
71,あ,アイスペール(プラスチック製),,プラスチック資源,
72,あ,アイロンマット,,燃やすごみ,アイロン台は粗大ごみへ(金属製30㎝以上、木・プラスチック製50㎝以上のもの)
73,あ,アルミマット,,燃やすごみ,折りたたんで50cm以上のものは粗大ごみへ
74,あ,アイロンケース(プラスチック製),,プラスチック資源,
75,あ,アームスタンド,,小さな金属類,30㎝以上のものは粗大ごみへ
77,あ,編み針,,燃やすごみ,プラスチックのみでできたものはプラスチック資源へ。金属製のものは小さな金属類へ
78,あ,泡立てネット,,プラスチック資源,プラスチック製以外のものは燃やすごみへ
79,あ,油引き,,燃やすごみ,プラスチックのみでできたものはプラスチック資源へ。持ち手が金属製のものは小さな金属類へ。
80,あ,アイロン台カバー,,燃やすごみ,
81,あ,アコーディオンドア,,粗大ごみ,
82,あ,アルミテープ,,燃やすごみ,
83,あ,アルミ台,,粗大ごみ,
84,あ,アンカーボルト,,小さな金属類,30cm以上のものは粗大ごみへ
85,あ,アンクルウエイト,,燃やすごみ,重りを取り外しできる場合は、重りは小さな金属類へ
86,あ,あめの棒,,燃やすごみ,プラスチックのみでできたものはプラスチック資源へ
88,あ,握力計,,燃やすごみ,金属製のものは小さな金属類へ
89,あ,アイスクラッシャー,,燃やすごみ,金属製のものは小さな金属類へ
90,あ,あかすり,,燃やすごみ,
91,あ,麻ひも,,燃やすごみ,
92,あ,IH調理器,,粗大ごみ,金属製で30cm未満のものは小さな金属類、金属製以外で50㎝未満のものは燃やすごみへ
93,あ,アイシャドウチップ,,プラスチック資源,
94,あ,アロマライト(ガラス・陶器製),,燃えないごみ,電球は外す(外せるものの場合)。
95,あ,アイスクリームのふた(紙製),,燃やすごみ,
96,あ,アイスクリームのふた(プラスチック製),,プラスチック資源,
97,あ,アルコール鮮度保持剤,,燃やすごみ,
98,あ,アームバンド,,燃やすごみ,
99,あ,安定器(照明用),,小さな金属類,30cm以上のものは粗大ごみへ プラスチック製のものは燃やすごみへ
100,あ,汗取りマット,,燃やすごみ,
101,あ,足蹴り自転車,,粗大ごみ,
102,あ,アコーディオンフェンス,,粗大ごみ,
103,あ,アロマキャンドルのビン,,燃えないごみ,
104,あ,アイススケートの刃,,小さな金属類,30cm以上のものは粗大ごみへ
106,は,破魔弓,,粗大ごみ,50cm未満のものは燃やすごみへ
107,い,衣装ケース,,粗大ごみ,"木製で50cm未満のものは燃やすごみへ。
プラスチックのみでできたもので50cm未満のものはプラスチック資源へ。
金属製で30cm未満のものは小さな金属類へ"
108,い,いす・座いす・応接用いす,,粗大ごみ,プラスチックのみで50cm未満のものはプラスチック資源へ。金属製で30cm未満のものは小さな金属類へ。
109,い,一輪車,,粗大ごみ,
111,い,一升びん,,販売店または缶・びん・ペットボトル,
112,い,一升びんのフタ(上が金属、下がプラスチック製),,プラスチック資源,分離可能であれば分けて金属部分は小さな金属類へ
113,い,一斗缶,,粗大ごみ,中身を使い切って。
114,い,衣類乾燥機,,家電リサイクル,出し方の詳細はリンクを参照ください
115,い,印鑑,,燃やすごみ,プラスチックのみでできたものはプラスチック資源へ
116,い,インクカートリッジ,,専用回収箱または燃やすごみ,区役所・図書館・行政サービスコーナーなどにある回収箱をご利用ください。
117,い,飲料パック,,古紙（紙パック）,水洗いして切り開く。内側がアルミのものは燃やすごみへ
118,い,衣服,,古布,破れて使えないもの、綿入りの衣類は燃やすごみへ
119,い,イヤホン,◎,燃やすごみ,"プラスチック製のケースはプラスチック資源へ。
電池・充電池は電池類へ。充電池を取り外せないものは、他の燃やすごみとは別の袋で出す。"
120,い,衣類カバー,,燃やすごみ,
121,い,衣類購入時のカバー(プラスチック製),,プラスチック資源,台紙・包装紙は古紙(雑誌・その他紙)へ
122,い,入れ歯,,燃やすごみ,金属製のものは小さな金属類へ
123,い,インクリボン,,燃やすごみ,
124,い,印刷機,,粗大ごみ,事業で排出するものは、事業系ごみ
125,い,印刷紙,,古紙(雑誌・その他の紙）,
126,い,印刷物,,古紙(雑誌・その他の紙）,
127,い,インラインスケート,,燃やすごみ,金属製のものは小さな金属類へ
128,い,い草上敷き,,粗大ごみ,畳んで50cm未満のものは燃やすごみへ
130,い,位牌,,燃やすごみ,
131,い,インスタントカメラ,,燃やすごみ,
132,い,イーゼル,,粗大ごみ,50cm未満のものは燃やすごみへ
133,い,鋳物,,小さな金属類,30cm以上のものは粗大ごみへ
134,い,インソール,,燃やすごみ,
135,い,井戸水用ポンプ,,粗大ごみ,30cm未満のものは小さな金属類へ
136,い,インク瓶,,燃えないごみ,
137,い,インターホン,,燃やすごみ,
138,い,石皿,,燃えないごみ,50cm以上のものは粗大ごみへ
139,い,椅子マット,,粗大ごみ,丸めて50cm未満になるものは燃やすごみへ
140,い,育毛剤(エアゾール缶),,スプレー缶,中身を使い切って 穴はあけない。キャップはプラスチック資源へ。中身が出せなくなったものについては収集事務所に相談
141,い,育毛剤(プラスチック容器),,プラスチック資源,
142,い,育毛剤のびん(ガラスびん),,燃えないごみ,新聞紙等に包み品名を表示する
143,い,インクジェット紙,,古紙(雑誌・その他の紙）,
144,い,インデックスシール,,燃やすごみ,
146,い,糸巻き,,燃やすごみ,プラスチックのみでできたものはプラスチック資源へ
147,い,犬の鎖,,小さな金属類,プラスチックのみで50cm未満のものはプラスチック資源へ
148,い,印鑑ケース,,燃やすごみ,"金属製のものは小さな金属類へ
プラスチックのみでできたものはプラスチック資源へ"
149,い,イヤホンマイク,◎,燃やすごみ,
150,い,インクフィルム,,燃やすごみ,
151,い,板目紙,,古紙(雑誌・その他の紙）,
153,い,ETC車載機,◎,燃やすごみ,
154,い,糸くずフィルター,,燃やすごみ,
155,い,インシュレーター,,小さな金属類,プラスチックのみでできたものはプラスチック資源へ
156,い,色鉛筆ケース(金属製),,小さな金属類,紙製のものは古紙へ。布製のものは燃やすごみへ。ビニール製のものはプラスチック資源へ
157,い,イオン発生器,,燃やすごみ,50cm以上のものは粗大ごみへ
158,い,インタークーラー,,粗大ごみ,30cm未満のものは小さな金属類へ
159,い,入れ歯ケース,,プラスチック資源,プラスチックのみでできたものはプラスチック資源
160,い,石臼,,粗大ごみ,50cm未満のものは燃えないごみへ 重量・サイズによっては収集できない場合があります。
163,い,糸通し,,小さな金属類,プラスチックのみでできたものはプラスチック資源へ
164,い,椅子脚カバー,,燃やすごみ,
165,い,イヤホンジャック(金属製以外),,燃やすごみ,
166,い,イヤホンジャック(金属製),,小さな金属類,
167,い,印鑑(石製),,燃えないごみ,
168,い,インテリア小物(木製・プラスチック製),,燃やすごみ,50cm以上のものは粗大ごみへ。50cm未満でプラスチックのみのものはプラスチック資源へ。
169,い,インテリア小物(金属製),,小さな金属類,30㎝以上のものは粗大ごみへ
170,い,インテリア小物(ガラス製・陶器製・石製),,燃えないごみ,"新聞紙等に包み品名を表示する。50㎝以上のものは粗大ごみへ"
171,い,医療用コルセット,,燃やすごみ,
172,う,植木鉢(素焼き、陶器製),,燃えないごみ,新聞紙等に包み品名を表示する。50cm以上のものは粗大ごみへ
173,う,植木鉢(プラスチック製),,プラスチック資源,50cm以上のものは粗大ごみへ。
174,う,腕時計(ベルトが金属),◎,小さな金属類,
175,う,腕時計(ベルトが金属以外),◎,燃やすごみ,
177,う,うちわ,,燃やすごみ,プラスチックのみでできたものはプラスチック資源へ
178,う,植木,,燃やすごみ,鉢からは抜く。50cm以上のものは粗大ごみ
180,う,ウエットスーツ,,燃やすごみ,
181,う,浮き輪,,燃やすごみ,広げて50cm未満のものはプラスチック資源
182,う,ウッドカーペット,,粗大ごみ,折りたたんで50㎝未満のものは燃やすごみへ
183,う,ウッドパネル,,燃やすごみ,50㎝以上のものは粗大ごみへ
184,う,ウレタン,,プラスチック資源,50cm以上のものは粗大ごみへ
185,う,ウッドデッキ,,粗大ごみ,
187,う,ウレタンマット,,燃やすごみ,畳んで50㎝以上のものは粗大ごみへ。広げて50cm未満でプラスチックのみのものはプラスチック資源へ
190,う,ウエットシート・ウエットティッシュ,,燃やすごみ,容器はプラスチック製容器包装へ
191,う,ウォータークーラー,,粗大ごみ,事業で排出するものは、事業系ごみ
192,う,ウォーターサーバーのボトル(ペットボトル),,販売店または缶・びん・ペットボトル,ペットマークを確認。プラマークのあるものはプラスチック資源へ
193,う,ウエットティッシュの容器,,プラスチック資源,
194,う,ウォールポケット(布製・木製),,燃やすごみ,50cm以上のものは粗大ごみへ
195,う,ウッドタイル,,燃やすごみ,50cm以上のものは粗大ごみへ
196,う,ウエストポーチ,,燃やすごみ,
197,う,ウォータージャグ(金属製),,粗大ごみ,30cm未満のものは小さな金属類へ
198,う,ウォータージャグ(プラスチック製),,燃やすごみ,"50cm以上のものは粗大ごみへ
プラスチックのみでできたものはプラスチック資源へ"
199,う,ウォーターサーバー,,粗大ごみ,
200,う,臼,,粗大ごみ,
201,う,ウォーターベッド,,粗大ごみ,水を抜いておく。抜けない場合は販売店等に相談。
202,う,ウェブカメラ,◎,燃やすごみ,
203,う,ウレタンボード,,粗大ごみ,50cm未満のものは燃やすごみへ
204,う,ウレタンチップ,,プラスチック資源,
205,う,ウッドペレット,,燃やすごみ,
207,う,植木鉢カバー,,燃やすごみ,
208,う,植木鉢カバー(金属製),,粗大ごみ,
209,う,ウィンドーラジエーター,,粗大ごみ,
210,う,ウィンカー,,燃やすごみ,
211,う,ウロコとり(金属製),,小さな金属類,
212,う,運動着,,古布,
213,う,ウィール(スケートボード),,燃やすごみ,
214,う,ウォッシャー液のボトル,,プラスチック資源,
215,う,ウォッシュボール,,燃やすごみ,
216,う,浮き(釣り具),,燃やすごみ,プラスチックのみでできたものはプラスチック資源へ
217,う,雨量計(プラスチック製),,燃やすごみ,プラスチックのみでできたものはプラスチック資源へ
218,う,雨量計(金属製),,小さな金属類,30㎝以上のものは粗大ごみへ
219,う,ウェーダー,,燃やすごみ,
220,え,エアコン,,家電リサイクル,出し方の詳細はリンクを参照ください 
221,え,映像・音響機器,◎,粗大ごみ,"プラスチック製で50㎝未満のものは燃やすごみへ。金属製で30㎝未満のものは小さな金属類へ<br>
リチウムイオン電池類の出し方が令和7年12月1日から変わります。充電池を取り外せないものは、他の燃やすごみとは別の袋で出す。
金属製のものは小さな金属類へ。
引き取りをするメーカーも有。"
222,え,ACアダプター,◎,燃やすごみ,
223,え,枝(せん定後の枝),,燃やすごみ,50cm未満にする。 50cm以上のものは粗大ごみへ
224,え,絵の具チューブ(金属製),,小さな金属類,中身を使い切って
225,え,絵の具チューブ(プラスチック製),,プラスチック資源,中身を使い切って
226,え,MD(ケースも含む),,燃やすごみ,
227,え,MDプレーヤー(据え置きタイプ),,小さな金属類,30㎝以上のものは粗大ごみへ。プラスチック製は燃やすごみへ
228,え,MDプレーヤー(ポータブルタイプ),◎,小さな金属類,プラスチック製は燃やすごみへ
229,え,えんぴつ,,燃やすごみ,
230,え,エアゾール缶,,スプレー缶,中身を使い切って 穴はあけない。キャップはプラスチック資源へ。中身が出せなくなったものについては収集事務所に相談
231,え,エアロバイク,,粗大ごみ,
232,え,エコバッグ,,燃やすごみ,布製のものは「古布」へ
234,え,LDディスク,,プラスチック資源,"紙製のケースは古紙(雑誌・その他の紙)へ
プラスチックのみでできたものはプラスチック資源へ"
235,え,エレクトーン,,粗大ごみ,
236,え,塩化ビニール管,,プラスチック資源,50cm以上のものは粗大ごみへ
237,え,縁台,,粗大ごみ,
238,え,鉛筆削り,,燃やすごみ,金属製のものは小さな金属類へ
239,え,エアガン(金属製),,小さな金属類,30cm以上のものは粗大ごみへ
240,え,エアガン(プラスチック製),,燃やすごみ,50cm以上のものは粗大ごみへ
241,え,エスプレッソマシーン,,燃やすごみ,50cm以上のものは粗大ごみへ
243,え,園芸用支柱,,粗大ごみ,
244,え,園芸用ネット,,燃やすごみ,リサイクル施設の故障原因になるため燃やすごみへ
245,え,エキスパンダー,,小さな金属類,ゴム製・プラスチック製のものは燃やすごみへ
246,え,エアポンプ(プラスチック製),,燃やすごみ,金属製のものは小さな金属類へ
247,え,エアコンカバー・室外機カバー,,粗大ごみ,布製ものは燃やすごみへ。広げて50cm未満でビニール製などプラスチックのみのものはプラスチック資源へ
248,え,液晶保護シート,,プラスチック資源,
249,え,エクササイズ用ポール(スポンジ・ウレタン製),,粗大ごみ,50cm未満のものは燃やすごみへ
250,え,エフェクター(金属製),,小さな金属類,30cm以上のものは粗大ごみへ
251,え,エフェクター(プラスチック製),,燃やすごみ,50cm以上のものは粗大ごみへ
252,え,エアコン(ウインドタイプ),,家電リサイクル,
253,え,エアマット・エアベッド,,燃やすごみ,空気を抜いて 畳んで50cm以上になるものは粗大ごみへ
254,え,エアシート,,粗大ごみ,広げて50cm未満でプラスチックのみのものはプラスチック資源へ
255,え,絵の具箱(紙製),,古紙(雑誌・その他の紙）,
256,え,絵の具箱(金属製),,小さな金属類,30cm以上のものは粗大ごみへ
257,え,絵の具箱(木製),,燃やすごみ,50cm以上のものは粗大ごみへ
258,え,LED電球,,燃やすごみ,ガラス製は燃えないごみへ
259,え,液体石けんのボトル(プラスチック製),,プラスチック資源,
260,え,エアコンダクトカバー,,粗大ごみ,
261,え,塩化ビニールシート,,燃やすごみ,
262,え,エンジョイマット,,粗大ごみ,
263,え,エアクリーナー(車用),,燃やすごみ,
264,え,液体石けんのボトル(ガラス製),,燃えないごみ,
265,え,液体石けんのボトル(金属製),,小さな金属類,
266,え,園芸用ビニールシート,,燃やすごみ,リサイクル施設の故障原因になるため燃やすごみへ
268,え,AVスイッチ,,燃やすごみ,金属製のものは小さな金属類へ
269,え,エレクトリック・トローリング・モーター,,粗大ごみ,
270,え,エアーボード,,燃やすごみ,
271,え,エッグスライサー(プラスチック製),,燃やすごみ,プラスチックのみでできたものはプラスチック資源へ
272,え,エフェクターケース・ボード,,粗大ごみ,木製・プラスチック製で50cm未満のものは燃やすごみへ
273,え,絵具皿,,燃えないごみ,プラスチックのみでできたものはプラスチック資源へ
274,え,FMトランスミッター(車載用),◎,燃やすごみ,
275,え,エアーブラシ,,小さな金属類,
277,え,エアロバー(金属製),,小さな金属類,カーボン製のものは燃やすごみへ
278,え,液体肥料のボトル,,プラスチック資源,
279,え,エビ・カニの殻,,燃やすごみ,
280,え,エンジンオイル容器(プラスチック容器),,プラスチック資源,
281,え,縁石,,粗大ごみ,50cm未満のものは燃えないごみへ
282,え,Nゲージケース,,粗大ごみ,プラスチックのみで50cm未満のものはプラスチック資源へ。その他は燃やすごみへ
283,え,エアフィルター,,燃やすごみ,金属製のものは小さな金属類へ
284,え,エバーフラワー,,燃えないごみ,
285,え,エアボード(ウィンタースポーツ用),,燃やすごみ,広げて50cm未満のものはプラスチック資源へ
286,え,園芸用ピック(金属製),,小さな金属類,30㎝以上は粗大ごみへ
287,え,園芸用ピック(木・プラスチック製),,燃やすごみ,50cm以上のものは粗大ごみへ。50cm未満でプラスチックのみのものはプラスチック資源へ。
288,え,園芸用吊りかご,,燃やすごみ,50cm以上のものは粗大ごみへ。50cm未満でプラスチックのみのものはプラスチック資源へ。金属製で30cm未満のものは小さな金属類へ。
290,え,園芸用吊りかご(金属製),,小さな金属類,30㎝以上のものは粗大ごみへ
291,え,エリザベスカラー(傷口保護用),,燃やすごみ,
292,え,円皮鍼,,燃やすごみ,針が出ないようにして出す(固いケースに入れるなど)。
293,え,AED(本体),,販売店へ相談,"設置場所の登録・管理がされている為、販売店へ相談。参考:<a href=""http://www.mhlw.go.jp/stf/seisakunitsuite/bunya/kenkou_iryou/iyakuhin/aed/index.html"" target=""blank"">厚生労働省ホームページ</a>"
294,え,AEDのパッド,,燃やすごみ,本体は販売店へ相談
295,え,AEDのバッテリー,,販売店か回収協力店,本体は販売店へ相談
296,お,オートバイ,,販売店へ相談,詳細は二輪車リサイクルシステムコールセンター050‐3000‐0727
297,お,オーブンレンジ,,粗大ごみ,
298,お,おたま,,小さな金属類,プラスチックのみでできたものはプラスチック資源へ
299,お,落ち葉,,燃やすごみ,大量の場合は収集事務所に相談を。
300,お,お手拭き,,燃やすごみ,
301,お,お手拭きの包装フィルム,,プラスチック資源,
302,お,おもちゃ(木製・プラスチック製),,燃やすごみ,電池・充電池は電池類へ。充電池を取り外せないものは、他の燃やすごみとは別の袋で出す。50cm以上のものは粗大ごみへ。プラスチックのみで50cm未満のものはプラスチック資源へ。
303,お,オルガン,,粗大ごみ,
304,お,温水洗浄便座(自分で取り外したもののみ),,燃やすごみ,"一番長い辺が50㎝以上のものは粗大ごみへ。ただし、請負工事に伴い取り外したものは業者に処分を依頼する。"
305,お,折り込みちらし(新聞に入っているもの),,古紙（新聞）,新聞紙と一緒に出すことができます
306,お,オーブントースター,,粗大ごみ,金属製で30cm未満は小さな金属類
307,お,お菓子の袋(プラスチック製),,プラスチック資源,銀色のものも含む。
308,お,オイルスプレー(調理用),,燃やすごみ,金属製のものは小さな金属類 ガラス製のものは燃えないごみ
309,お,オイルポット,,小さな金属類,陶器製のものは燃えないごみ。
310,お,オイルボトル(ガラス製),,燃えないごみ,
311,お,オイルボトル(プラスチック製),,プラスチック資源,プラスチックのみでできたものはプラスチック資源へ
312,お,オイルライター・ガスライター(金属製),,小さな金属類,中身を使い切って
313,お,お菓子の缶(金属製),,缶・びん・ペットボトル,30㎝以上の缶は、粗大ごみへ。
314,お,おかま(金属製),,粗大ごみ,30cm未満のものは小さな金属類へ
315,お,桶(金属製),,小さな金属類,30cm以上のものは粗大ごみへ
316,お,桶(金属製以外),,燃やすごみ,50cm以上のものは粗大ごみへ。50cm未満でプラスチックのみのものはプラスチック資源へ
317,お,おしぼり,,燃やすごみ,布製のものは古布
318,お,オシロスコープ(金属製),,小さな金属類,30cm以上のものは粗大ごみへ プラスチック製のものは燃やすごみへ
319,お,お弁当箱(金属製),,小さな金属類,
320,お,お弁当箱(プラスチック製),,プラスチック資源,プラスチックのみでできたものはプラスチック資源
321,お,おぼん・トレー(金属製),,小さな金属類,30cm以上のものは粗大ごみへ
322,お,おぼん・トレー(木製・プラスチック製),,燃やすごみ,50cm未満でプラスチックのみのものはプラスチック資源へ。ガラス製は燃えないごみへ。50㎝以上のものは粗大ごみへ。
323,お,おまる(金属製),,小さな金属類,汚物はトイレに流して30cm以上のものは粗大ごみへ
324,お,おまる(金属製以外),,燃やすごみ,汚物はトイレに流して。50㎝以上のものは粗大ごみ
325,お,おもり,,小さな金属類,30cm以上のものは粗大ごみへ
326,お,オルゴール(金属製),,小さな金属類,30cm以上のものは粗大ごみへ
327,お,オルゴール(金属製以外),,燃やすごみ,ガラス・陶器製のものは燃えないごみへ 50cm以上のものは粗大ごみへ
328,お,お椀,,燃やすごみ,プラスチックのみでできたものはプラスチック資源
329,お,温冷庫,,家電リサイクル,対象外の製品もあるため、メーカーに確認
330,お,オアシス(給水スポンジ),,プラスチック資源,
331,お,OAタップ,◎,燃やすごみ,
332,お,お菓子の包み紙,,古紙(雑誌・その他の紙）,銀紙、及び食べ物やその油が付いているものは燃やすごみへ
333,お,おひつ,,燃やすごみ,50cm以上のものは粗大ごみへ。50cm未満でプラスチックのみのものはプラスチック資源へ
334,お,おむつ入れ,,燃やすごみ,50cm以上のものは粗大ごみへ。50cm未満でプラスチックのみのものはプラスチック資源へ
335,お,おろし器(金属製),,小さな金属類,
336,お,OAチェア,,粗大ごみ,
338,お,お菓子・ケーキなどの焼型(金属製),,小さな金属類,30㎝を越えるものは粗大ごみへ。シリコン製のものは燃やすごみへ
339,お,オットマン(足置き台),,燃やすごみ,50cm以上のものは粗大ごみへ
340,お,折り紙,,古紙(雑誌・その他の紙）,
341,お,お茶漬け(インスタント)の袋,,プラスチック資源,紙製(紙マークのあるもの)は燃やすごみへ
342,お,おむつカバー(布製),,古布,洗って乾かしてから。汚れているものは燃やすごみへ
343,お,温風機,,粗大ごみ,プラスチック製で50cm未満のものは燃やすごみへ。金属製で30cm未満のものは小さな金属類へ 
344,お,OHPフィルム,,プラスチック資源,
345,お,おはじき(プラスチック製),,プラスチック資源,石・ガラス製のものは燃えないごみへ
347,お,おんぶひも,,燃やすごみ,
348,お,オイルフィルター(車用オイルエレメント),,小さな金属類,
349,お,おもちゃ(金属製),,小さな金属類,電池・充電池は電池類へ。充電池を取り外せないものは、他の燃やすごみとは別の袋で出す。30cm以上のものは粗大ごみへ
350,お,お香,,燃やすごみ,
351,お,お茶箱,,粗大ごみ,50cm未満のものは燃やすごみへ
352,お,折りたたみ椅子,,粗大ごみ,50cm未満のものは燃やすごみへ。金属製で30㎝未満のものは小さな金属類へ。
353,お,オール,,粗大ごみ,
355,お,おしりふき,,燃やすごみ,
356,お,おしりふきウォーマー,,燃やすごみ,
357,お,おとしふた,,燃やすごみ,50cm以上のものは粗大ごみへ。50cm未満でプラスチックのみのものはプラスチック資源へ
358,お,帯締め,,燃やすごみ,
359,お,お昼寝マット,,燃やすごみ,
360,お,お守り(紙・布・木製),,燃やすごみ,
361,お,お守り(ガラス・陶器製),,燃えないごみ,
362,お,お守り(金属製),,小さな金属類,
363,お,お面,,燃やすごみ,プラスチックのみでできたものはプラスチック資源へ
364,お,おでんの容器,,プラスチック資源,コンビニ等で販売しているおでんの容器
365,お,押入れシート,,燃やすごみ,
367,お,おくるみ,,古布,洗濯して乾かしてから。汚れたり破れたりしたものは燃やすごみへ。
368,お,おしゃぶり,,燃やすごみ,
369,お,おもちゃ箱,,粗大ごみ,プラスチックのみで50cm未満のものはプラスチック資源へ。金属製で30cm未満のものは小さな金属類へ。その他は燃やすごみへ
370,お,置き鏡,,燃えないごみ,新聞紙等に包み品名を表示する。
372,お,おむつシート,,古布,布製以外は燃やすごみへ
373,お,お座敷ワゴン,,粗大ごみ,50cm未満のものは燃やすごみへ
374,お,お膳,,燃やすごみ,プラスチックのみでできたものはプラスチック資源へ
375,お,織物,,古布,
376,お,帯飾り,,燃やすごみ,金属製のものは小さな金属類へ
377,お,置き床,,粗大ごみ,
378,お,帯(着物),,古布,
379,お,おしぼり機,,粗大ごみ,
380,お,折りたたみベンチ,,粗大ごみ,金属製で30cm未満のものは小さな金属類へ
381,お,お猪口,,燃えないごみ,
382,お,お風呂ポスター,,燃やすごみ,
383,お,オーナメント,,燃やすごみ,プラスチックのみでできたものはプラスチック資源へ
384,お,オカリナ,,燃えないごみ,プラスチックのみでできたものはプラスチック資源へ。木製のものは燃やすごみへ
385,お,お道具箱(紙製),,古紙(雑誌・その他の紙）,
386,お,お香立て(陶器製),,燃えないごみ,
387,お,お香立て(木製),,燃やすごみ,
389,お,お香立て(金属製),,小さな金属類,
391,お,おとしふた(金属製),,小さな金属類,
392,お,斧,,小さな金属類,刃の部分が30㎝以上のものは粗大ごみへ
393,お,オイル吸着剤,,燃やすごみ,
394,お,温泉たまご器・ゆでたまご器(プラスチック製),,プラスチック資源,金属製のものは小さな金属類へ
395,お,温熱治療器,,燃やすごみ,50cm以上のものは粗大ごみへ
396,お,オーディオコンポ,,粗大ごみ,木・プラスチック製で50㎝未満のものは燃やすごみへ。金属製で30㎝未満のものは小さな金属類へ
397,お,お手玉,,燃やすごみ,
398,お,お道具箱(プラスチック製),,プラスチック資源,
399,お,折れ戸,,粗大ごみ,
400,お,お花紙,,古紙(雑誌・その他の紙）,
401,お,オーブン用トレイ,,小さな金属類,30cm以上のものは粗大ごみへ
402,お,お菓子の包み紙(銀紙),,燃やすごみ,
403,お,オブラート,,燃やすごみ,
404,お,応援バット,,プラスチック資源,50cm以上のものは粗大ごみへ
405,お,おむつ処理バケツ(金属製以外),,プラスチック資源,50cm以上のものは粗大ごみへ。50cm未満でプラスチックのみのものはプラスチック資源へ
406,お,お弁当ピック,,プラスチック資源,プラスチックのみでできたものはプラスチック資源
408,お,おしりふきのケース,,プラスチック資源,
409,お,お札(ふだ),,古紙(雑誌・その他の紙）,木製のものは燃やすごみへ。
410,お,お弁当カップ,,燃やすごみ,紙製で未使用のものは古紙(雑誌・その他の紙)へ。プラスチックのみでできたものはプラスチック資源へ
411,お,起き上がり小法師,,燃やすごみ,金属製のものは小さな金属類へ
412,お,おろし器(プラスチック製),,プラスチック資源,プラスチックのみでできたものはプラスチック資源へ
413,お,お菓子の容器(紙製),,燃やすごみ,油汚れのついているものが対象。内袋などがあり、食品が付着していないものは古紙(雑誌・その他の紙)へ
414,お,折りたたみテーブル・折りたたみチェアー,,粗大ごみ,金属製で30cm未満のものは小さな金属類へ。木製で50cm未満のものは燃やすごみへ
415,お,音叉,,小さな金属類,
416,お,おろし器(セラミック製),,燃えないごみ,
417,お,おむつ処理バケツ(金属製),,小さな金属類,30㎝以上のものは粗大ごみ
418,お,オイル時計(ガラス製),,燃えないごみ,電池・充電池は電池類へ。充電池を取り外せないものは、他の燃やすごみとは別の袋で出す。
419,お,オイル時計(プラスチック製),,燃やすごみ,"電池・充電池は電池類へ。充電池を取り外せないものは、他の燃やすごみとは別の袋で出す。
"
420,お,折り紙ケース,,プラスチック資源,プラスチックのみでできたものはプラスチック資源
421,お,お玉置き(プラスチック製),,プラスチック資源,プラスチックのみでできたものはプラスチック資源へ。木製のものは燃やすごみへ。金属製のものは小さな金属類へ
422,か,カーテン,,古布,洗濯して乾かしてから
423,か,カーペット、ホットカーペット,,粗大ごみ,畳んで50cm未満のものは燃やすごみへ
424,か,カーボン紙(裏面にカーボンが塗布),,燃やすごみ,
425,か,カーボン紙(ノーカーボン紙),,古紙(雑誌・その他の紙）,
426,か,貝殻,,燃やすごみ,
427,か,懐中電灯(プラスチック製),◎,燃やすごみ,電池・充電池は電池類へ。充電池を取り外せないものは、他の燃やすごみとは別の袋で出す。
428,か,懐中電灯(金属製),◎,小さな金属類,"電池・充電池は電池類へ。充電池を取り外せないものは、他の燃やすごみとは別の袋で出す。
"
429,か,カイロ(携帯用・蒸気タイプ),,燃やすごみ,
430,か,カイロの外包装,,プラスチック資源,
431,か,鏡,,燃えないごみ,新聞紙等に包み品名を表示する。50cm以上のものは粗大ごみへ
432,か,かさ(骨が金属製),,小さな金属類,骨組みと布部分に分け、布・ビニールは燃やすごみへ。 持ち手はつけたまま出すことができます。
433,か,加湿器(プラスチック製),,燃やすごみ,50㎝以上のものは粗大ごみへ
434,か,菓子箱(紙製),,古紙(雑誌・その他の紙）,折りたたんで出す。食べ物の油等が付着しているものは燃やすごみへ
435,か,菓子箱(金属製),,缶・びん・ペットボトル,
436,か,ガステーブル(ガスコンロ),,粗大ごみ,"電池・充電池は電池類へ。
"
439,か,カセットコンロ(卓上コンロ),,小さな金属類,"電池・充電池は電池類へ。充電池を取り外せないものは、他の燃やすごみとは別の袋で出す。30㎝以上のものは粗大ごみへ。
ガスボンベは中身を使い切って、スプレー缶へ。"
440,か,ガスボンベ(カートリッジ式),,スプレー缶,中身を使い切って 穴はあけない。キャップはプラスチック資源へ。中身が出せなくなったものについては収集事務所に相談
441,か,カセットテープ,,燃やすごみ,カセットテープケースと分けて。ケースはプラスチック資源へ
442,か,カップ麺の包装フィルム,,プラスチック資源,
443,か,カップ麺の中の具の袋・スープの袋,,プラスチック資源,
444,か,カップ麺の容器のフタ(裏側が銀紙),,燃やすごみ,
445,か,カップ麺の容器のフタ(プラスチック製),,プラスチック資源,
446,か,カップ麺の容器(紙製),,燃やすごみ,
448,か,カップ麺の容器(プラスチック製),,プラスチック資源,
449,か,かばん,,燃やすごみ,50㎝以上のものは粗大ごみへ
450,か,花びん(陶器・ガラス製),,燃えないごみ,新聞紙等に包み品名を表示する。50㎝以上のものは粗大ごみへ
451,か,紙おむつ,,燃やすごみ,汚物はトイレに流して
452,か,紙コップ(未使用),,古紙(雑誌・その他の紙）,使用前は古紙(雑誌・その他の紙)へ。使用済は燃やすごみへ
453,か,紙皿(未使用),,古紙(雑誌・その他の紙）,使用前は古紙(雑誌・その他の紙)へ。使用済は燃やすごみへ
454,か,かみそり機(電気かみそり機),◎,燃やすごみ,電池・充電池は電池類へ。充電池を取り外せないものは、他の燃やすごみとは別の袋で出す。
455,か,かみそりの刃,,小さな金属類,新聞紙等に包み品名を表示する
456,か,紙袋,,古紙(雑誌・その他の紙）,ビニール製などのひもは取り除く
457,か,紙粘土,,燃やすごみ,
459,か,カメラ・デジタルカメラ(プラスチック製),◎,燃やすごみ,電池・充電池は電池類へ。充電池を取り外せないものは、他の燃やすごみとは別の袋で出す。
460,か,カメラ・デジタルカメラ(金属製),◎,小さな金属類,電池・充電池は電池類へ。充電池を取り外せないものは、他の燃やすごみとは別の袋で出す。
461,か,カレンダー,,古紙(雑誌・その他の紙）,金属部分は小さな金属類へ
462,か,換気扇(プラスチック製),,燃やすごみ,50cm以上のものは粗大ごみへ。50㎝未満でプラスチック部分(プロペラなど)があれば、プラスチック資源へ
463,か,換気扇(金属製),,粗大ごみ,30cm未満のものは小さな金属類へ
464,か,缶のフタ,,小さな金属類,飲料用・食料用のもののうち、缶に付いたままのものは「缶・びん・ペットボトル」へ
465,か,乾電池(マンガン、アルカリ、リチウム一次電池),,電池類,可能な限り使い切って、テープなどで絶縁をしてください。
466,か,感熱紙(レシートなど熱により発色する紙),,古紙(雑誌・その他の紙）,
467,か,感熱発泡紙(点字本等),,燃やすごみ,加熱すると盛り上がる紙
468,か,カーナビ,◎,燃やすごみ,"金属製のものは小さな金属類へ
車載用の液晶テレビは家電リサイクルの対象外です"
469,か,ガムテープ,,燃やすごみ,
470,か,カラーボックス,,粗大ごみ,50cm未満のものは燃やすごみへ
471,か,革製品,,燃やすごみ,
472,か,カーステレオ,◎,小さな金属類,金属製以外のものは燃やすごみへ
473,か,カーテンレール(金属製),,粗大ごみ,30cm未満のものは小さな金属類へ
474,か,カーテンレール(金属製以外),,粗大ごみ,50cm未満のものは燃やすごみへ
475,か,絵画,,燃やすごみ,50cm以上のものは粗大ごみへ 紙だけになるものは古紙(雑誌・その他の紙)へ
476,か,買い物袋,,燃やすごみ,紙製のものは古紙(雑誌・その他の紙)へ。プラスチックのみでできたものはプラスチック資源へ
477,か,回覧板,,燃やすごみ,
478,か,鍵,,小さな金属類,
479,か,かき氷機(金属製),,小さな金属類,30cm以上のものは粗大ごみへ
480,か,かき氷機(プラスチック製),,燃やすごみ,50cm以上のものは粗大ごみへ
481,か,額縁(金属製),,小さな金属類,30cm以上のものは粗大ごみへ
483,か,額縁(木製),,燃やすごみ,50cm以上のものは粗大ごみへ
484,か,傘立て,,粗大ごみ,プラスチックのみで50cm未満のものはプラスチック資源へ。木製で50cm未満のものは燃やすごみへ。陶器製で50cm未満のものは燃えないごみへ。金属製で30cm未満のものは小さな金属類へ
485,か,果実酒びん(梅酒などを漬けるもの),,燃えないごみ,ふたは、プラスチックのみでできたものはプラスチック資源へ。金属製のものは小さな金属類へ
486,か,型紙,,古紙(雑誌・その他の紙）,
487,か,ガチャガチャ(カプセル),,プラスチック資源,
488,か,楽器,,粗大ごみ,木製で50cm未満のものは燃やすごみへ。プラスチックのみでできたもので50cm未満のものはプラスチック資源へ。金属製で30cm未満のものは小さな金属類へ。ピアノは販売店へ相談。
489,か,カッターナイフ(金属製),,小さな金属類,プラスチック製のものは、刃以外はプラスチック資源へ
490,か,蚊取り線香,,燃やすごみ,
491,か,金網,,粗大ごみ,30cm未満のものは小さな金属類へ
492,か,かなづち,,小さな金属類,
493,か,画鋲,,小さな金属類,新聞紙等に包み、品名を表示する。
494,か,兜,,燃やすごみ,50cm以上のものは粗大ごみへ
495,か,壁紙,,粗大ごみ,丸めて50cm未満であれば燃やすごみ
496,か,かま,,小さな金属類,新聞紙等に包み品名を表示する。
497,か,がまぐち,,燃やすごみ,
498,か,かみそり(持ち手がプラスチック製),,燃やすごみ,刃の部分はカバー等を付け、刃が出ないようにする。金属のみの替刃だけを出す場合は小さな金属類へ。
499,か,紙テープ,,古紙(雑誌・その他の紙）,
500,か,髪の毛,,燃やすごみ,事業(理髪業等)で排出するものは、事業系ごみとして出す
501,か,紙の包装,,古紙(雑誌・その他の紙）,
502,か,ガム,,燃やすごみ,包み紙(銀紙)も燃やすごみへ
503,か,ガラスびん(購入時に食品・飲料が入っていたもの),,缶・びん・ペットボトル,
504,か,枯れ草,,燃やすごみ,大量に出す場合は収集事務所に相談
505,か,缶(飲料・食品用以外),,小さな金属類,中身を使い切って。30cm以上のものは粗大ごみへ。エアゾール缶タイプのものはスプレー缶へ
506,か,簡易充電器(携帯電話や電動歯ブラシなどの家電製品の充電器),◎,燃やすごみ,
507,か,乾燥剤,,燃やすごみ,
508,か,缶バッジ,,小さな金属類,
509,か,金具,,小さな金属類,30cm以上のものは粗大ごみへ
510,か,ガーゼ,,燃やすごみ,
511,か,カーラー,,燃やすごみ,電池・充電池は電池類へ。充電池を取り外せないものは、他の燃やすごみとは別の袋で出す。プラスチックのみでできたものはプラスチック資源へ
512,か,火災報知機,◎,燃やすごみ,電池・充電池は電池類へ。充電池を取り外せないものは、他の燃やすごみとは別の袋で出す。
513,か,苛性ソーダ,,販売店へ相談,
514,か,かつら・つけ毛,,燃やすごみ,
515,か,家庭用低周波治療器,,燃やすごみ,50cm以上のものは粗大ごみへ
516,か,カメラのレンズ,,燃やすごみ,
517,か,蚊帳,,燃やすごみ,
518,か,画用紙,,古紙(雑誌・その他の紙）,
519,か,カラーコーン,,粗大ごみ,50cm未満のものはプラスチック資源へ
520,か,カラオケ機,,粗大ごみ,
521,か,ガラス板・棒,,燃えないごみ,50cm以上のものは粗大ごみへ
522,か,ガラス・陶器の容器,,燃えないごみ,"50cm以上のものは粗大ごみへ金属製のふたは小さな金属類へ"
523,か,ガラスのフタ,,燃えないごみ,50cm以上のものは粗大ごみへ
524,か,瓦,,燃えないごみ,請負工事に伴い取り外したものは業者に処分を依頼する。
525,か,缶切り,,小さな金属類,
526,か,鉋(かんな),,燃やすごみ,
527,か,花材,,燃やすごみ,金属製のものは小さな金属類へ
528,か,金ざる,,小さな金属類,30cm以上のものは粗大ごみへ
529,か,金やすり,,小さな金属類,
530,か,カビ取りスプレー,,プラスチック資源,中身を使いきって エアゾール缶のものはスプレー缶へ
531,か,がれき,,燃えないごみ,多量の場合は収集事務所へ相談 事業で出たものは産業廃棄物
532,か,軽石,,燃えないごみ,
533,か,カーワックス,,燃やすごみ,缶は小さな金属類へ。プラスチックボトルはプラスチック資源へ
534,か,紙やすり,,燃やすごみ,
535,か,カメラケース(革製・布製),,燃やすごみ,
536,か,カーシート,,粗大ごみ,
537,か,カーテンフック,,小さな金属類,プラスチックのみでできたものはプラスチック資源へ。木製のものは燃やすごみへ
538,か,懐中時計(金属製),◎,小さな金属類,プラスチック製のものは燃やすごみへ。電池・充電池は電池類へ。充電池を取り外せないものは、他の燃やすごみとは別の袋で出す。
539,か,家具転倒防止ポール,,粗大ごみ,"プラスチックのみで50cm未満のものはプラスチック資源へ。金属製で30cm未満のものは小さな金属類へ。
その他は燃やすごみへ"
540,か,金だらい,,粗大ごみ,30cm未満のものは小さな金属類へ
541,か,金たわし,,小さな金属類,
542,か,神棚,,粗大ごみ,50cm未満のものは燃やすごみへ
543,か,ガスオーブンレンジ,,粗大ごみ,"電池・充電池は電池類へ。
"
547,か,ガスコンロカバー(金属製),,粗大ごみ,30cm未満のものは小さな金属類へ
548,か,カッターシート,,燃やすごみ,50cm以上のものは粗大ごみへ
549,か,ガット(テニス・バドミントン),,プラスチック資源,
550,か,簡易トイレ(置き型タイプ),,燃やすごみ,50cm以上のものは粗大ごみ(固めた汚物は燃やすごみへ)
552,か,ガラスクリーナー(エアゾール缶),,スプレー缶,中身を使い切って 穴はあけない。キャップはプラスチック資源へ。中身が出せなくなったものについては収集事務所に相談
553,か,ガラスクリーナー(スプレー式),,プラスチック資源,
554,か,ガラス戸,,粗大ごみ,50cm未満のものは燃えないごみへ
556,か,かるた,,古紙(雑誌・その他の紙）,プラスチックのみでできたものはプラスチック資源へ
557,か,化石,,燃えないごみ,
558,か,家計簿,,古紙(雑誌・その他の紙）,
559,か,乾燥機台,,粗大ごみ,
561,か,紙ひも,,古紙(雑誌・その他の紙）,
562,か,ガーデンライト(金属製),,小さな金属類,電球は外す(外せるものの場合)。30cm以上のものは粗大ごみへ
563,か,ガーデンライト(プラスチック製),,燃やすごみ,電球は外す(外せるものの場合)。50cm以上のものは粗大ごみへ
564,か,ガスレンジシート,,燃やすごみ,
565,か,ガソリン携行缶(金属製),,粗大ごみ,30cm未満のものは小さな金属類へ
566,か,曲尺,,小さな金属類,30cm以上のものは粗大ごみへ
567,か,紙きれ,,古紙(雑誌・その他の紙）,
571,か,カラオケセット,,粗大ごみ,金属製で30㎝未満のものは小さな金属類へ プラスチック製のもので50㎝未満のものは燃やすごみへ
572,か,刈り込みはさみ,,粗大ごみ,30㎝未満のものは小さな金属類へ。新聞紙等に包み品名を表示する。
573,か,緩衝材(紙製),,古紙(雑誌・その他の紙）,捺染紙・アイロンプリント紙のものは燃やすごみへ
574,か,ガーデンアーチ,,粗大ごみ,
575,か,楽器ケース,,粗大ごみ,50cm未満のものは燃やすごみへ
576,か,ガラス細工,,燃えないごみ,50cm以上のものは粗大ごみへ
578,か,ガラス片,,燃えないごみ,新聞紙等に包み、品名を表示する。
579,か,掛け軸,,燃やすごみ,丸めて50cm以上のものは粗大ごみへ
580,か,カップ酒,,缶・びん・ペットボトル,金属製のふたは小さな金属類へ。プラスチックのふたはプラスチック資源へ
581,か,カヌー,,粗大ごみ,重量・サイズによっては一部除外あり
583,か,蚊取りマット,,燃やすごみ,
584,か,画板,,粗大ごみ,50cm未満のものは燃やすごみへ
585,か,釜飯の容器(陶器製),,燃えないごみ,
586,か,カーペットクリーナー(ローラー式),,燃やすごみ,50cm以上のものは粗大ごみへ
587,か,歌詞カード,,古紙(雑誌・その他の紙）,
588,か,笠,,燃やすごみ,
589,か,かまぼこ板,,燃やすごみ,
590,か,門松,,粗大ごみ,50cm未満のものは燃やすごみへ
591,か,カウル(バイク),,燃やすごみ,50cm以上のものは粗大ごみへ。50cm未満でプラスチックのみのものはプラスチック資源へ
592,か,ガススプリング,,小さな金属類,30cm以上のものは粗大ごみへ。プラスチック製のものは燃やすごみへ
593,か,カーゴボックス,,粗大ごみ,
594,か,カートリッジインキ,,燃やすごみ,
595,か,カウンター,,粗大ごみ,
596,か,回転台,,燃やすごみ,50cm以上のものは粗大ごみ、金属製で30cm未満のものは小さな金属類 30cm以上のものは粗大ごみ
597,か,缶ケース,,小さな金属類,
598,か,蚊取り線香の缶,,小さな金属類,
599,か,肩たたき,,燃やすごみ,
600,か,傘袋,,プラスチック資源,
601,か,甕(かめ),,燃えないごみ,50cm以上のものは粗大ごみへ
602,か,ガチャック,,燃やすごみ,金属製の替玉(ガチャ玉)は小さな金属類へ
603,か,寒冷紗,,古布,汚れたり、破れたものは燃やすごみへ
604,か,鐘,,小さな金属類,30cm以上のものは粗大ごみへ
605,か,ガスコンロシート,,燃やすごみ,
607,か,かぎ針,,小さな金属類,プラスチックのみでできたものはプラスチック資源へ。木製のものは燃やすごみへ
608,か,攪拌機,,粗大ごみ,
609,か,カドラー,,燃やすごみ,50㎝以上のものは粗大ごみへ
610,か,拡声器,,燃やすごみ,
611,か,カーテンレールランナー,,燃やすごみ,プラスチックのみでできたものはプラスチック資源へ
612,か,カードカバー,,燃やすごみ,プラスチックのみでできたものはプラスチック資源へ
613,か,かまど,,粗大ごみ,
614,か,カウベル,,小さな金属類,
615,か,カラビナ,,小さな金属類,
616,か,干渉防止シート,,燃やすごみ,
617,か,紙芝居,,古紙(雑誌・その他の紙）,
619,か,掻い巻き布団,,燃やすごみ,
620,か,滑車(金属製),,小さな金属類,金属製以外のものは燃やすごみへ
621,か,カードケース(金属製以外),,燃やすごみ,金属製のものは小さな金属類へ、プラスチックのみでできたものはプラスチック資源へ
622,か,ガスバーナー,,小さな金属類,
623,か,カップホルダー,,燃やすごみ,プラスチックのみでできたものはプラスチック資源へ
624,か,花びん(金属製),,小さな金属類,
625,か,茅,,燃やすごみ,
626,か,浣腸,,燃やすごみ,
627,か,かかし,,粗大ごみ,事業で排出するものは事業系ごみ、家庭から出たもので50cm以下のものは燃やすごみへ
628,か,紙パンツ,,燃やすごみ,
629,か,ガイガーカウンター(プラスチック製),,燃やすごみ,金属製のものは小さな金属類へ
630,か,ガムテープカッター,,燃やすごみ,金属製のものは小さな金属類へ
631,か,ガーメントスチーマー(衣類スチーマー),,粗大ごみ,プラスチック製で50cm未満のものは燃やすごみへ。金属製で30cm未満のものは小さな金属類へ
632,か,ガラスびん(食品・飲料以外が入っていたもの),,燃えないごみ,
633,か,紙コップのフタ(プラスチック製),,プラスチック資源,
634,か,化学薬品,,販売店へ相談,
635,か,カードホルダー,,燃やすごみ,プラスチックのみでできたものはプラスチック資源へ
636,か,かみそりの刃(カートリッジ式),,燃やすごみ,ケースに入れるか、紙で包むなどして出す。
637,か,階段マット,,燃やすごみ,
639,か,紙パック(内側がアルミ張りのもの),,燃やすごみ,
640,か,蚊取り線香入れ(金属製),,小さな金属類,
641,か,蚊取り線香入れ(陶器製),,燃えないごみ,
642,く,靴乾燥機,,燃やすごみ,50cm以上のものは粗大ごみへ
643,か,ガーデンテーブル,,粗大ごみ,
645,か,カーナビ用アンテナ,◎,燃やすごみ,
646,か,カラーテープ,,燃やすごみ,
647,か,ガラスコーティング剤(プラスチック容器),,プラスチック資源,
648,か,乾燥麺の袋,,プラスチック資源,
649,か,かさ(骨がプラスチック製),,燃やすごみ,
650,か,カーペット鋲(上敷鋲),,小さな金属類,新聞紙等に包み、品名を表示する。
651,か,画鋲抜き,,燃やすごみ,金属製のものは小さな金属類へ、プラスチックのみでできたものはプラスチック資源へ
652,か,菓子箱(プラスチック製),,プラスチック資源,
653,か,ガチ袋,,燃やすごみ,
655,か,楽器スタンド,,粗大ごみ,
656,か,カトラリーケース,,燃やすごみ,"金属製のものは小さな金属類へ、
ガラス製のものは燃えないごみへ、
プラスチックのみでできたものはプラスチック資源へ"
657,か,花びん敷き(布製),,古布,
658,か,ガラス拭きシート,,燃やすごみ,
659,か,踵やすり,,燃やすごみ,金属製のものは小さな金属類へ
660,か,学生証(プラスチック製),,燃やすごみ,紙製のものは古紙(雑誌・その他の紙)へ
661,か,カードゲーム,,古紙(雑誌・その他の紙）,プラスチックのみでできたものはプラスチック資源へ
662,か,カードホルダー(金属製),,小さな金属類,
663,か,カーテンホルダー(金属製),,小さな金属類,
664,か,カーテンホルダー,,燃やすごみ,プラスチックのみでできたものはプラスチック資源へ。金属製のものは小さな金属類へ。その他は燃やすごみへ
665,か,カラーコーンウェイト,,燃やすごみ,
666,か,カラー,,プラスチック資源,
667,か,紙風船,,古紙(雑誌・その他の紙）,
668,か,ガーデン用ファウンテン(プラスチック製),,燃やすごみ,50cm以上のものは粗大ごみへ。50cm未満でプラスチックのみのものはプラスチック資源へ
669,か,ガーデン用ファウンテン(ガラス・陶器製),,燃えないごみ,50㎝以上のものは粗大ごみへ
670,か,カメラのファインダー,,燃やすごみ,
671,か,カッターナイフ(セラミック製),,燃えないごみ,
672,か,ガラスブロック,,燃えないごみ,50㎝以上のものは粗大ごみへ
673,か,ガチャ玉,,小さな金属類,
674,か,かみそり洗浄機,◎,燃やすごみ,金属製のものは小さな金属類へ
675,か,カイロケース,,燃やすごみ,
676,か,カメラフィルムの保護バッグ,,燃やすごみ,
677,か,楽器用フットペダル(プラスチック製),,燃やすごみ,金属製のものは小さな金属類へ
678,か,カメラ・ビデオの防水ケース,,燃やすごみ,
679,か,鏡餅(プラスチック製の容器・包装),,プラスチック資源,個包装の袋も対象。紙製の飾りは古紙へ。その他の飾り・食品残渣は燃やすごみへ
680,か,鏡餅の飾り,,燃やすごみ,紙製の飾りは古紙へ。プラスチックのみでできたものはプラスチック資源へ
681,か,ガラスフィルム(スマートフォン、携帯用など),,燃えないごみ,プラスチックのみでできたものはプラスチック資源へ
682,き,ギター,,粗大ごみ,
683,き,ギターケース,,粗大ごみ,ソフトケース(たためるもの)はたたんで燃やすごみへ
684,き,キッチンガード・油はねガード(スチール製),,粗大ごみ,"30cm未満のものは小さな金属類へ アルミシート製・シールタイプのものは燃やすごみへ"
685,き,着物類(どてら・丹前等わた入りのものを除く),,古布,洗濯して乾かしてから(どてら・丹前は燃やすごみへ)
686,き,急須(陶器製・ガラス製),,燃えないごみ,新聞紙等に包み品名を表示する
688,き,牛乳パック,,古紙（紙パック）,水洗いして切り開く
690,き,牛乳びん,,販売店または缶・びん・ペットボトル,
691,き,牛乳びんのフタ(紙製),,古紙(雑誌・その他の紙）,洗うなどして汚れを落す
692,き,牛乳びんのフタのビニール,,プラスチック資源,
693,き,鏡台,,粗大ごみ,
694,き,キーケース,,燃やすごみ,"金属製のものは小さな金属類へ、
プラスチックのみでできたものはプラスチック資源へ"
695,き,キーホルダー,,燃やすごみ,金属製のものは小さな金属類へ
696,き,貴金属,,小さな金属類,
697,き,木くず,,燃やすごみ,
698,き,ギターアンプ,,燃やすごみ,50cm以上のものは粗大ごみへ
699,き,ギタースタンド(金属製),,小さな金属類,畳んで30cm以上のものは粗大ごみ
700,き,キックスクーター,,粗大ごみ,プラスチック製で50㎝未満のものは燃やすごみへ(電池・充電池は電池類へ。充電池を取り外せないものは、他の燃やすごみとは別の袋で出す。)
701,き,キャスター付きワゴン,,粗大ごみ,
702,き,切符,,古紙(雑誌・その他の紙）,
703,き,木戸,,粗大ごみ,
704,き,木の枝,,燃やすごみ,50cm未満にする。 50cm以上のものは粗大ごみへ
705,き,木の葉,,燃やすごみ,大量の場合は収集事務所に相談
706,き,木箱,,燃やすごみ,50cm以上のものは粗大ごみへ
707,き,キャスターバッグ,,粗大ごみ,布・プラスチック製で50cm未満のものは燃やすごみへ
708,き,脚立,,粗大ごみ,プラスチック製で50cm未満のものは燃やすごみへ。金属製で30cm未満のものは小さな金属類へ 
709,き,キャンバス,,燃やすごみ,50cm以上のものは粗大ごみへ
710,き,吸入器,,燃やすごみ,50cm以上のものは粗大ごみへ
711,き,救急箱,,燃やすごみ,50cm以上のものは粗大ごみへ。50cm未満でプラスチックのみのものはプラスチック資源へ
712,き,金属パイプ,,粗大ごみ,30cm未満のものは小さな金属類へ
713,き,キッチンマット,,燃やすごみ,
714,き,基板,◎,燃やすごみ,
715,き,キルティングマット・シーツ,,粗大ごみ,畳んで50cm未満のものは燃やすごみへ
716,き,金属板,,小さな金属類,30cm以上のものは粗大ごみへ
718,き,金属線,,小さな金属類,
719,き,キャビネット,,粗大ごみ,木製で50cm未満のものは燃やすごみへ。プラスチックのみで50cm未満のものはプラスチック資源へ。金属製で30cm未満のものは小さな金属類へ
721,き,義肢,,粗大ごみ,金属製で30㎝未満のものは小さな金属類へ 金属製以外のもので50㎝未満のものは燃やすごみへ
722,き,錐(きり:金属製),,小さな金属類,新聞紙等に包み、品名を表示
724,き,吸引カップ(美容器具),,燃やすごみ,プラスチックのみでできたものはプラスチック資源へ
725,き,錐(きり:柄が木製のもの),,燃やすごみ,個別に新聞紙等に包み、品名を表示
726,き,徽章,,小さな金属類,リボンタイプ(布製)は燃やすごみへ
727,き,キャットタワー(金属製),,粗大ごみ,分解できるもので30cm未満になるものは小さな金属類へ
728,き,キャットタワー,,粗大ごみ,分解できるもので50cm未満になるものは燃やすごみへ。プラスチックのみで50cm未満になるものはプラスチック資源へ
729,き,吸盤,,燃やすごみ,
730,き,霧吹き(ガラス製),,燃えないごみ,
731,き,霧吹き(金属製),,小さな金属類,30cm以上のものは粗大ごみへ
732,き,霧吹き(プラスチック製),,プラスチック資源,
733,き,キッズカー,,粗大ごみ,プラスチックのみで50cm未満のものはプラスチック資源へ。金属製で30cm未満のものは小さな金属類へ。
734,き,キッチンボード,,粗大ごみ,
735,き,金魚鉢(ガラス製),,燃えないごみ,50cm以上のものは粗大ごみへ
736,き,金魚鉢(プラスチック製),,プラスチック資源,50cm以上のものは粗大ごみへ
737,き,金属棒,,粗大ごみ,30cm未満のものは小さな金属類へ
738,き,キャリーカート,,粗大ごみ,プラスチック製で50cm未満のものは燃やすごみへ。金属製で30cm未満のものは小さな金属類へ。(粗大ごみでない場合、布やビニールのバッグ部分は燃やすごみへ)
739,き,木の根,,燃やすごみ,50cm未満にする。 50cm以上のものは粗大ごみへ
740,き,杵(きね),,粗大ごみ,50cm未満のものは燃やすごみへ
741,き,救命胴衣,,燃やすごみ,
742,き,金属製のチューブ,,小さな金属類,中身は使い切って。キャップはプラスチック資源へ
743,き,キーチェーン,,小さな金属類,金属製以外のものは燃やすごみへ
744,き,キッチンペーパー,,燃やすごみ,
745,き,切手,,古紙(雑誌・その他の紙）,
746,き,キャスターハンガー,,粗大ごみ,
747,き,ギプス,,燃えないごみ,
748,き,金杯,,燃やすごみ,金属製のものは小さな金属類へ
750,き,吸盤フック,,燃やすごみ,
751,き,吸引器,,燃やすごみ,
752,き,球根,,燃やすごみ,
753,き,キャッチャーマスク,,燃やすごみ,金属製のものは小さな金属類へ
754,き,着ぐるみ,,粗大ごみ,丸めて50cm未満になるものは燃やすごみへ、布製のものは古布へ。※事業で使っていたものは事業系ごみで出すこと。
755,き,吸引機,,燃やすごみ,
756,き,銀紙,,燃やすごみ,おりがみの銀紙・金紙も対象
757,き,絹,,古布,
758,き,キッチンシート,,燃やすごみ,
759,き,キーボードスタンド,,粗大ごみ,
760,き,キャンプマット,,粗大ごみ,折りたたんで50cm未満のものは燃やすごみへ
761,き,キャニスター(陶器・ガラス製),,燃えないごみ,
763,き,キャリーバスケット,,燃やすごみ,50cm以上のものは粗大ごみへ。50cm未満でプラスチックのみのものはプラスチック資源へ
765,き,記名帳,,古紙(雑誌・その他の紙）,
766,き,キーボードカバー,,燃やすごみ,
767,き,木の板,,燃やすごみ,50cm以上のものは粗大ごみへ
768,き,気泡浴装置(家庭用),,燃やすごみ,50cm以上のものは粗大ごみへ
769,き,キャットハウス,,粗大ごみ,プラスチックのみで50cm未満のものはプラスチック資源へ。その他は燃やすごみへ
770,き,金属の箱,,小さな金属類,食品の入っていた缶は「缶・びん・ペットボトル」へ
771,き,キャニスター(金属製),,小さな金属類,
772,き,キャスター金具,,小さな金属類,
773,き,キャッチャー用プロテクター,,粗大ごみ,50cm未満のものは燃やすごみへ
774,き,金属片,,小さな金属類,
775,き,キルティングフープ,,燃やすごみ,直径50cm以上のものは粗大ごみへ
776,き,魚群探知機,◎,燃やすごみ,電池・充電池は電池類へ。充電池を取り外せないものは、他の燃やすごみとは別の袋で出す。
777,き,キャニスター(プラスチック製),,プラスチック資源,プラスチックのみでできたものはプラスチック資源へ
778,き,キャッシュトレー(プラスチック・革・木製),,燃やすごみ,プラスチックのみでできたものはプラスチック資源へ
779,き,キャッシュトレー(金属製),,小さな金属類,
780,き,キャッシュトレー(陶器製),,燃えないごみ,
781,き,木づち,,燃やすごみ,50㎝以上のものは粗大ごみへ
782,き,木の実,,燃やすごみ,
783,き,灸,,燃やすごみ,
784,き,キャンディーポット,,小さな金属類,ガラス部分は外して燃えないごみへ。プラスチックのみでできたものはプラスチック資源へ
785,く,空気入れ(自転車用など),,粗大ごみ,"プラスチックのみで50cm未満のものはプラスチック資源へ。金属製で30cm未満のものは小さな金属類へ。
その他は燃やすごみへ"
786,く,空気清浄機,,燃やすごみ,50cm以上のものは粗大ごみへ。ガラス部分は外して燃えないごみへ
787,く,くぎ,,小さな金属類,新聞紙等に包み品名を表示する。 プラスチック製は燃やすごみへ
788,く,くさり(金属製),,小さな金属類,プラスチックのみでできたものはプラスチック資源へ
789,く,串(竹など),,燃やすごみ,"新聞紙等に包む。
プラスチックのみでできたものはプラスチック資源へ"
790,く,串(金属製),,小さな金属類,新聞紙等に包み品名を表示する
791,く,薬(飲み薬・塗り薬),,燃やすごみ,液体の飲み薬は流す。プラスチック製の個別包装はプラスチック資源へ
792,く,薬(飲み薬錠剤)の個別包装ケース,,プラスチック資源,銀色のものも含む。紙製の包みは古紙(雑誌・その他の紙)へ。「金属」と記載の場合は、燃やすごみへ
793,く,薬(飲み薬)の容器(プラスチック製),,プラスチック資源,
794,く,薬(飲み薬)の容器(びん),,缶・びん・ペットボトル,
795,く,薬(飲み薬)の容器のキャップ(プラスチック製),,プラスチック資源,
796,く,果物(いちごなど)が入っているプラスチック製容器,,プラスチック資源,
797,く,果物(みかんなど)が入っているネット,,プラスチック資源,
798,く,口紅,,燃やすごみ,容器と分離して
799,く,口紅ケース(プラスチック製),,プラスチック資源,中身を使い切って
800,く,口紅ケース(金属製),,小さな金属類,中身を使い切って
801,く,靴,,燃やすごみ,
802,く,靴下(破れていない 左右そろったもの),,古布,洗濯して乾かしてから。破れていたり左右そろっていないものは燃やすごみへ
803,く,靴下の帯巻き(紙製),,古紙(雑誌・その他の紙）,
804,く,靴下の外包装,,プラスチック資源,
805,く,靴箱(紙製),,古紙(雑誌・その他の紙）,折りたたんで
806,く,靴箱の中紙(緩衝材),,古紙(雑誌・その他の紙）,
807,く,靴を購入したときに入っているプラスチック製の詰め物,,プラスチック資源,
808,く,クッション,,燃やすごみ,50cm以上のものは粗大ごみへ
809,く,クーラーボックス,,燃やすごみ,50cm以上のものは粗大ごみへ。50cm未満でプラスチックのみのものはプラスチック資源へ
810,く,クリーニングにかぶせてある外のビニール,,プラスチック資源,
811,く,クレヨンケース(紙製),,古紙(雑誌・その他の紙）,折りたたんで
812,く,クレヨンケース(プラスチック製),,プラスチック資源,
813,く,グローブ(野球・ボクシング等),,燃やすごみ,
814,く,軍手,,燃やすごみ,未使用のものは古布へ
815,く,クッキングシート,,燃やすごみ,
816,く,薬(塗り薬)の容器(びん),,燃えないごみ,
817,く,薬さじ,,プラスチック資源,金属製のものは小さな金属類、ガラス製のものは燃えないごみへ
818,く,クッションカバー,,古布,
819,く,クッションマット,,燃やすごみ,折りたたんで50cm以上のものは粗大ごみへ
820,く,クリアケース・クリアボックス,,プラスチック資源,50cm以上のものは粗大ごみへ
821,く,クリアファイル,,プラスチック資源,
823,く,クリーニングのハンガー(プラスチック製),,プラスチック資源,プラスチックのみでできたものはプラスチック資源へ
824,く,クリスマスツリー,,燃やすごみ,50cm以上のものは粗大ごみへ。50cm未満でプラスチックのみのものはプラスチック資源へ
825,く,クレープ紙,,古紙(雑誌・その他の紙）,
826,く,クーラント(自動車用冷却水),,販売店へ相談,
827,く,草刈機,,粗大ごみ,
828,く,薬(塗り薬)の容器(プラスチック製),,プラスチック資源,
829,く,靴ひも,,燃やすごみ,
830,く,クラスターパック,,古紙(雑誌・その他の紙）,
831,く,クリアホルダー,,プラスチック資源,
832,く,クリスタル,,燃えないごみ,50cm以上のものは粗大ごみへ
833,く,クリップ,,小さな金属類,プラスチックのみでできたものはプラスチック資源へ
834,く,車椅子,,粗大ごみ,
835,く,車カバー,,燃やすごみ,畳んで50㎝以上のものは粗大ごみへ。広げて50cm未満でプラスチックのみのものはプラスチック資源へ
836,く,車のマフラー,,小さな金属類,30cm以上のものは粗大ごみへ
837,く,クレードル(携帯電子機器の拡張機器),◎,燃やすごみ,
838,く,鍬(くわ),,粗大ごみ,
839,く,櫛(木製・プラスチック製),,燃やすごみ,プラスチックのみでできたものはプラスチック資源へ。金属製のものは小さな金属類へ。その他は燃やすごみへ
840,く,靴べら,,燃やすごみ,50cm以上のものは粗大ごみへ。50cm未満でプラスチックのみのものはプラスチック資源へ。金属製で30cm未満のものは小さな金属類へ。その他は燃やすごみへ
841,く,クールマット,,燃やすごみ,畳んで50cm以上のものは粗大ごみへ
842,く,薬(塗り薬)の容器(金属製チューブ),,小さな金属類,中身を使い切って
843,く,グラスウール,,燃えないごみ,
844,く,くぎ抜き(金属製),,小さな金属類,30cm以上のものは粗大ごみへ
845,く,熊手,,粗大ごみ,"木製で50cm未満のものは燃やすごみへ。
プラスチックのみでできたもので50cm未満のものはプラスチック資源へ。
金属製で30cm未満のものは小さな金属類へ"
846,く,車のハンドル(金属製),,粗大ごみ,30cm未満のものは小さな金属類へ
847,く,車のハンドル(プラスチック製),,燃やすごみ,50cm以上のものは粗大ごみへ
848,く,クーハン,,粗大ごみ,50cm未満のものは燃やすごみへ
849,く,グラフ用紙,,古紙(雑誌・その他の紙）,
851,く,クッション封筒,,燃やすごみ,内側に気泡緩衝材(プチプチ)が貼り付けられているもの
852,く,クラッカー,,古紙(雑誌・その他の紙）,使用済のもの(紙以外の中身は取り除く)
853,く,薬(飲み薬)の容器(缶),,缶・びん・ペットボトル,
854,く,クッキー型,,小さな金属類,シリコン製のものは燃やすごみへ。プラスチックのみでできたものはプラスチック資源へ
855,く,クッションシート,,燃やすごみ,50cm以上のものは粗大ごみへ
856,く,車のバンパー,,粗大ごみ,事業(修理業)で取り外したものは事業系ごみとして出す
857,く,首輪(ペット用),,燃やすごみ,
858,く,薬箱(金属製),,小さな金属類,
860,く,薬箱(金属製以外),,燃やすごみ,プラスチックのみで50cm未満のものはプラスチック資源へ。
862,く,クッションフロア,,燃やすごみ,
863,く,クリップボード,,燃やすごみ,プラスチックのみでできたものはプラスチック資源へ
864,く,クレードル,◎,燃やすごみ,
865,く,杭,,燃やすごみ,50cm以上のものは粗大ごみ 金属製で30cmのものは小さな金属類へ 30cm以上のものは粗大ごみ
866,く,グリップ,,燃やすごみ,金属製のものは小さな金属類へ
867,く,クラクション(カー用品),,小さな金属類,
868,く,靴ホルダー,,プラスチック資源,プラスチック以外のものが含まれる場合は燃やすごみへ。金属製のものは小さな金属類へ
869,く,草焼きバーナー,,粗大ごみ,燃料のガスボンベは外して、灯油式の物は灯油を使いきって
870,く,勲章,,小さな金属類,
871,く,クリアポスター,,燃やすごみ,プラスチックのみでできたものはプラスチック資源へ
873,く,グレーチング,,粗大ごみ,
874,く,グラススタンド,,小さな金属類,プラスチックのみでできたものはプラスチック資源へ
875,く,グラスバスケット,,燃やすごみ,
876,く,靴下の留め金,,小さな金属類,
877,く,クッションソファー,,粗大ごみ,
878,く,グリル敷石,,燃えないごみ,
879,く,靴クリームの瓶,,燃えないごみ,
880,く,靴磨き機,,燃やすごみ,
881,く,靴墨(プラスチック容器),,プラスチック資源,中身を使い切って
882,く,靴べら(金属製),,小さな金属類,30cm以上のものは粗大ごみへ
883,く,靴墨(金属容器),,小さな金属類,中身を使い切って
884,く,くつ箱シート,,燃やすごみ,
885,く,クリップライト,,小さな金属類,プラスチック製のものは燃やすごみへ
886,く,クラフト紙,,古紙(雑誌・その他の紙）,
887,く,靴ハンガー(プラスチック製),,プラスチック資源,プラスチック以外のものが含まれる場合は燃やすごみへ。金属製のものは小さな金属類へ
888,く,グリップテープ,,燃やすごみ,
889,く,薬(粉薬)の個別包装袋,,プラスチック資源,銀色のものも含む。紙製の包みは古紙(雑誌・その他の紙)へ
890,く,くもり止めスプレー(エアゾール缶),,スプレー缶,中身を使い切って 穴はあけない。キャップはプラスチック資源へ。中身が出せなくなったものについては収集事務所に相談
891,く,くもり止めスプレー(スプレータイプ),,プラスチック資源,
892,く,靴下止め,,燃やすごみ,
893,く,クルーザー,,登録販売店に相談,登録販売店は、FRP船リサイクルセンターのホームページで確認できます。
894,く,草刈機の刃,,小さな金属類,30cm以上は粗大ごみへ
895,く,車いす用転倒防止バー,,粗大ごみ,30㎝未満は小さな金属類へ
896,く,燻製機,,粗大ごみ,30㎝未満のものは小さな金属類へ
897,く,グルーガン,◎,燃やすごみ,電池・充電池は電池類へ。充電池を取り外せないものは、他の燃やすごみとは別の袋で出す。
898,く,くず取りネット,,燃やすごみ,
899,け,蛍光灯,,燃えないごみ,照明器具から取り外し、割れないように購入時の箱などに入れて品名を表示する
900,け,携帯電話,◎,販売店へ相談,"ショップ等で回収。詳細は<a href=""https://www.tca.or.jp/mobile-recycle/"" target=""blank"">モバイル・リサイクル・ネットワーク</a>のサイトを参照"
901,け,ゲーム機(家庭用ゲーム機),◎,燃やすごみ,電池・充電池は電池類へ。充電池を取り外せないものは、他の燃やすごみとは別の袋で出す。
902,け,化粧品の容器(プラスチック製),,プラスチック資源,中身を使い切って
903,け,化粧品の容器(びん),,燃えないごみ,プラスチック製のふたはプラスチック資源へ。中身は使い切って
904,け,下駄箱,,粗大ごみ,
905,け,ケチャップの外包装,,プラスチック資源,
906,け,ケチャップの容器,,プラスチック資源,
907,け,血圧計,◎,燃やすごみ,電池・充電池は電池類へ。充電池を取り外せないものは、他の燃やすごみとは別の袋で出す。ガラス製や水銀血圧計は燃えないごみへ。
908,け,剣山,,小さな金属類,新聞紙等に包み品名を表示する
909,け,ケーブル,◎,燃やすごみ,
910,け,蛍光灯の紙製包装,,古紙(雑誌・その他の紙）,廃棄する蛍光灯(燃えないゴミ)のカバーにも使えます。
911,け,携帯用音楽プレーヤー,◎,燃やすごみ,"電池・充電池は電池類へ。充電池を取り外せないものは、他の燃やすごみとは別の袋で出す。
金属製のものは小さな金属類へ。
引き取りをするメーカーも有。"
912,け,毛糸,,燃やすごみ,
913,け,消しゴム,,燃やすごみ,
914,け,化粧棚,,粗大ごみ,プラスチックのみで50cm未満のものはプラスチック資源へ。その他は燃やすごみへ
915,け,化粧パフ,,燃やすごみ,
916,け,化粧品の容器のフタ,,プラスチック資源,
917,け,削り節器,,燃やすごみ,
918,け,ケミカルライト,,燃やすごみ,
919,け,弦,,燃やすごみ,金属製のものは小さな金属類へ
920,け,健康器具,,粗大ごみ,主な材質が金属以外のもので、一番長い辺が50cm未満のものは燃やすごみへ。金属製で一番長い辺が30cm未満のものは小さな金属類へ 
921,け,剣道防具,,燃やすごみ,50cm以上のものは粗大ごみへ
922,け,警報器,◎,燃やすごみ,
923,け,ゲームコントローラー,◎,燃やすごみ,電池・充電池は電池類へ。充電池を取り外せないものは、他の燃やすごみとは別の袋で出す。
924,け,ゲームソフト(ケース含む),,燃やすごみ,
925,け,化粧スプレー(ガラス製),,燃えないごみ,ポンプ・キャップ部分は外してプラスチック資源へ
926,け,化粧スプレー(金属製:エアゾール缶),,スプレー缶,中身を使い切って 穴はあけない。キャップはプラスチック資源へ。中身が出せなくなったものについては収集事務所に相談
927,け,化粧スプレー(プラスチック製),,プラスチック資源,エアゾール缶のものはスプレー缶へ
928,け,化粧箱(紙箱),,古紙(雑誌・その他の紙）,
929,け,毛抜き・とげ抜き,,小さな金属類,プラスチックのみでできたものはプラスチック資源へ
931,け,顕微鏡(金属製),,小さな金属類,30cm以上のものは粗大ごみへ
932,け,顕微鏡(プラスチック製),,燃やすごみ,50cm以上のものは粗大ごみへ
933,け,携帯トイレ(ハンディタイプ・トイレパックなど),,燃やすごみ,
934,け,ゲームカード,,古紙(雑誌・その他の紙）,
935,け,計量スプーン,,プラスチック資源,プラスチックのみでできたものはプラスチック資源へ。金属製のものは小さな金属類へ。その他は燃やすごみへ
936,け,携帯ラジオ,◎,燃やすごみ,電池・充電池は電池類へ。充電池を取り外せないものは、他の燃やすごみとは別の袋で出す。
937,け,ゲートボール(球),,燃やすごみ,
938,け,ケーブルモール,,粗大ごみ,プラスチックのみで50cm未満のものはプラスチック資源へ。その他は燃やすごみへ
939,け,ケーブルタイ,,プラスチック資源,金属製のものは小さな金属類へ
940,け,携帯ストラップ,,燃やすごみ,金属製のものは小さな金属類、陶器・ガラス製のものは燃えないごみへ
941,け,化粧板,,粗大ごみ,プラスチックのみで50cm未満のものはプラスチック資源へ。その他は燃やすごみへ
942,け,携帯灰皿,,燃やすごみ,
943,け,ゲームパッド,,燃やすごみ,
944,け,化粧パック,,燃やすごみ,
945,け,毛玉取り機,,燃やすごみ,
946,け,計算尺,,燃やすごみ,プラスチックのみでできたものはプラスチック資源へ。金属製のものは小さな金属類へ。
947,け,原稿用紙,,古紙(雑誌・その他の紙）,
948,け,血糖測定器,◎,医療機関・薬局または燃やすごみ,燃やすごみへ出す場合は、針を中身が確認できる硬い容器等に入れて出す
949,け,ケーブルステッカー,,小さな金属類,プラスチックのみでできたものはプラスチック資源へ。木製のものは燃やすごみへ
950,け,結露シート,,プラスチック資源,
951,け,計量カップ,,プラスチック資源,プラスチックのみでできたものはプラスチック資源へ。木製のものは燃やすごみへ。金属製のものは小さな金属類へ
952,け,携帯電話ケース(金属製以外),,プラスチック資源,プラスチックのみでできたものはプラスチック資源へ。金属製のものは小さな金属類へ
953,け,携帯電話の電池,,販売店へ相談,可能な限り使い切って、テープなどで絶縁をしてください。膨張・破損しているものは各区の資源循環局事務所にお持ち込みください。
954,け,研磨剤(アルミチューブ),,小さな金属類,中身を使い切って キャップはプラスチック資源へ
955,け,ケーブルホルダー,,燃やすごみ,プラスチックのみでできたものはプラスチック資源へ
956,け,けん玉,,燃やすごみ,
957,け,牽引ロープ,,燃やすごみ,けん引ロープ
958,け,ケーキの台紙,,燃やすごみ,
959,け,ケーキサーバー(金属製),,小さな金属類,
960,け,ケーキサーバー(金属製以外),,燃やすごみ,プラスチックのみでできたものはプラスチック資源へ
961,け,ゲートボールのスティック(金属製),,粗大ごみ,畳んで30㎝未満のものは小さな金属類へ
962,け,ゲートボールのスティック(金属製以外),,粗大ごみ,50㎝未満のものは燃やすごみへ
963,け,珪藻土マット,,粗大ごみ,"50㎝未満のものは燃えないごみヘ。ただし、石綿(アスベスト)含有の珪藻土製品は、市では収集できません。回収方法等については、販売店・メーカーへお問合せください。詳しくは<a href=""https://www.city.yokohama.lg.jp/kurashi/sumai-kurashi/gomi-recycle/gomi/shushufuka/asubesuto.html"">市ホームページ</a>へ。"
964,こ,碁石,,燃えないごみ,プラスチックのみでできたものはプラスチック資源へ
965,こ,紅茶(ティーバッグ),,燃やすごみ,
966,こ,紅茶(ティーバッグ)の個別包装紙,,古紙(雑誌・その他の紙）,
967,こ,紅茶(ティーバッグ)の箱(紙製),,古紙(雑誌・その他の紙）,折りたたんで
968,こ,紅茶(ティーバッグ)の箱(プラスチック製),,プラスチック資源,
969,こ,紅茶の缶,,缶・びん・ペットボトル,
970,こ,コート,,古布,洗濯して乾かしてから。皮製は燃やすごみへ
971,こ,(インスタント)コーヒーのびん,,缶・びん・ペットボトル,
972,こ,(インスタント)コーヒーのびんの内フタ,,燃やすごみ,
973,こ,(インスタント)コーヒーのびんのキャップ,,プラスチック資源,
974,こ,コーヒー・ティーメーカー(プラスチック製),◎,燃やすごみ,ガラス製ポットは取り外して燃えないごみへ 50㎝以上のものは粗大ごみへ
975,こ,コーヒー・ティーメーカー(金属製),◎,小さな金属類,ガラス製ポットは取り外して燃えないごみ、プラスチック製は燃やすごみへ。30㎝以上のものは粗大ごみへ
976,こ,氷枕,,燃やすごみ,金属部分は小さな金属類へ
977,こ,ござ,,燃やすごみ,折りたたんでも50㎝以上のものは粗大ごみへ
978,こ,こたつ,,粗大ごみ,
979,こ,コップ(プラスチック製),,プラスチック資源,
981,こ,粉ミルクの缶,,缶・びん・ペットボトル,
982,こ,碁盤,,燃やすごみ,50㎝以上のものは粗大ごみへ
983,こ,ごみ箱(木製・プラスチック製),,燃やすごみ,プラスチックのみでできたものはプラスチック資源へ。木製のものは燃やすごみへ。50cm以上のものは粗大ごみへ。「廃棄します」「ごみです」等、明示する
984,こ,ごみ箱(金属製),,小さな金属類,30cm以上のものは粗大ごみへ
985,こ,ゴム手袋・ゴム長靴,,燃やすごみ,
986,こ,米びつ,,燃やすごみ,50cm以上のものは粗大ごみへ。50cm未満でプラスチックのみのものはプラスチック資源へ。金属製で30cm未満のものは小さな金属類へ。その他は燃やすごみへ
987,こ,米びつ(金属製),,粗大ごみ,30cm未満のものは小さな金属類へ
988,こ,米袋(ビニール製),,プラスチック資源,麻製のものは燃やすごみへ
989,こ,コルク(栓),,燃やすごみ,
990,こ,ゴルフボール,,燃やすごみ,
991,こ,ゴルフ用具(クラブ、バッグ),,粗大ごみ,
992,こ,コンタクトレンズ,,燃やすごみ,
993,こ,コンパクト(鏡付き),,燃やすごみ,プラマークがない場合は燃やすごみへ。金属製のものは小さな金属類へ
994,こ,コードレス電話,◎,燃やすごみ,電池・充電池は電池類へ。充電池を取り外せないものは、他の燃やすごみとは別の袋で出す。
995,こ,小石,,燃えないごみ,
996,こ,コイン,,小さな金属類,
997,こ,高圧ガスボンベ,,販売店へ相談,
998,こ,ゴーグル,,燃やすごみ,プラスチックのみでできたものはプラスチック資源
999,こ,固形燃料,,燃やすごみ,
1000,こ,濾し器(金属製),,小さな金属類,
1001,こ,こたつ布団,,粗大ごみ,畳んで50cm未満のものは燃やすごみへ
1002,こ,コテ(金属製),,小さな金属類,金属製以外のものは燃やすごみへ
1003,こ,子ども用いす,,燃やすごみ,50cm以上のものは粗大ごみへ フレームが金属製の物は、粗大ごみへ。プラスチックのみでできたものはプラスチック資源へ
1004,こ,子ども用布団,,燃やすごみ,畳んで50cm以上のものは粗大ごみ
1005,こ,コピー用紙,,古紙(雑誌・その他の紙）,
1006,こ,ゴムボート,,燃やすごみ,畳んで50cm以上のものは粗大ごみ
1007,こ,ゴムボール,,燃やすごみ,
1008,こ,コルクボード,,燃やすごみ,50cm以上のものは粗大ごみへ
1009,こ,コルクマット,,燃やすごみ,50cm以上のものは粗大ごみへ
1010,こ,コンクリートブロック,,燃えないごみ,「廃棄します」「ごみです」等、明示する。50cm以上のものは粗大ごみへ
1011,こ,コンタクトケース(保存ケース),,プラスチック資源,使い捨てタイプのレンズが入っていた容器はプラへ
1012,こ,コンパス(金属製),,小さな金属類,金属製以外のものは燃やすごみへ
1014,こ,香炉(金属製),,小さな金属類,30cm以上のものは粗大ごみへ
1015,こ,香炉(陶器製),,燃えないごみ,50cm以上のものは粗大ごみへ
1016,こ,コーヒーがら,,燃やすごみ,
1017,こ,コーヒーフィルター,,燃やすごみ,未使用のものは古紙(雑誌・その他の紙)へ
1018,こ,こたつ敷き,,粗大ごみ,畳んで50cm未満のものは燃やすごみへ
1019,こ,ゴムチューブ,,燃やすごみ,
1020,こ,ゴムマット,,燃やすごみ,50cm以上のものは粗大ごみへ
1021,こ,コンセント(プラスチックカバー),,プラスチック資源,金属カバーのものは小さな金属類へ
1022,こ,梱包バンド,,燃やすごみ,広げて50cm未満のものはプラスチック資源へ。梱包バンドに付ける持ち手はプラスチック資源へ
1023,こ,コーヒーミル(金属製),,小さな金属類,30cm以上のものは粗大ごみへ
1024,こ,コーヒーミル(木製・プラスチック製),,燃やすごみ,
1025,こ,こけし,,燃やすごみ,50cm以上のものは粗大ごみへ。50cm未満でプラスチックのみのものはプラスチック資源へ
1026,こ,ゴム管,,燃やすごみ,
1027,こ,昆虫標本,,燃やすごみ,ピンは小さな金属類へ(新聞紙等に包み品名を表示)
1029,こ,こたつカバー(こたつ布団のカバー),,古布,洗濯して乾かしてから
1030,こ,香水の容器(プラスチック製),,プラスチック資源,
1031,こ,香水の容器(びん),,燃えないごみ,プラスチック製のふたはプラスチック資源へ
1032,こ,高圧洗浄機・スチーム掃除機(プラスチック製),,燃やすごみ,50cm以上のものは粗大ごみへ
1033,こ,工具箱(金属製),,粗大ごみ,30cm未満のものは小さな金属類へ
1034,こ,工具箱(プラスチック製),,プラスチック資源,金属製で30cm未満のものは小さな金属類へ。50cm以上のものは粗大ごみへ
1035,こ,コップ(金属製),,小さな金属類,
1036,こ,固形化した廃油,,燃やすごみ,
1037,こ,五徳,,小さな金属類,
1038,こ,コンテナボックス,,粗大ごみ,プラスチックのみで50cm未満のものはプラスチック資源へ
1039,こ,ゴム製品,,燃やすごみ,
1040,こ,鯉のぼり,,燃やすごみ,畳んで50cm以上のもの及びポールは粗大ごみへ
1041,こ,広報誌,,古紙(雑誌・その他の紙）,
1042,こ,コースター(木製・プラスチック製),,燃やすごみ,プラスチックのみでできたものはプラスチック資源へ。金属製のものは小さな金属類へ 陶器・ガラス製のものは燃えないごみへ
1043,こ,こたつヒーターユニット,,小さな金属類,30cm以上のものは粗大ごみへ
1044,こ,骨壺,,燃えないごみ,中身を空にして。
1045,こ,ゴキブリ駆除剤(プラケースに薬剤の入ったもの),,燃やすごみ,
1046,こ,コンプレッサー,,粗大ごみ,プラスチック製で50㎝未満のものは燃やすごみへ。金属製で30㎝未満のものは小さな金属類へ
1047,こ,梱包シート(購入した商品を梱包していたもの),,プラスチック資源,
1048,こ,梱包シート(製品として購入したもの),,プラスチック資源,広げて50cm以上のものは燃やすごみへ
1049,こ,鉱石,,燃えないごみ,50cm以上のものは粗大ごみへ
1050,こ,コインケース,,燃やすごみ,プラスチックのみでできたものはプラスチック資源へ。金属製のものは小さな金属類へ
1051,こ,コネクター,,燃やすごみ,
1052,こ,コンソールボックス,,燃やすごみ,50cm以上のものは粗大ごみへ。プラスチックのみでできたものはプラスチック資源
1053,こ,黒板,,粗大ごみ,木製で50㎝未満のものは燃やすごみへ。金属製で30㎝未満のものは小さな金属類へ
1054,こ,呼吸器官用薬(エアゾール缶),,スプレー缶,中身を使い切って 穴はあけない。キャップはプラスチック資源へ。中身が出せなくなったものについては収集事務所に相談
1055,こ,米袋(紙製),,古紙(雑誌・その他の紙）,裏面がビニールコーティングされているものは燃やすごみへ。ビニールコーティングは、手で切るとビニール部分が破れずに残ります。
1056,こ,駒(将棋・チェス等),,燃やすごみ,プラスチックのみでできたものはプラスチック資源へ。陶器・ガラス製のものは燃えないごみへ。金属製のものは小さな金属類へ
1057,こ,黒板消し,,燃やすごみ,
1058,こ,独楽(こま),,燃やすごみ,プラスチックのみでできたものはプラスチック資源へ。金属製のものは小さな金属類へ
1059,こ,ゴミ袋,,プラスチック資源,
1060,こ,コンバイン袋,,燃やすごみ,プラスチックのみでできたものはプラスチック資源へ
1061,こ,ゴキブリ駆除剤(粘着シート製),,燃やすごみ,
1062,こ,ごみネット,,燃やすごみ,畳んで50㎝以上のものは粗大ごみへ。広げて50cm未満でプラスチックのみのものはプラスチック資源へ
1063,こ,ゴムシート,,燃やすごみ,
1064,こ,ゴルフティー,,プラスチック資源,木製のものは燃やすごみへ
1066,こ,耕運機(家庭用の小型のもの),,粗大ごみ,
1067,こ,コイル,,小さな金属類,
1068,こ,ゴムベラ,,燃やすごみ,
1069,こ,コイントレイ(金属製),,小さな金属類,
1070,こ,コイントレイ(プラスチック製),,プラスチック資源,プラスチックのみでできたのものはプラスチック資源へ。その他は燃やすごみへ
1071,こ,ゴーカート,,粗大ごみ,
1072,こ,ゴム栓,,燃やすごみ,
1073,こ,ゴルフネット・ピッチングネット,,粗大ごみ,ネット部分だけを出す場合は、燃やすごみへ
1074,こ,小型血糖測定器専用電極,,燃やすごみ,
1075,こ,コンデンサ,,小さな金属類,
1076,こ,こたつ、テーブル、椅子の足,,燃やすごみ,50cm以上のものは粗大ごみへ。金属製で30㎝以上のものは粗大ごみへ、金属製で30cm未満のものは小さな金属類へ
1077,こ,コンクリートパネル,,粗大ごみ,
1078,こ,腰袋,,燃やすごみ,
1079,こ,コーヒーカプセル,,プラスチック資源,
1080,こ,コサージュ,,燃やすごみ,
1082,こ,梱包紙,,古紙(雑誌・その他の紙）,
1083,こ,コンタクトレンズ洗浄液ボトル,,プラスチック資源,
1084,こ,コップ立て(金属製),,小さな金属類,
1085,こ,コップ立て,,燃やすごみ,プラスチックのみでできたものはプラスチック資源へ。木製のものは燃やすごみへ。金属製のものは小さな金属類へ
1086,こ,梱包用緩衝シート(プラスチック製),,プラスチック資源,広げて50cm以上のものは燃やすごみへ
1087,こ,ゴムひも,,燃やすごみ,
1088,こ,コーキングガン(金属製),,小さな金属類,30cm以上のものは粗大ごみへ プラスチック製のものは燃やすごみへ
1089,こ,コバエ捕獲殺虫剤,,燃やすごみ,
1090,こ,ごみ箱のふた,,プラスチック資源,50cm以上のものは粗大ごみへ。金属製で30㎝以上のものは粗大ごみへ、30㎝未満のものは小さな金属類へ
1091,こ,コーキング材容器(プラスチック製),,プラスチック資源,アルミチューブのものは小さな金属類へ
1092,こ,コーヒー・ティーメーカー(ガラス製),,燃えないごみ,50㎝以上のものは粗大ごみへ
1093,こ,粉チーズの容器(プラスチック製),,プラスチック資源,紙製のものは燃やすごみへ
1094,こ,コーナーガード,,燃やすごみ,プラスチックのみでできたものはプラスチック資源へ
1095,こ,コゼー,,燃やすごみ,
1096,こ,小麦粉等の袋(紙製),,燃やすごみ,
1097,こ,子ども用敷きマット,,燃やすごみ,畳んで50cm以上のものは粗大ごみへ
1098,こ,コルク製のふた,,燃やすごみ,
1099,こ,ゴルフクラブのカバー,,燃やすごみ,
1100,こ,コンタクトレンズ洗浄機,◎,燃やすごみ,電池・充電池は電池類へ。充電池を取り外せないものは、他の燃やすごみとは別の袋で出す。
1101,こ,コンタクトレンズ(使い捨て)の容器,,プラスチック資源,
1102,こ,ゴムハンマー,,燃やすごみ,
1103,こ,独楽(金属製),,小さな金属類,
1104,こ,ゴムポール,,粗大ごみ,50㎝未満のものは燃やすごみへ
1106,こ,コートスタンド,,粗大ごみ,50㎝未満のものは燃やすごみへ
1107,こ,高度計(プラスチック製),,燃やすごみ,
1108,こ,高度計(金属製),,小さな金属類,
1109,こ,小麦粘土,,燃やすごみ,
1110,こ,ゴルフ用マーカー(金属製),,小さな金属類,
1111,こ,ゴルフ用マーカー(プラスチック製),,プラスチック資源,
1112,こ,碁笥,,燃やすごみ,プラスチックのみでできたものはプラスチック資源へ
1113,こ,琥珀,,燃やすごみ,指輪など金属がついているものは小さな金属類へ
1114,こ,コースター(セラミック・陶器製・珪藻土),,燃えないごみ,"石綿(アスベスト)含有の珪藻土製品は、市では収集できません。回収方法等については、販売店・メーカーへお問合せください。詳しくは<a href=""https://www.city.yokohama.lg.jp/kurashi/sumai-kurashi/gomi-recycle/gomi/shushufuka/asubesuto.html"">市ホームページ</a>へ。
"
1115,こ,ゴルフの練習器具(金属製),,小さな金属類,30cm以上のものは粗大ごみへ
1116,こ,ゴルフの練習器具(金属製以外),,燃やすごみ,50cm以上のものは粗大ごみへ
1117,こ,コーヒーメジャー,,小さな金属類,プラスチックのみでできたものはプラスチック資源へ。木製のものは燃やすごみへ
1118,こ,ごみ袋スタンド,,粗大ごみ,金属製で30㎝未満のものは小さな金属類へ。木製で50㎝未満のものは燃やすごみへ。プラスチックのみでできたもので50cm未満のものはプラスチック資源へ
1119,こ,コレクションボックス,,燃やすごみ,50cm以上のものは粗大ごみへ。50cm未満でプラスチックのみのものはプラスチック資源へ
1120,さ,在宅医療用のビニールバッグ・チューブ・カテーテル類,,燃やすごみ,"プラマークがあるものでも、燃やすごみへ。
針がついているものは医療機関・薬局または燃やすごみ(中身が確認できる堅い容器に入れて蓋を閉めて出す)。"
1121,さ,サイドボード,,粗大ごみ,
1122,さ,酒の入っていたペットボトル,,缶・びん・ペットボトル,ペットボトルマークを確認
1123,さ,酒類の紙パック,,燃やすごみ,内側がアルミでないものは水洗いして切り開き、古紙(紙パック)へ
1124,さ,雑誌(月刊誌、週刊誌、漫画本),,古紙(雑誌・その他の紙）,
1125,さ,雑誌の紙以外(ビニール、革、布)の表紙,,燃やすごみ,
1126,さ,殺虫剤(エアゾール缶),,スプレー缶,中身を使い切って 穴はあけない。キャップはプラスチック資源へ。中身が出せなくなったものについては収集事務所に相談
1127,さ,殺虫剤の包装フィルム,,プラスチック資源,
1128,さ,座布団,,燃やすごみ,一番長い辺が50㎝以上のものは粗大ごみへ
1129,さ,サングラス(レンズがプラスチック製),,燃やすごみ,プラスチックのみでできたものはプラスチック資源へ
1130,さ,サングラス(レンズがガラス製),,燃えないごみ,新聞紙等に包み品名を表示する
1131,さ,サンダル,,燃やすごみ,プラスチックのみでできたものはプラスチック資源へ
1132,さ,サーフボード,,粗大ごみ,
1133,さ,財布,,燃やすごみ,
1134,さ,材木,,粗大ごみ,50cm未満のものは燃やすごみへ
1136,さ,サマーベッド,,粗大ごみ,
1137,さ,ざる,,燃やすごみ,プラスチックのみでできたものはプラスチック資源へ
1138,さ,三角コーナー,,プラスチック資源,金属製のものは小さな金属類へ
1139,さ,三脚(金属製),,小さな金属類,30cm以上のものは粗大ごみへ
1140,さ,サンバイザー,,燃やすごみ,
1141,さ,三輪車,,粗大ごみ,
1142,さ,酒びん(陶器製),,燃えないごみ,
1143,さ,サイドテーブル,,粗大ごみ,金属製で30㎝未満のものは小さな金属類へ 金属製以外のもので50㎝未満のものは燃やすごみへ
1144,さ,裁縫箱,,燃やすごみ,プラスチックのみでできたものはプラスチック資源へ
1145,さ,作業服(つなぎ),,古布,
1146,さ,サニタリーボックス(プラスチック製),,プラスチック資源,金属製のものは小さな金属類へ。陶器製のものは燃えないごみへ
1147,さ,殺虫剤(薬剤蒸散式),,プラスチック資源,薬剤反応で成分を噴出し、使いきりのもの(容器)。内側の金属容器は小さな金属類へ
1148,さ,殺虫剤のボトル,,プラスチック資源,使い切って出す。電気式の殺虫剤機器に使う液体ボトルも対象。エアゾール缶タイプのものはスプレー缶へ。
1149,さ,殺虫剤(電池・電気式),,燃やすごみ,電池・充電池は電池類へ。充電池を取り外せないものは、他の燃やすごみとは別の袋で出す。
1150,さ,酒びん(ガラス製),,缶・びん・ペットボトル,
1151,さ,雑紙(ざつがみ),,古紙(雑誌・その他の紙）,
1152,さ,サラダスピナー,,燃やすごみ,プラスチックのみでできたものはプラスチック資源へ。ガラスボウルは燃えないごみへ。蓋が金属製の場合は小さな金属類へ
1153,さ,サンドバック,,粗大ごみ,
1155,さ,サスペンダー,,燃やすごみ,
1156,さ,サンゴ(工芸品),,燃やすごみ,
1157,さ,三角表示板,,燃やすごみ,
1158,さ,祭壇,,粗大ごみ,
1159,さ,裁断機(金属製),,粗大ごみ,30cm未満のものは小さな金属類へ
1160,さ,サポーター,,燃やすごみ,
1161,さ,サイドミラー・バックミラー(車・バイク用),,燃えないごみ,プラスチックのカバー部分の割合が多いものは、燃やすごみへ。 金属製のカバー部分の割合が多いがのものは小さな金属類へ
1162,さ,サーフボードケース,,燃やすごみ,畳んで50cm以上のものは粗大ごみへ
1163,さ,サンドイッチの包み,,プラスチック資源,
1164,さ,さらし,,古布,洗濯して乾かしてから。
1165,さ,サーモマグ,,小さな金属類,
1166,さ,殺虫灯,,燃やすごみ,
1167,さ,酸素マスク,,燃やすごみ,
1168,さ,散水器,,燃やすごみ,金属製の場合は小さな金属類へ
1170,さ,サイコロ,,プラスチック資源,
1172,さ,サイクルコンピューター,◎,燃やすごみ,電池・充電池は電池類へ。充電池を取り外せないものは、他の燃やすごみとは別の袋で出す。
1173,さ,差込形電線コネクタ,,燃やすごみ,
1174,さ,サイディング,,粗大ごみ,"50㎝未満のものは燃えないごみへ、30cm以下のものは小さな金属類へ"
1175,さ,皿立て(金属製),,小さな金属類,
1176,さ,皿立て(プラ・木製),,燃やすごみ,プラスチックのみでできたものはプラスチック資源へ
1177,さ,指し棒,,小さな金属類,
1178,さ,サイクルメーター,◎,燃やすごみ,電池・充電池は電池類へ。充電池を取り外せないものは、他の燃やすごみとは別の袋で出す。
1179,さ,サンドイッチメーカー,,燃やすごみ,金属製のものは小さな金属類へ
1180,さ,サニタリーバッグ,,燃やすごみ,
1181,さ,雑誌の切り抜き,,古紙(雑誌・その他の紙）,
1182,さ,サンプラー,◎,燃やすごみ,"電池・充電池は電池類へ。充電池を取り外せないものは、他の燃やすごみとは別の袋で出す。
50cm以上のものは粗大ごみへ。"
1183,さ,三脚(カーボン製),,燃やすごみ,50cm以上のものは粗大ごみへ
1184,さ,酸素缶,,スプレー缶,中身を使い切って 穴はあけない。キャップはプラスチック資源へ。中身が出せなくなったものについては収集事務所に相談
1185,さ,散水スプリンクラー,,燃やすごみ,金属製のものは小さな金属類へ
1186,さ,サッカーゴール(家庭用),,粗大ごみ,プラスチックのみで、各パーツが50㎝未満になるものは、プラスチック資源へ
1187,さ,搾乳器,◎,燃やすごみ,"ガラス製の哺乳瓶は外して、燃えないごみへ。
電池・充電池は電池類へ。充電池を取り外せないものは、他の燃やすごみとは別の袋で出す。"
1188,さ,柵(金属製以外),,粗大ごみ,50㎝未満のものは燃やすごみへ
1189,さ,サプリメントの容器(プラスチック製),,プラスチック資源,
1190,さ,殺鼠剤の容器,,プラスチック資源,使い切って出す。袋に入ったまま使用するタイプのものは燃やすごみへ
1191,し,CD等(ケースも含む),,プラスチック資源,
1192,し,CDプレーヤー,,粗大ごみ,"プラスチック製で50㎝未満のものは燃やすごみへ(電池・充電池は電池類へ。充電池を取り外せないものは、他の燃やすごみとは別の袋で出す。)。
金属製で30㎝未満のものは小さな金属類へ。"
1193,し,シーツ,,古布,洗濯して乾かしてから。綿が入っているものは燃やすごみへ
1194,し,ジーンズ,,古布,洗濯して乾かしてから
1195,し,地下足袋,,燃やすごみ,
1196,し,磁石,,燃えないごみ,
1197,し,下着類,,古布,洗濯して乾かしてから
1198,し,下敷き(プラスチック製),,プラスチック資源,
1199,し,湿布,,燃やすごみ,
1200,し,湿布の外箱(紙製),,古紙(雑誌・その他の紙）,折りたたんで
1201,し,湿布の内袋,,燃やすごみ,プラマークのあるものはプラスチック資源へ
1202,し,湿布の表面に貼ってあるフィルム,,プラスチック資源,
1204,し,自転車,,粗大ごみ,
1205,し,シャープペンシルの芯ケース(プラスチック製),,プラスチック資源,
1206,し,蛇口・水栓(自分で取り外したもののみ),,小さな金属類,請負工事に伴い取り外したものは業者に処分を依頼する。
1207,し,ジャッキ,,小さな金属類,30cm以上のものは粗大ごみへ
1208,し,写真(ネガ),,プラスチック資源,
1209,し,写真(印画紙),,古紙(雑誌・その他の紙）,
1210,し,シャンプー(プラスチック製ボトル・チューブ)(ノズル含む),,プラスチック資源,詰め替え用が入っていた袋も対象。空のボトルを商品として購入した場合もプラスチック資源へ
1211,し,シャンプーなど(詰め替え品が入っていた容器),,プラスチック資源,
1212,し,じゅうたん,,粗大ごみ,畳んで50cm未満のものは燃やすごみへ
1213,し,シュレッダーした紙類,,古紙(雑誌・その他の紙）,紙袋または半透明の袋に入れる
1214,し,消火器,,(株)消火器リサイクル推進センターへ,(株)消火器リサイクル推進センター03-5829-6773
1215,し,定規(木製・プラスチック製),,燃やすごみ,プラスチックのみでできたものはプラスチック資源へ
1216,し,定規のケース,,プラスチック資源,
1217,し,将棋盤,,燃やすごみ,50cm以上のものは粗大ごみへ
1218,し,照明器具,,粗大ごみ,電球等は外す。金属製で30㎝未満のものは小さな金属類へ。木製・プラスチック製で50㎝未満のものは燃やすごみへ。ガラス製で50㎝未満のものは燃えないごみへ。
1220,し,しょうゆの入っていたペットボトル,,缶・びん・ペットボトル,ペットボトルマークを確認
1221,し,しょうゆ加工品(めんつゆ、だし醤油など)の入っていたペットボトル,,缶・びん・ペットボトル,ペットボトルマークを確認。プラマークのものはプラスチック資源へ
1222,し,食用油,,燃やすごみ,油を紙などに染み込ませるか固めて。ボトルはプラスチック資源へ
1223,し,食用油の缶・びん,,缶・びん・ペットボトル,中身を使い切って
1224,し,食用油のボトル(プラスチック製),,プラスチック資源,
1225,し,食用油のプラスチックボトルの外包装,,プラスチック資源,
1226,し,食用油のプラスチックボトルのキャップ,,プラスチック資源,
1227,し,食用油のプラスチックボトルのラベル(紙製),,古紙(雑誌・その他の紙）,
1228,し,食用油のプラスチックボトルのラベル,,プラスチック資源,
1229,し,除湿剤容器(プラスチック製),,プラスチック資源,たまった水を捨てて。薬剤は燃やすごみへ
1230,し,食器洗い乾燥機,,粗大ごみ,
1231,し,新聞,,古紙（新聞）,折込ちらしも一緒に
1232,し,シュレッダー(手動:プラスチック製),,燃やすごみ,50cm以上のものは粗大ごみへ
1233,し,食品用装飾品(プラスチック製),,プラスチック資源,プラスチックのみでできたものはプラスチック資源へ
1234,し,自転車の車輪,,粗大ごみ,プラスチック製で50cm未満のものは燃やすごみへ。金属製で30cm未満のものはゴム部分(燃やすごみへ)を外して小さな金属類へ
1235,し,シール,,燃やすごみ,台紙は古紙(雑誌・その他の紙)へ
1236,し,磁気カード,,燃やすごみ,
1237,し,色紙,,古紙(雑誌・その他の紙）,
1239,し,敷物,,燃やすごみ,畳んで50cm以上のものは粗大ごみへ
1240,し,湿度計,,燃えないごみ,プラスチック製のものは燃やすごみ
1241,し,室内物干し,,粗大ごみ,プラスチックのみで50cm未満のものはプラスチック資源へ。金属製で30cm未満のものは小さな金属類へ。
1242,し,芝刈りバリカン,,燃やすごみ,50cm以上のものは粗大ごみ。刃は小さな金属類へ
1243,し,ジャージー(衣類),,古布,洗濯をして乾かしてから
1244,し,ジャケット,,古布,汚れ等を落としてから。綿入りのものや革製のものは燃やすごみへ
1245,し,シャベル(金属製),,小さな金属類,30cm以上のものは粗大ごみへ
1246,し,シャベル,,燃やすごみ,50cm以上のものは粗大ごみへ。50cm未満でプラスチックのみのものはプラスチック資源へ。金属製で30cm未満のものは小さな金属類へ。
1247,し,しゃもじ,,プラスチック資源,木製のものは燃やすごみへ
1248,し,砂利,,燃えないごみ,
1249,し,シャワーカーテン,,燃やすごみ,
1250,し,シャワーチェアー,,粗大ごみ,"木製で50cm未満のものは燃やすごみへ。
プラスチックのみでできたもので50cm未満のものはプラスチック資源へ。
金属製で30cm未満のものは小さな金属類へ"
1251,し,ジャングルジム,,粗大ごみ,プラスチックのみで50cm未満のものはプラスチック資源へ
1252,し,シャンデリア,,粗大ごみ,50cm未満のものは燃えないごみへ
1253,し,収納ボックス,,粗大ごみ,プラスチックのみでできたもので50cm未満のものはプラスチック資源へ。木製で50cm未満のものは燃やすごみへ
1254,し,重箱,,燃やすごみ,プラスチックのみでできたものはプラスチック資源へ
1255,し,樹脂,,プラスチック資源,50cm以上のものは粗大ごみへ
1256,し,シュノーケル,,燃やすごみ,プラスチックのみでできたものはプラスチック資源へ
1257,し,ジョイントマット,,プラスチック資源,50㎝を超えるものは粗大ごみへ。プラスチック製以外のものは燃やすごみへ
1258,し,浄水器カートリッジ,,燃やすごみ,
1259,し,じょうろ,,プラスチック資源,50cm以上のものは粗大ごみへ。金属製で30㎝以上のものは粗大ごみへ、30㎝未満のものは小さな金属類へ
1260,し,食品保存用の袋,,プラスチック資源,
1262,し,除湿機,,粗大ごみ,50cm未満のものは燃やすごみへ
1264,し,書籍,,古紙(雑誌・その他の紙）,
1268,し,シリコン製品,,燃やすごみ,50cm以上のものは粗大ごみへ
1270,し,人工芝,,プラスチック資源,50cm以上のものは粗大ごみへ
1271,し,人工芝マット,,粗大ごみ,折りたたんで50cm未満のものは燃やすごみへ
1272,し,敷石,,燃えないごみ,50cm以上のものは粗大ごみへ
1273,し,七輪(金属製),,小さな金属類,30cm以上のものは粗大ごみへ
1274,し,七輪(陶器製),,燃えないごみ,50cm以上のものは粗大ごみへ
1275,し,漆器,,燃やすごみ,
1276,し,室内アンテナ(金属製),,小さな金属類,30cm以上のものは粗大ごみ
1277,し,室内アンテナ(プラスチック製),,燃やすごみ,
1278,し,ジッパー,,小さな金属類,プラスチック製のものは燃やすごみへ
1279,し,自転車のサドル,,小さな金属類,シートポストと分離した樹脂製のサドルは燃やすごみへ
1280,し,竹刀,,粗大ごみ,
1281,し,芝生(刈り取ったもの),,燃やすごみ,
1282,し,写真立て,,燃やすごみ,50cm以上のものは粗大ごみへ。50cm未満でプラスチックのみのものはプラスチック資源へ。
1283,し,写真立て(金属製),,小さな金属類,30cm以上のものは粗大ごみへ
1285,し,写真立て(ガラス製),,燃えないごみ,50cm以上のものは粗大ごみへ
1286,し,シャチハタ印,,燃やすごみ,
1287,し,樹木 原木,,粗大ごみ,50cm未満のものは燃やすごみへ
1288,し,障子紙(未使用),,古紙(雑誌・その他の紙）,使用したものは燃やすごみへ
1289,し,消臭剤(スプレータイプ・置き型タイプ・詰め替え用),,プラスチック資源,中身は使い切って。エアゾール缶のものはスプレー缶へ。
1290,し,賞状,,古紙(雑誌・その他の紙）,
1291,し,賞状の筒(紙製),,古紙(雑誌・その他の紙）,
1292,し,錠前(自分で取り外したもの),,小さな金属類,
1293,し,障子,,粗大ごみ,
1294,し,食器(金属製),,小さな金属類,30cm以上のものは粗大ごみへ アルミはくの皿は燃やすごみへ
1295,し,自転車・バイクのカゴ,,小さな金属類,30cm以上のものは粗大ごみへ。 木製のものは50㎝未満は燃やすごみ。プラスチックのみで50cm未満のものはプラスチック資源へ。50㎝以上は粗大ごみへ
1296,し,CD・DVDディスクの包装フィルム,,プラスチック資源,
1297,し,自転車充電器,,燃やすごみ,
1298,し,自転車のカバー,,燃やすごみ,畳んで50㎝以上のものは粗大ごみへ。広げて50cm未満でプラスチックのみのものはプラスチック資源へ
1299,し,収納袋,,燃やすごみ,広げて50cm未満でプラスチックのみのものはプラスチック資源へ
1300,し,朱肉,,燃やすごみ,金属ケースのものは小さな金属類へ
1301,し,シュレッダーごみ(紙以外のもの),,燃やすごみ,
1302,し,消臭剤(電池・電気式),,燃やすごみ,乾電池・コンセントを使用するもの。詰め替えカートリッジ(エアゾール缶)はスプレー缶へ
1303,し,シリコンマット,,燃やすごみ,
1304,し,人工肛門,,燃やすごみ,汚物はトイレに流して
1305,し,シェードカーテン(布地部分),,古布,洗濯して乾かしてから
1306,し,シェービングクリーム,,スプレー缶,中身を使い切って 穴はあけない。キャップはプラスチック資源へ。中身が出せなくなったものについては収集事務所に相談
1307,し,芝刈り機,,粗大ごみ,
1308,し,シャワーキャップ,,燃やすごみ,
1309,し,シューツリー(木型),,燃やすごみ,
1310,し,数珠,,燃やすごみ,珠が石製のものは燃えないごみへ
1311,し,シートカバー,,燃やすごみ,
1312,し,自転車補助椅子(金属製),,粗大ごみ,金属製で30cm未満のものは小さな金属類へ
1313,し,自転車補助椅子(プラスチック製),,粗大ごみ,50cm未満のものは燃やすごみへ
1314,し,しびん(プラスチック製),,プラスチック資源,汚物は流して洗う。ガラス製・陶器製のものは燃えないごみへ
1315,し,シャワーヘッド(プラスチック製),,燃やすごみ,プラスチックのみでできたものはプラスチック資源へ。金属製のものは小さな金属類へ
1316,し,除湿シート,,燃やすごみ,
1317,し,自転車の補助輪,,小さな金属類,30cm以上のものは粗大ごみへ
1318,し,醤油さし(ガラス・陶器製),,燃えないごみ,プラスチックのみでできたものはプラスチック資源へ
1319,し,食品残渣(生ごみなど),,燃やすごみ,可能な範囲で水気を切って
1320,し,書類,,古紙(雑誌・その他の紙）,
1321,し,シュシュ・髪ゴム,,燃やすごみ,
1322,し,CD付き雑誌,,古紙(雑誌・その他の紙）,CDはプラスチック資源へ
1323,し,シーラー(金属製),,小さな金属類,30cm以上のものは粗大ごみへ
1324,し,シーラー(プラスチック製),,燃やすごみ,50cm以上のものは粗大ごみへ
1325,し,歯間ブラシ,,燃やすごみ,プラスチックのみでできたものはプラスチック資源へ
1326,し,写真引き伸ばし機,,粗大ごみ,
1327,し,修正液の容器,,プラスチック資源,
1328,し,修正テープ,,燃やすごみ,
1329,し,常夜灯(電球),,燃えないごみ,照明器具から取り外し、割れないように紙などで包んで品名を表示する 
1331,し,シンクマット,,燃やすごみ,広げて50cm未満でプラスチックのみのものはプラスチック資源へ
1332,し,常夜灯(本体),,燃やすごみ,電球は燃えないごみへ
1333,し,ショックアブソーバー(自動車),,粗大ごみ,30cm未満のものは小さな金属類へ
1334,し,シリコン製ブラジャー,,燃やすごみ,
1335,し,試験管,,燃えないごみ,新聞等に包み品名を表示する。
1336,し,自転車荷台,,小さな金属類,30cm以上のものは粗大ごみへ
1337,し,浄水器本体(金属製),,小さな金属類,30cm以上のものは粗大ごみへ
1338,し,浄水器本体(プラスチック製),,燃やすごみ,
1339,し,しめ飾り,,燃やすごみ,50cmを越えるものは粗大ごみへ
1340,し,自転車スタンド,,粗大ごみ,"プラスチックのみで50cm未満のものはプラスチック資源へ。金属製で30cm未満のものは小さな金属類へ。
その他は燃やすごみへ"
1341,し,診察券,,燃やすごみ,紙製のものは古紙(雑誌・その他の紙)へ
1342,し,シューズケース・シューズバッグ,,燃やすごみ,
1343,し,車輪止め(金属製),,小さな金属類,30cm以上のものは粗大ごみへ
1344,し,車輪止め(木製・ゴム製),,燃やすごみ,50cm以上のものは粗大ごみへ
1345,し,消毒液などのボトル(プラスチック製),,プラスチック資源,ガラス製のものは燃えないごみへ
1346,し,証書ホルダー,,燃やすごみ,全体が紙製のものは古紙(雑誌・その他の紙)へ
1347,し,収縮棚,,粗大ごみ,
1348,し,シーリングファン,,粗大ごみ,
1349,し,シェイカー,,小さな金属類,プラスチックのみでできたものはプラスチック資源へ
1350,し,ジョイスティック,◎,燃やすごみ,電池・充電池は電池類へ。充電池を取り外せないものは、他の燃やすごみとは別の袋で出す。
1351,し,遮音シート,,燃やすごみ,畳んで50cm以上のものは粗大ごみへ
1352,し,シルバーカー,,粗大ごみ,
1353,し,真空管,,燃えないごみ,
1354,し,磁気マット,,粗大ごみ,
1355,し,尺八,,粗大ごみ,
1356,し,絞り器(金属製),,小さな金属類,プラスチックのみでできたものはプラスチック資源へ
1358,し,仕掛け網,,粗大ごみ,"事業で排出するものは、事業系ごみ、家庭から出たもので50cm以下のものは燃やすごみへ"
1359,し,シャンプーハット,,プラスチック資源,
1360,し,消臭シート,,燃やすごみ,
1361,し,自動車プラグ,,小さな金属類,
1362,し,シートベルト,,燃やすごみ,
1363,し,ジェルパッド,,燃やすごみ,
1364,し,シューズキーパー,,燃やすごみ,プラスチックのみでできたものはプラスチック資源へ
1365,し,シュリンク,,プラスチック資源,
1366,し,シルバーカート,,粗大ごみ,
1367,し,食器棚シート,,プラスチック資源,広げると５０cm以上のものは燃やすごみへ
1368,し,シルバークリーナー(びん),,燃えないごみ,
1369,し,シルバークリーナー(プラスチック製),,プラスチック資源,
1370,し,重曹,,燃やすごみ,
1372,し,ジャンピングホッパー,,粗大ごみ,
1373,し,飼育ケース(プラスチック製・木製),,燃やすごみ,50cm以上のものは粗大ごみへ。50cm未満でプラスチックのみのものはプラスチック資源へ。ガラス製で50cm未満のものは燃えないごみへ
1374,し,書道箱,,燃やすごみ,プラスチックのみでできたものはプラスチック資源へ
1375,し,遮光ネット,,燃やすごみ,広げて50cm未満でプラスチックのみのものはプラスチック資源へ
1376,し,上質紙,,古紙(雑誌・その他の紙）,
1377,し,新聞ストッカー,,燃やすごみ,プラスチックのみで50cm未満のものはプラスチック資源へ
1378,し,シェルフ,,粗大ごみ,"木製で50cm未満のものは燃やすごみへ。
プラスチックのみでできたもので50cm未満のものはプラスチック資源へ。
金属製で30cm未満のものは小さな金属類へ"
1379,し,写真パネル,,燃やすごみ,50cm以上のものは粗大ごみへ。50cm未満でプラスチックのみのものはプラスチック資源へ
1381,し,食卓カバー,,燃やすごみ,50cm以上のものは粗大ごみへ
1382,し,食品包装(プラスチック製),,プラスチック資源,個包装・小包装も対象
1383,し,自転車用バッテリー,,電池類,可能な限り使い切って、テープなどで絶縁をしてください。膨張・破損しているものは各区の資源循環局事務所にお持ち込みください。
1384,し,真空パック機,,燃やすごみ,
1385,し,シールの台紙,,古紙(雑誌・その他の紙）,
1386,し,磁石入絆創膏,,燃やすごみ,
1387,し,自転車のベル,,小さな金属類,プラスチックのみでできたものはプラスチック資源へ
1388,し,消臭剤(エアゾール缶),,スプレー缶,中身を使い切って 穴はあけない。キャップはプラスチック資源へ。中身が出せなくなったものについては収集事務所に相談
1389,し,自転車のチェーン,,小さな金属類,
1390,し,自転車のフレーム,,粗大ごみ,30cm未満のものは小さな金属類へ
1391,し,しおり(紙製),,古紙(雑誌・その他の紙）,
1392,し,しおり(金属製),,小さな金属類,
1393,し,しおり(木製・プラスチック製),,燃やすごみ,プラスチックのみでできたものはプラスチック資源へ
1394,し,シャボン玉液容器,,プラスチック資源,
1395,し,書道下敷き,,燃やすごみ,
1396,し,背負子,,粗大ごみ,
1397,し,シャボン玉ストロー,,プラスチック資源,
1398,し,シューズスタンド,,粗大ごみ,
1399,し,消毒液などのボトル(ガラス製),,燃えないごみ,
1400,し,シェービングジェルの容器,,プラスチック資源,ガラス瓶のものは燃えないごみ
1401,し,磁気ネックレス,,燃やすごみ,
1402,し,自転車のライト,,燃やすごみ,
1404,し,シンバルスタンド,,粗大ごみ,
1405,し,商品券,,古紙(雑誌・その他の紙）,
1406,し,庭園灯(金属製),,粗大ごみ,30cm未満のものは小さな金属類へ
1407,し,庭園灯,,燃やすごみ,50cm以上のものは粗大ごみへ。50cm未満でプラスチックのみのものはプラスチック資源へ
1408,し,シガレットケース,,小さな金属類,プラスチックのみでできたものはプラスチック資源へ。木製・革製のものは燃やすごみへ
1409,し,芝刈り機(ハンディタイプ),,燃やすごみ,刃は外して小さな金属類へ
1410,し,食器(プラスチック製),,プラスチック資源,
1411,し,字消し板,,小さな金属類,プラスチックのみでできたものはプラスチック資源へ
1412,し,食品容器(プラスチック製),,プラスチック資源,
1413,し,焼酎サーバー(陶器製),,燃えないごみ,50cm以上のものは粗大ごみへ
1414,し,ジャムの紙容器,,燃やすごみ,
1416,し,受信ブースター,◎,燃やすごみ,金属製のものは小さな金属類へ
1417,し,定規(金属製),,小さな金属類,30cm以上のものは粗大ごみへ
1418,し,刺しゅう枠(木・プラスチック製),,燃やすごみ,プラスチックのみでできたものはプラスチック資源へ
1419,し,刺しゅう枠(金属製),,小さな金属類,
1420,し,シュレッダー(電動:プラスチック製),◎,燃やすごみ,50cm以上のものは粗大ごみへ
1421,し,シャーレ(ガラス製),,燃えないごみ,
1422,し,シャーレ(金属製),,小さな金属類,
1423,し,シャーレ(プラスチック製),,プラスチック資源,プラスチックのみでできたものはプラスチック資源
1424,し,収納ボックス(段ボール製),,古紙（段ボール）,つぶして、取っ手などははずす。
1425,し,自動車用カバー,,燃やすごみ,折りたたんで50㎝以上のものは粗大ごみへ
1426,し,磁気ガード用金属シート,,小さな金属類,アルミ製のものは燃やすごみへ
1427,し,しゃもじ(金属製),,小さな金属類,
1428,し,ジャッキスタンド,,小さな金属類,30㎝以上のものは粗大ごみへ
1429,し,食品の個別包装紙,,燃やすごみ,油を含んだ紙や汚れた紙、においのついた紙など。きれいな紙は古紙へ。
1431,し,身長計,,粗大ごみ,
1432,し,食品の紙容器(油汚れがついているもの),,燃やすごみ,
1433,し,しかけ絵本,,古紙(雑誌・その他の紙）,プラスチックのみでできたパーツは外してプラスチック資源へ。その他布などのパーツは外して燃やすごみへ
1434,し,食器(陶器・ガラス製),,燃えないごみ,
1435,し,自撮り棒,,小さな金属類,30㎝以上のものは粗大ごみヘ。プラスチックのみでできたものはプラスチック資源へ
1436,ぬ,抜き型,,プラスチック資源,金属製のものは小さな金属類へ
1437,し,自転車・バイクのアクセサリー/パーツ(金属製),,小さな金属類,30㎝以上のものは粗大ごみヘ。バイク本体などは販売店へ相談
1438,し,自転車・バイクのアクセサリー(金属製以外),,燃やすごみ,プラスチックのみでできたものはプラスチック資源へ
1439,し,収納用バッグ、ランドリーバッグ,,燃やすごみ,畳んで50㎝以上のものは粗大ごみへ。50cm未満でプラスチックのみのものはプラスチック資源へ
1440,し,シャワーフック,,燃やすごみ,プラスチックのみでできたものはプラスチック資源へ。金属製のものは小さな金属類へ
1441,し,収納ボックス(布製),,燃やすごみ,50㎝を超えるものは粗大ごみ
1442,し,シェイカーボトル(プラスチック製),,プラスチック資源,プラスチックのみでできたものはプラスチック資源へ
1443,し,自転車キャリア(車用),,粗大ごみ,金属製で30cm未満のものは小さな金属類へ。プラスチックのみで50cm未満のものはプラスチック資源へ
1444,し,植物の実・種,,燃やすごみ,
1445,し,シャツオーガナイザー,,燃やすごみ,50cm以上のものは粗大ごみへ。50cm未満でプラスチックのみのものはプラスチック資源へ
1446,し,ショッパー(ビニール製),,プラスチック資源,
1447,し,ショッパー(紙製),,古紙(雑誌・その他の紙）,ビニール製などのひもは取り除く
1448,し,ショッパー(布製),,燃やすごみ,
1449,す,酢(食酢・調味酢)の入っていたペットボトル,,缶・びん・ペットボトル,ペットボトルマークを確認
1450,す,水筒(プラスチック製),,プラスチック資源,プラスチックのみ以外のものは燃やすごみへ
1451,す,水筒(金属製),,小さな金属類,プラスチックのみでできたキャップなどはプラスチック資源へ。 30cm以上のものは粗大ごみへ
1452,す,炊飯器(プラスチック製),,燃やすごみ,内釜・内蓋は小さな金属類へ。50㎝以上のものは粗大ごみへ。
1453,す,炊飯器(金属製),,小さな金属類,30cm以上のものは粗大ごみへ
1454,す,炊飯器の内釜,,小さな金属類,30cm以上のものは粗大ごみへ。炭製の物は燃えないごみへ(「炭製の内釜」と明記する)
1455,す,スーツ,,古布,汚れ等を落としてから
1456,す,スーツケース(旅行用),,粗大ごみ,50cm未満のものは燃やすごみへ
1457,す,スカーフ,,古布,洗濯して乾かしてから
1458,す,スキー・スノーボード板、ストック,,粗大ごみ,
1459,す,スキー・スノーボード用ブーツ,,燃やすごみ,
1460,す,スチール缶・アルミ缶(飲料用・食品用),,缶・びん・ペットボトル,飲料・食品用以外で30cm未満のものは小さな金属類へ。30cm以上は粗大ごみ
1461,す,ストーブ,,粗大ごみ,灯油・電池は抜く。プラスチック製で50㎝未満のものは燃やすごみへ
1462,す,ストッキング,,燃やすごみ,
1463,す,ストッキングの外包装,,プラスチック資源,
1464,す,ストッキングの中台紙(紙製),,古紙(雑誌・その他の紙）,
1465,す,ストロー,,プラスチック資源,プラスチックのみでできたのものはプラスチック資源へ。その他は燃やすごみへ
1466,す,ストローの外袋(紙製),,古紙(雑誌・その他の紙）,
1467,す,ストローの外袋(プラスチック製),,プラスチック資源,
1468,す,スニーカー,,燃やすごみ,
1469,す,スパイクシューズ,,燃やすごみ,金具部分は小さな金属類へ
1470,す,スプーン(木製・プラスチック製),,燃やすごみ,プラスチックのみでできたものはプラスチック資源へ。木製のものは燃やすごみへ
1472,す,スプーン(金属製),,小さな金属類,
1473,す,スプーンの包装(プラスチック製),,プラスチック資源,プリンなどで使用するもの
1474,す,スプリングマットレス,,粗大ごみ,
1475,す,ズボン、スラックス,,古布,洗濯して乾かしてから
1476,す,スポンジ,,プラスチック資源,
1477,す,スポンジの外包装(プラスチック製),,プラスチック資源,
1478,す,スリッパ,,燃やすごみ,
1479,す,すりばち(陶器製),,燃えないごみ,新聞紙等に包み品名を表示する。木製すりこぎは、燃やすごみへ
1480,す,水槽,,粗大ごみ,50cm未満でプラスチックのみのものはプラスチック資源へ。ガラス製は燃えないごみへ
1481,す,スエットスーツ,,古布,ゴム製・ビニール製のものは燃やすごみ
1482,す,姿見,,粗大ごみ,
1484,す,スキーウェア・スノーボードウェア,,古布,汚れ等を落としてから 綿入りのものは燃やすごみへ
1485,す,スキー用バッグ・スノーボードなどのバッグ,,燃やすごみ,折りたたんで50cm以上のものは粗大ごみへ
1486,す,スケート靴,,燃やすごみ,
1487,す,スコップ,,粗大ごみ,プラスチックのみで50cm未満のものはプラスチック資源へ。金属製で30cm未満のものは小さな金属類へ
1488,す,すずり,,燃えないごみ,
1489,す,すだれ,,粗大ごみ,畳んで50cm未満のものは燃やすごみへ。広げて50cm未満でプラスチックのみのものはプラスチック資源へ
1490,す,スチーマー(美顔器),◎,燃やすごみ,"電池・充電池は電池類へ。充電池を取り外せないものは、他の燃やすごみとは別の袋で出す。
50cm以上のものは粗大ごみへ。"
1491,す,ストーブフェンス,,粗大ごみ,
1492,す,ストラップ,,燃やすごみ,金属製のものは小さな金属類へ
1493,す,すのこ,,粗大ごみ,50cm未満のものは燃やすごみへ
1494,す,スプレー缶,,スプレー缶,中身を使い切って 穴はあけない。キャップはプラスチック資源へ。中身が出せなくなったものについては収集事務所に相談
1495,え,エアゾール式消火具,,スプレー缶,中身を使い切って 穴はあけない。キャップはプラスチック資源へ。中身が出せなくなったものについては収集事務所に相談
1496,す,ズボンプレッサー,,粗大ごみ,50cm未満のものは燃やすごみへ
1497,す,スカート,,古布,
1498,す,スケートボード,,粗大ごみ,
1499,す,スチールウール,,小さな金属類,
1500,す,登山ポール ステッキ・杖,,粗大ごみ,金属製で30㎝未満のものは小さな金属類へ 金属製以外のもので50㎝未満のものは燃やすごみへ
1501,す,ストール,,古布,
1502,す,スライサー(プラスチック製),,燃やすごみ,不要
1503,す,スリッパ立て,,粗大ごみ,"木製で50cm未満のものは燃やすごみへ。
プラスチックのみでできたもので50cm未満のものはプラスチック資源へ。
金属製で30cm未満のものは小さな金属類へ"
1504,す,砂時計(枠が金属製),,小さな金属類,
1505,す,スティックのり・液体のりの容器,,プラスチック資源,中身を使いきって
1506,す,砂時計(ガラス製 枠なし),,燃えないごみ,
1507,す,スタンプ,,燃やすごみ,金属製のものは小さな金属類へ
1508,す,ストーマパウチ,,燃やすごみ,汚物はトイレに流して
1509,す,ストロボ,,燃やすごみ,
1510,す,砂時計(枠が木製・プラスチック製),,燃やすごみ,
1511,す,スケッチブック,,古紙(雑誌・その他の紙）,金属部分は小さな金属類へ
1512,す,スーパーボール,,燃やすごみ,
1513,す,スタンプ台,,燃やすごみ,金属製のものは小さな金属類へ
1514,す,滑り台(おもちゃ),,粗大ごみ,
1516,す,スライスカッター,,粗大ごみ,プラスチック製で50cm未満のものは燃やすごみへ。金属製で30cm未満のものは小さな金属類へ 
1518,す,スライダック(金属製),,小さな金属類,30cm以上のものは粗大ごみへ
1519,す,スクリーントーン,,燃やすごみ,台紙は古紙(雑誌・その他の紙)へ、包装はプラスチック資源へ
1520,す,スチールボード,,粗大ごみ,30cm未満のものは小さな金属類へ
1521,す,鈴(金属製),,小さな金属類,木製のものは燃やすごみへ。 ガラス製・陶器製のものは燃えないごみへ。プラスチックのみでできたものはプラスチック資源へ
1522,す,寿司桶,,燃やすごみ,50cm以上のものは粗大ごみへ。50cm未満でプラスチックのみのものはプラスチック資源へ
1523,す,スタンド灰皿,,粗大ごみ,"木製で50cm未満のものは燃やすごみへ。
プラスチックのみでできたもので50cm未満のものはプラスチック資源へ。
金属製で30cm未満のものは小さな金属類へ"
1524,す,ステンドグラス,,燃えないごみ,50cm以上のものは粗大ごみへ
1525,す,すりこぎ,,燃やすごみ,プラスチックのみでできたものはプラスチック資源へ
1526,す,水泳帽,,古布,ゴム製のものは燃やすごみへ
1527,す,スイッチカバー,,燃やすごみ,プラスチックのみでできたものはプラスチック資源へ。金属製のものは小さな金属類へ。その他は燃やすごみへ
1528,す,ストップウォッチ,◎,燃やすごみ,
1529,す,スケーラー,,小さな金属類,事業で排出するものは、事業系ごみ
1530,す,スティックシュガー(袋),,古紙(雑誌・その他の紙）,砂糖が付着したものは燃やすごみへ
1531,す,ステーショナリーケース,,燃やすごみ,プラスチックのみでできたものはプラスチック資源へ
1532,す,3Dメガネ,,燃やすごみ,プラスチックのみでできたものはプラスチック資源へ
1533,す,すねあて,,燃やすごみ,50cm以上のものは粗大ごみへ。50cm未満でプラスチックのみのものはプラスチック資源へ
1534,す,スピンドルケース(CD等),,プラスチック資源,
1535,す,スプレーのり,,スプレー缶,中身を使い切って 穴はあけない。キャップはプラスチック資源へ。中身が出せなくなったものについては収集事務所に相談
1536,す,スノードーム,,燃えないごみ,
1537,す,スポンジマット,,プラスチック資源,50cm以上のものは粗大ごみ
1538,す,スライム,,燃やすごみ,
1539,す,水槽フィルター,,燃やすごみ,
1540,す,水槽台,,粗大ごみ,
1541,す,スライド(写真),,燃やすごみ,
1542,す,スキーラック,,粗大ごみ,
1543,す,ステンレスシート,,燃やすごみ,
1544,す,スパンコール,,燃やすごみ,
1545,す,スピードメーター,,燃やすごみ,
1546,す,スプレーガン,,小さな金属類,
1547,す,滑り止めシート,,燃やすごみ,
1548,す,スポンジホルダー(プラスチック製),,プラスチック資源,
1549,す,スポンジホルダー(金属製),,小さな金属類,
1551,す,スライドハンガー,,粗大ごみ,プラスチックのみで50cm未満のものはプラスチック資源へ。金属製で30cm未満のものは小さな金属類へ。
1552,す,水準器,,燃やすごみ,金属製のものは小さな金属類へ
1553,す,スリムファン,,粗大ごみ,50cm以下のものは燃やすごみへ(電池・充電池は電池類へ。充電池を取り外せないものは、他の燃やすごみとは別の袋で出す。)。
1554,す,ステンレスケース,,小さな金属類,30cm以上のものは粗大ごみへ
1555,す,水槽照明(LED),,燃やすごみ,50cm以上のものは粗大ごみへ。
1556,す,水槽用ヒーター,,燃やすごみ,主な素材が金属でできているものは、小さな金属類へ
1557,す,スクレーパー,,小さな金属類,プラスチックのみでできたものはプラスチック資源へ
1558,す,スマートフォンケース,,燃やすごみ,プラスチックのみでできたものはプラスチック資源へ
1559,す,すし巻,,燃やすごみ,プラスチックのみでできたものはプラスチック資源へ
1560,す,スリングベルト,,燃やすごみ,
1561,す,水槽用クーラー,,燃やすごみ,50cm以上のものは粗大ごみへ
1562,す,スプロケット,,小さな金属類,
1563,す,スプレー缶のキャップ,,プラスチック資源,
1564,す,スポットクーラー,,粗大ごみ,"50cm未満のものは燃やすごみへ(電池・充電池は電池類へ。充電池を取り外せないものは、他の燃やすごみとは別の袋で出す。)。
事業で排出するものは、事業系ごみ。"
1565,す,錫製品,,小さな金属類,30cm以上のものは粗大ごみへ
1566,す,スリッカーブラシ,,燃やすごみ,プラスチックのみでできたものはプラスチック資源へ
1568,す,図面ケース・ポスターケース,,燃やすごみ,50cm以上のものは粗大ごみへ。50cm未満でプラスチックのみのものはプラスチック資源へ
1569,す,硯箱,,燃やすごみ,プラスチックのみでできたものはプラスチック資源へ。金属製のものは小さな金属類へ
1570,す,スモークボール,,燃やすごみ,未使用のものは水に濡らして
1571,す,鋤,,粗大ごみ,
1572,す,スタンプカード・メンバーズカード,,古紙(雑誌・その他の紙）,プラスチックのみでできたものはプラスチック資源へ
1573,す,ストローマグ,,燃やすごみ,プラスチックのみでできたものはプラスチック資源へ
1574,す,スノーシュー,,粗大ごみ,プラスチックのみで50cm未満のものはプラスチック資源へ
1575,す,ストローパイプ,,プラスチック資源,
1576,す,スノーダンプ,,粗大ごみ,
1577,す,スターラー,,燃やすごみ,金属製のものは小さな金属類へ
1578,す,スプーン(陶器製),,燃えないごみ,
1579,す,スリーパー(乳幼児用寝具),,古布,わた入りは燃やすごみへ
1580,す,砂絵の砂,,燃えないごみ,
1581,す,砂絵,,燃やすごみ,
1582,す,水槽用ヒーターカバー,,燃やすごみ,50cm以上のものは粗大ごみへ。50cm未満でプラスチックのみのものはプラスチック資源へ
1583,す,炊飯器の内蓋,,小さな金属類,30㎝以上のものは粗大ごみへ
1584,す,スライド式シンク調理補助台,,粗大ごみ,30㎝未満のものは小さな金属類へ
1585,す,水草用ネット(金属製),,小さな金属類,
1586,す,ストーブの芯,,燃やすごみ,
1587,す,スキー・サーフィンなどのワックス,,燃やすごみ,プラスチックの容器はプラスチック資源へ。エアゾール缶タイプのものは中身を使い切ってスプレー缶へ。
1588,す,スープメーカー,◎,燃やすごみ,ガラス部分は外して燃えないごみへ。金属製のものは小さな金属類へ。
1589,す,スケッチボード,,燃やすごみ,
1590,す,ストーブの収納袋,,燃やすごみ,広げて50cm未満でプラスチックのみのものはプラスチック資源へ
1591,す,水銀血圧計,,区役所・収集事務所または燃えないごみ,"割れないように購入時のケースまたは新聞紙等に包み、品名を表示する。
または、区役所・収集事務所にお持込ください。"
1592,す,水銀体温計・温度計,,区役所・収集事務所または燃えないごみ,割れないように購入時のケースまたは新聞紙等に包み、品名を表示する。または、区役所・収集事務所にお持込ください。
1593,す,スコアカード,,古紙(雑誌・その他の紙）,紙製以外のカバーやカーボン紙は燃やすごみへ
1594,す,スライサー(金属製),,小さな金属類,
1595,せ,制汗剤,,スプレー缶,中身を使い切って 穴はあけない。キャップはプラスチック資源へ。中身が出せなくなったものについては収集事務所に相談
1596,せ,制汗剤の包装フィルム,,プラスチック資源,
1597,せ,セーター,,古布,洗濯して乾かしてから
1598,せ,石けん,,燃やすごみ,
1599,せ,石けんの個別包装紙,,燃やすごみ,
1600,せ,石けんのケース(プラスチック製)(ケースつきのものを購入した場合),,プラスチック資源,
1601,せ,石けんのケース(プラスチック製)(ケース自体を購入した場合),,プラスチック資源,
1602,せ,石けんの外箱(紙製),,古紙(雑誌・その他の紙）,折りたたんで
1603,せ,接着剤(瞬間接着剤など)容器(プラスチック製),,プラスチック資源,プラスチックのみでできたものはプラスチック資源へ
1604,せ,接着剤(瞬間接着剤など)容器(アルミ製),,小さな金属類,
1605,せ,セロハンテープ,,燃やすごみ,
1606,せ,セロハンテープの外包装(プラスチック製),,プラスチック資源,
1607,せ,セロハンテープの外箱(紙製),,古紙(雑誌・その他の紙）,折りたたんで
1608,せ,セロハンテープの金具(切る部分),,小さな金属類,プラスチックのみでできた台はプラスチック資源へ
1609,せ,セロハンテープの芯,,古紙(雑誌・その他の紙）,
1610,せ,線香,,燃やすごみ,
1611,せ,洗剤の容器(紙製),,燃やすごみ,
1612,せ,洗剤等の容器(プラスチック製),,プラスチック資源,詰め替え用の袋も対象
1613,せ,洗濯洗剤に入っている計量カップ・スプーン,,プラスチック資源,プラスチックのみでできたものはプラスチック資源へ
1614,せ,洗濯かご(金属製以外),,燃やすごみ,50cm以上のものは粗大ごみへ。50cm未満でプラスチックのみのものはプラスチック資源へ
1615,せ,洗濯機,,家電リサイクル,出し方の詳細はリンクを参照ください 
1616,せ,洗濯ばさみ,,燃やすごみ,プラスチックのみでできたものはプラスチック資源へ。金属製のものは小さな金属類へ
1617,せ,扇風機,,粗大ごみ,"50㎝未満のものは燃やすごみへ(電池・充電池は電池類へ。充電池を取り外せないものは、他の燃やすごみとは別の袋で出す。)。
金属製で30㎝未満のものは小さな金属類へ。"
1618,せ,洗面器(プラスチック製),,プラスチック資源,プラスチックのみでできたものはプラスチック資源へ
1619,せ,製図台,,粗大ごみ,事業で排出するものは、事業系ごみとして出す
1620,せ,生理用品,,燃やすごみ,
1621,せ,石膏,,燃えないごみ,
1622,せ,接着テープ,,燃やすごみ,
1623,せ,セラミック包丁,,燃えないごみ,新聞紙等に包み品名を表示する。
1624,せ,洗面化粧台,,粗大ごみ,
1625,せ,生花,,燃やすごみ,
1626,せ,性具,,燃やすごみ,電池式のものは電池を抜く
1627,せ,整髪料の容器(びん),,燃えないごみ,
1628,せ,整髪料の容器(プラスチック製),,プラスチック資源,
1629,せ,石材,,燃えないごみ,50cm以上のものは粗大ごみへ
1630,せ,石灰,,燃えないごみ,
1631,せ,石膏ボード,,粗大ごみ,50cm未満のものは燃えないごみへ
1632,せ,セメント,,燃えないごみ,50cm以上のものは粗大ごみへ
1633,せ,セロハンテープの台,,燃やすごみ,本体が金属製の物は小さな金属類へ
1634,せ,線香たて(陶器製),,燃えないごみ,金属製のものは小さな金属類へ
1635,せ,洗濯板,,燃やすごみ,50cm以上のものは粗大ごみへ
1636,せ,洗濯ネット,,燃やすごみ,プラスチックのみでできたものはプラスチック資源へ
1637,せ,栓抜き,,小さな金属類,プラスチックのみでできたものはプラスチック資源へ
1638,せ,剪定チップ,,燃やすごみ,
1639,せ,精米機,,燃やすごみ,50cm以上のものは粗大ごみへ(内側に金網かごが入っている場合、かごは小さな金属類へ)
1640,せ,雪駄,,燃やすごみ,
1641,せ,センサーライト(金属製),,小さな金属類,30cm以上のものは粗大ごみへ
1642,せ,センサーライト(プラスチック製),,燃やすごみ,
1643,せ,整水器(金属製),,小さな金属類,30cm以上のものは粗大ごみへ
1644,せ,整水器(プラスチック製),,燃やすごみ,50cm以上のものは粗大ごみへ。50cm未満でプラスチックのみのものはプラスチック資源へ
1645,せ,製図版,,粗大ごみ,"木製で50cm未満のものは燃やすごみへ。
プラスチックのみでできたもので50cm未満のものはプラスチック資源へ。
金属製で30cm未満のものは小さな金属類へ"
1646,せ,蒸籠(金属製),,小さな金属類,30cm以上のものは粗大ごみへ
1647,せ,蒸籠(竹製・木製),,燃やすごみ,
1648,せ,洗濯機台,,粗大ごみ,プラスチックのみでできたものはプラスチック資源へ。金属製のものは小さな金属類へ
1649,せ,製図用紙,,古紙(雑誌・その他の紙）,
1650,せ,石けんのケース(金属製),,小さな金属類,
1651,せ,セル画,,プラスチック資源,
1652,せ,静電気防止スプレー,,スプレー缶,中身を使い切って 穴はあけない。キャップはプラスチック資源へ。中身が出せなくなったものについては収集事務所に相談
1653,せ,セームタオル,,燃やすごみ,
1654,せ,洗顔フォームの容器,,プラスチック資源,中身を使い切って
1655,せ,千枚通し,,小さな金属類,尖った部分は新聞紙等で包む
1656,せ,石炭,,燃やすごみ,
1657,せ,製氷皿(金属製),,小さな金属類,
1658,せ,製氷皿(プラスチック製),,プラスチック資源,プラスチックのみでできたものはプラスチック資源へ
1659,せ,製本機,,燃やすごみ,50cm以上のものは粗大ごみ 金属製の場合は、30cm未満のものは小さな金属類 30cm以上のものは粗大ごみ
1660,せ,洗濯リング,,燃やすごみ,
1661,せ,洗濯紐,,燃やすごみ,
1662,せ,ゼッケン,,古布,
1663,せ,セロハン紙,,燃やすごみ,
1664,せ,製氷機,,粗大ごみ,50cm未満のものは燃やすごみへ
1665,せ,セロハンシート,,燃やすごみ,
1666,せ,洗濯かご(金属製),,粗大ごみ,"30cm以下のものは小さな金属類へ"
1667,せ,セミハードケース,,燃やすごみ,
1668,せ,絶縁シール,,燃やすごみ,
1669,せ,整髪料の缶,,小さな金属類,"中身を使い切って。
スプレータイプのものは燃やすごみの日にスプレー缶としてお出しください。"
1670,せ,洗濯機防水パン,,粗大ごみ,
1671,せ,絶縁碍子,,燃えないごみ,プラスチックのみでできたものはプラスチック資源へ
1672,せ,扇風機のカバー(布製),,燃やすごみ,
1673,せ,洗濯機カバー,,燃やすごみ,
1674,せ,石けんトレー(ガラス製・石製),,燃えないごみ,
1675,せ,石けんトレー(金属製),,小さな金属類,
1676,せ,石けんトレー(プラスチック製),,プラスチック資源,プラスチックのみでできたものはプラスチック資源へ
1677,せ,ゼリー飲料の容器(アルミパウチ),,プラスチック資源,
1678,せ,洗剤の容器(金属製),,小さな金属類,
1679,せ,切断砥石,,燃えないごみ,
1680,せ,接着剤(瞬間接着剤など)容器(ガラス製),,燃えないごみ,
1681,せ,線香たて(金属製),,小さな金属類,
1682,せ,製菓道具(金属製),,小さな金属類,30cm以上のものは粗大ごみへ
1683,せ,製菓道具(金属製以外),,燃やすごみ,プラスチックのみでできたものはプラスチック資源へ
1684,そ,掃除機,,粗大ごみ,電池・充電池は電池類へ。各パーツ(ホース・ノズル等)が50㎝未満になるものは燃やすごみへ。(充電池を取り外せないものは、他の燃やすごみとは別の袋で出す。)
1685,そ,ソースの容器,,プラスチック資源,
1686,そ,そろばん,,燃やすごみ,プラスチックのみでできたものはプラスチック資源へ
1687,そ,ぞうきん,,燃やすごみ,
1688,そ,造花,,燃やすごみ,針金は小さな金属類へ
1689,そ,双眼鏡,,燃やすごみ,
1690,そ,そり,,粗大ごみ,木製・プラスチック製で50㎝未満のものは燃やすごみへ。金属製で30㎝未満のものは小さな金属類へ 
1691,そ,ソファー,,粗大ごみ,
1692,そ,草履,,燃やすごみ,
1693,そ,ソファーカバー,,古布,
1694,そ,象牙,,燃やすごみ,
1695,そ,掃除シート,,燃やすごみ,容器はプラスチック資源へ
1696,そ,ソフトクーラーバッグ,,燃やすごみ,
1697,そ,ソーラーライト(金属製),,小さな金属類,30cm以上のものは粗大ごみへ
1698,そ,ソーラーライト(プラスチック製),,燃やすごみ,50cm以上のものは粗大ごみへ
1699,そ,ソケット,,小さな金属類,アダプター・コンセント類は燃やすごみへ
1700,そ,ソフトワイヤー,,燃やすごみ,
1701,そ,ソックタッチ,,プラスチック資源,中身を使い切って
1702,そ,底砂,,燃えないごみ,
1703,そ,ソーチェーン,,粗大ごみ,折り畳んで30cm未満のものは小さな金属類へ 
1704,そ,素麺の木箱,,燃やすごみ,50cm以上のものは粗大ごみへ
1705,そ,ソーラー充電器,◎,燃やすごみ,電池・充電池は電池類へ。充電池を取り外せないものは、他の燃やすごみとは別の袋で出す。
1706,そ,ソーセージの金具,,小さな金属類,
1707,そ,ソファーテーブル,,粗大ごみ,50cm未満のものは燃やすごみへ
1709,そ,掃除棒(木・プラスチック製),,燃やすごみ,プラスチックのみでできたものはプラスチック資源へ
1710,そ,掃除棒(金属製),,小さな金属類,30㎝以上のものは粗大ごみへ
1711,た,棚,,粗大ごみ,"木製で50cm未満のものは燃やすごみへ。
プラスチックのみでできたもので50cm未満のものはプラスチック資源へ。
金属製で30cm未満のものは小さな金属類へ"
1712,た,体温計・温度計(プラスチック製),◎,燃やすごみ,プラスチックのみでできたケースはプラスチック資源へ
1713,た,体温計・温度計(ガラス製),,燃えないごみ,ケースに入れるか、新聞紙等に包み、品名を表示する。プラスチック製のケースだけを出す場合は、プラスチック資源へ。水銀が入っているものは燃えないごみへ
1714,た,体重計(プラスチック製),,燃やすごみ,"50cm以上の物は粗大ごみへ。
デジタル式は小型家電の対象。
(投入口30cm×15cmに入る長さ30センチ未満のもの)"
1715,た,体重計(金属製),,小さな金属類,"30cm以上のものは粗大ごみへ
デジタル式は小型家電の対象。
(投入口30cm×15cmに入る長さ30センチ未満のもの)"
1716,た,タイヤ(自動車・バイク),,販売店へ相談,
1717,た,タイヤチェーン(ゴム製など金属製以外),,燃やすごみ,
1718,た,タイヤチェーン(金属製),,小さな金属類,
1719,た,ダイレクトメール等のちらし,,古紙(雑誌・その他の紙）,個人情報に注意(シュレッダーかける、該当部分を消す、穴を空けるなど)※シュレッダーした紙も古紙へ出す
1720,た,ダイレクトメールの封筒(紙製),,古紙(雑誌・その他の紙）,
1721,た,ダイレクトメールの封筒(ビニール製),,プラスチック資源,
1722,た,タオル,,古布,洗濯して乾かしてから
1724,た,宅配便を利用する際に使われたダンボール,,古紙（段ボール）,粘着テープ、あて名紙などは取る
1725,た,脱臭剤(中の活性炭など),,燃やすごみ,
1726,た,脱臭剤容器(プラスチック製),,プラスチック資源,
1727,た,たばこの吸い殻,,燃やすごみ,
1728,た,たばこの包装フィルム,,プラスチック資源,
1729,た,たばこの中銀紙,,燃やすごみ,
1730,た,たばこの外箱,,古紙(雑誌・その他の紙）,折りたたんで。中の銀紙は燃やすごみへ。ビニールの包装はプラスチック資源へ
1731,た,卵パック(紙製),,古紙(雑誌・その他の紙）,つぶして
1732,た,卵パック(プラスチック製),,プラスチック資源,
1733,た,たわし,,燃やすごみ,プラスチックのみでできたものはプラスチック資源へ
1734,た,タンス,,粗大ごみ,
1735,た,段ボール,,古紙（段ボール）,粘着テープ、あて名紙などは取る
1736,た,段ボール(アルミコーティングあり),,燃やすごみ,折りたたんで
1737,た,耐火金庫,,販売店へ相談,
1738,た,ダーツの矢,,小さな金属類,新聞紙等に包み品名を表示する。
1739,た,ダーツボード,,燃やすごみ,50cm以上のものは粗大ごみへ
1740,た,台車,,粗大ごみ,
1741,た,タイツ,,古布,洗濯をして乾かしてから 破れているものは燃やすごみへ
1742,た,タイル,,燃えないごみ,プラスチックのみでできたのものはプラスチック資源へ。その他は燃やすごみへ
1743,た,タオルケット(綿の入ってないもの),,古布,洗濯して乾かしてから
1744,た,タオルハンガー,,粗大ごみ,"プラスチックのみで50cm未満のものはプラスチック資源へ。金属製で30cm未満のものは小さな金属類へ。
その他は燃やすごみへ"
1746,た,高枝切りはさみ,,粗大ごみ,
1747,た,竹製マット,,燃やすごみ,50cm以上のものは粗大ごみへ
1748,た,たたみ,,粗大ごみ,
1749,た,抱っこ紐,,燃やすごみ,一枚布の製品は古布へ
1750,た,脱脂綿,,燃やすごみ,
1751,た,タッパー,,プラスチック資源,
1752,た,だるま,,燃やすごみ,50cm以上のものは粗大ごみへ
1753,た,炭酸ガスカートリッジ,,小さな金属類,美容・飲料水用等の小型のもの。中身を使い切って。回収が義務化されているものは販売店へ。
1754,た,タイプライター,,粗大ごみ,30cm未満のものは小さな金属類へ
1755,た,タイヤチューブ,,燃やすごみ,
1758,た,抱き枕,,燃やすごみ,50cm以上のものは粗大ごみへ
1759,た,卓球台,,粗大ごみ,
1760,た,卓球ボール,,プラスチック資源,プラスチックのみでできたものはプラスチック資源へ
1761,た,脱酸素剤,,燃やすごみ,
1762,た,単眼鏡,,燃やすごみ,
1763,た,断熱シート,,燃やすごみ,
1764,た,ダンベル,,小さな金属類,プラスチックのみでできたものはプラスチック資源へ
1766,た,宅配便を利用する際に使われた箱類(段ボールでないもの),,古紙(雑誌・その他の紙）,粘着テープ、あて名紙などは取る
1767,た,タイマー,◎,燃やすごみ,デジタル式は小型家電の対象。 (投入口30cm×15cmに入る長さ30センチ未満のもの)
1768,た,卓上掃除機,,燃やすごみ,電池・充電池は電池類へ。充電池を取り外せないものは、他の燃やすごみとは別の袋で出す。収集車の火災の原因となるため、充電池付の掃除機は燃やすごみに入れないでください。
1769,た,タンブラー(プラスチック製),,燃やすごみ,プラスチックのみでできたものはプラスチック資源へ
1770,た,ダッチワイフ,,粗大ごみ,風船式のものは空気を抜いて燃やすごみへ
1771,た,タペストリー,,燃やすごみ,畳んで50cm以上のものは粗大ごみへ
1772,た,たらい(木製・プラスチック製),,燃やすごみ,プラスチックのみでできたものはプラスチック資源へ。50cm以上のものは粗大ごみへ。
1774,た,タンバリン,,燃やすごみ,
1775,た,タープ,,粗大ごみ,
1776,た,タイルカーペット,,燃やすごみ,畳んで50cm以上のものは粗大ごみへ
1777,た,棚板(木製・プラスチック製),,燃やすごみ,50㎝以上のものは粗大ごみへ
1778,た,樽,,粗大ごみ,"木製で50cm未満のものは燃やすごみへ。
プラスチックのみでできたもので50cm未満のものはプラスチック資源へ。
金属製で30cm未満のものは小さな金属類へ"
1779,た,竹馬,,粗大ごみ,
1780,た,竹踏み,,燃やすごみ,プラスチックのみでできたものはプラスチック資源へ
1781,た,段差スロープ(金属製),,粗大ごみ,30㎝未満のものは小さな金属類へ
1782,た,耐熱ガラス製品,,燃えないごみ,50cm以上のものは粗大ごみへ
1783,た,太陽電池パネル,,粗大ごみ,50cm未満のものは燃やすごみへ(電池・充電池は電池類へ。充電池を取り外せないものは、他の燃やすごみとは別の袋で出す)。
1784,た,宅配便伝票,,燃やすごみ,
1785,た,凧,,燃やすごみ,50cm以上のものは粗大ごみへ
1786,た,たとう紙,,古紙(雑誌・その他の紙）,
1787,た,タイヤカバー(自転車・自動車),,燃やすごみ,
1788,た,タックルボックス(プラスチック製),,燃やすごみ,プラスチックのみでできたものはプラスチック資源へ。50cm以上のものは粗大ごみへ。金属製で30㎝未満のものは小さな金属類へ。
1789,た,タンブラー(金属製),,小さな金属類,30cm以上のものは粗大ごみへ
1790,た,卓上鍋(金属製),,粗大ごみ,30㎝未満のものは小さな金属類へ。ガラス製の蓋は燃えないごみへ 
1791,た,たも網,,粗大ごみ,金属製で30㎝未満のものは小さな金属類へ。金属製以外で50㎝未満のものは燃やすごみへ。
1792,た,タッセル,,燃やすごみ,
1793,た,ダルマ画鋲,,燃やすごみ,針の部分は刺さらないように包む。
1794,た,卓上ホルダー・車載用ホルダー(携帯電話等),,燃やすごみ,プラスチックのみでできたものはプラスチック資源へ。金属製のものは小さな金属類へ
1795,た,卓上ボール盤,,粗大ごみ,30cm未満のものは小さな金属類へ
1796,た,ターンテーブル(電子レンジの中のもの),,燃えないごみ,
1797,た,耐油紙(揚げ物が入っていた紙袋),,燃やすごみ,
1798,た,タブレット型コンピューター,◎,燃やすごみ,"充電池を取り外せないものは、他の燃やすごみとは別の袋で出す。
PCリサイクルマークのついているものはパソコンリサイクルへ。"
1799,た,脱臭器,,燃やすごみ,50cm以上のものは粗大ごみへ
1800,た,竹シーツ,,粗大ごみ,折りたたんで一番長い辺が50cm未満のものは、燃やすごみへ
1801,た,凧糸,,燃やすごみ,
1802,た,担架,,粗大ごみ,事業で排出するものは、事業系ごみ。
1803,た,タグピン,,プラスチック資源,プラスチックのみでできたものはプラスチック資源へ
1804,た,タグファスナー,,プラスチック資源,プラスチックのみでできたものはプラスチック資源へ
1805,た,タイムレコーダー,◎,燃やすごみ,"事業で排出するものは、事業系ごみ。
デジタル式は小型家電の対象。 (投入口30cm×15cmに入る長さ30センチ未満のもの)"
1806,た,タレビン(弁当等の調味料入れ),,プラスチック資源,
1807,た,タンスシート,,燃やすごみ,
1808,た,玉のれん,,燃やすごみ,
1809,た,タオル入れ(布製・プラスチック製),,燃やすごみ,プラスチックのみでできたものはプラスチック資源へ
1810,た,脱水機,,粗大ごみ,
1811,た,ターバン,,古布,
1812,た,ダイオード,,小さな金属類,
1813,た,ダウンケット,,燃やすごみ,畳んで50cm以上のものは粗大ごみへ
1814,た,卵の殻,,燃やすごみ,
1815,た,タブレット菓子のケース,,プラスチック資源,
1816,た,ダイエットベルト,,古布,ゴム製・ビニール製のものは燃やすごみへ
1817,た,卓上カレンダー,,古紙(雑誌・その他の紙）,金属部分は小さな金属類へ 
1818,た,だし(出汁)パック,,燃やすごみ,
1819,た,体重計(ガラス製),,燃えないごみ,"新聞紙等に包み、品名を表示する。
デジタル式は小型家電の対象。
(投入口30cm×15cmに入る長さ30センチ未満のもの)"
1820,た,ダクトレール,,粗大ごみ,
1821,た,タイヤチェーンのケース,,燃やすごみ,プラスチックのみでできたものはプラスチック資源へ
1822,た,竹筒,,燃やすごみ,50cm以上のものは粗大ごみへ
1823,た,竹ひご,,燃やすごみ,
1824,た,タッチペン,,燃やすごみ,
1825,た,段差スロープ,,粗大ごみ,"プラスチックのみで50cm未満のものはプラスチック資源へ。金属製で30cm未満のものは小さな金属類へ。
その他は燃やすごみへ"
1826,た,段差スロープ(コンクリート製),,粗大ごみ,50cm未満のものは燃えないごみへ
1827,た,タオルホルダー,,燃やすごみ,プラスチックのみでできたものはプラスチック資源へ。金属製のものは小さな金属類へ。
1828,た,耐震マット,,燃やすごみ,
1829,た,ダクトホース,,燃やすごみ,50cm以上のものは粗大ごみへ。50cm未満でプラスチックのみのものはプラスチック資源へ
1830,た,タブレット用ケース,,燃やすごみ,
1831,た,ターボタイマー,◎,燃やすごみ,金属製のものは小さな金属類へ
1832,た,ダンベル(ボトル型:水を入れて使用するもの),,燃やすごみ,プラスチックのみでできたものはプラスチック資源へ
1833,た,ダイビングジャケット,,燃やすごみ,50㎝以上のものは粗大ごみ
1834,ち,チャイルドシート・ジュニアシート,,粗大ごみ,50cm未満のものは燃やすごみへ
1835,ち,茶の缶,,缶・びん・ペットボトル,お茶(葉)を購入した時の容器の場合
1836,ち,注射器、注射針,,医療機関・薬局または燃やすごみ,「燃やすごみ」に出す場合は中身が確認できる堅い容器に入れて蓋を閉めて出す。プラスチック資源には出さない。
1837,ち,ちり紙,,燃やすごみ,
1838,ち,ちりとり(プラスチック製),,プラスチック資源,
1839,ち,ちりとり(金属製),,小さな金属類,30cm以上のものは粗大ごみへ
1840,ち,地球儀,,燃やすごみ,プラスチックのみで50cm未満のものはプラスチック資源へ
1841,ち,チョーク,,燃やすごみ,
1842,ち,貯金箱(陶器製),,燃えないごみ,プラスチックのみでできたものはプラスチック資源へ
1843,ち,調理用のし台(大理石製),,燃えないごみ,50cm以上のものは粗大ごみへ
1844,ち,調理用のし台(木製・プラスチック製),,燃やすごみ,50cm以上のものは粗大ごみへ
1845,ち,チューナー,,粗大ごみ,プラスチック製で50㎝未満のものは燃やすごみへ。金属製で30㎝未満のものは小さな金属類へ 
1846,ち,茶がら(パック入り含む),,燃やすごみ,
1847,ち,中華鍋,,小さな金属類,30cm以上(取っ手は除く)のものは粗大ごみへ
1848,ち,チェーンソー,,粗大ごみ,30cm未満のものは小さな金属類へ
1849,ち,彫像,,粗大ごみ,金属製で30㎝未満のものは小さな金属類へ 石・ガラス製で50cm未満のものは燃えないごみへ それ以外のもので50㎝未満のものは燃やすごみへ
1850,ち,彫刻刀,,燃やすごみ,個別に新聞紙等に包み、品名を表示
1851,ち,チャイルドガード(自転車用:金属製),,粗大ごみ,30cm未満のものは小さな金属類へ
1852,ち,チャイルドガード(自転車用:プラスチック製),,プラスチック資源,50cm以上のものは粗大ごみへ
1853,ち,茶がま,,小さな金属類,30cm以上のものは粗大ごみへ
1854,ち,提灯,,燃やすごみ,
1855,ち,チェアカバー(布製),,古布,広げて50cm未満でプラスチックのみのものはプラスチック資源へ。それ以外は燃やすごみへ
1856,ち,茶筒(金属製),,小さな金属類,お茶(葉)を購入した時の缶は「缶・びん・ペットボトル」へ
1857,ち,茶筒(木製・プラスチック製),,燃やすごみ,プラスチックのみでできたものはプラスチック資源へ。木製のものは燃やすごみへ。金属製のものは小さな金属類へ。
1858,ち,調味料入れ(ガラス・陶器製),,燃えないごみ,調味料を買った時の容器は、缶・びん・ペットボトルへ
1859,ち,調味料入れ,,プラスチック資源,木製のものは燃やすごみへ
1860,ち,調味料の入っていたプラスチックボトル,,プラスチック資源,ペットボトルマークのついているものは缶・びん・ペットボトルへ
1861,ち,茶巾,,古布,洗濯して乾かしてから
1862,ち,茶葉,,燃やすごみ,
1863,ち,チェストリグ,,燃やすごみ,
1864,ち,調乳ポット(ガラス容器),,燃えないごみ,
1865,ち,調乳ポット(機械部分),,燃やすごみ,
1866,ち,調乳ポット(金属製のボトルタイプ),,小さな金属類,
1867,ち,蓄音機,,粗大ごみ,50cm未満のものは燃やすごみへ
1868,ち,チェックライター,,燃やすごみ,
1869,ち,縮緬,,古布,細工物は燃やすごみへ
1870,ち,地図,,古紙(雑誌・その他の紙）,
1871,ち,超音波洗浄機,,燃やすごみ,外側が金属製のものは小さな金属類へ
1872,ち,蝶番,,小さな金属類,
1873,ち,地図帳,,古紙(雑誌・その他の紙）,
1874,ち,チャンバー(バイク部品),,粗大ごみ,
1875,ち,チルドカップ,,プラスチック資源,アルミのふた部分は、燃やすごみへ
1876,ち,調理台(自分で取り外したもののみ),,粗大ごみ,業者が取り外したものは業者に処分を依頼する。
1877,ち,貯金箱(金属製),,小さな金属類,
1878,ち,チェス盤,,燃やすごみ,50cm以上のものは粗大ごみへ、ガラス製のものは燃えないごみへ
1879,ち,チェーンクリーナー,,燃やすごみ,エアゾール缶のものはスプレー缶へ
1880,ち,茶巾入れ,,燃やすごみ,
1881,ち,調味料のびん,,缶・びん・ペットボトル,金属製のフタは小さな金属類へ。 プラスチックのみでできたフタはプラスチック資源へ
1882,ち,知恵の輪,,小さな金属類,プラスチックのみでできたものはプラスチック資源へ
1883,ち,チョークライン,,燃やすごみ,
1884,ち,チューブスタンド(プラスチック製),,燃やすごみ,プラスチックのみでできたものはプラスチック資源へ。金属製のものは小さな金属類へ
1885,ち,茶托,,燃やすごみ,プラスチックのみでできたものはプラスチック資源へ
1886,ち,チューニングメーター(楽器),◎,燃やすごみ,電池・充電池は電池類へ。充電池を取り外せないものは、他の燃やすごみとは別の袋で出す。
1887,ち,陳列棚(木製),,粗大ごみ,50cm以下はガラスは外して燃やすごみ
1889,ち,調味料入れ(金属製),,小さな金属類,
1890,ち,茶櫃,,燃やすごみ,
1891,ち,駐車場ポール,,粗大ごみ,50㎝未満でプラスチックのみでできたものはプラスチック資源へ
1892,つ,かみそり(持ち手が金属製),,小さな金属類,新聞紙等に包み品名を表示する
1893,つ,机,,粗大ごみ,
1895,つ,土,,燃えないごみ,小さい袋に入れて。量が多い時は数回に分けて出す
1896,つ,使い捨てカメラ,,燃やすごみ,販売店(現像を行う店)へ返却も可
1897,つ,漬物石,,燃えないごみ,
1898,つ,つっぱり棒・棚,,粗大ごみ,金属製で30cm未満のものは小さな金属類へ。プラスチックのみで50cm未満のものはプラスチック資源へ
1899,つ,つまようじ,,燃やすごみ,
1900,つ,つめ切り,,小さな金属類,プラスチック製のものは燃やすごみ
1901,つ,釣り竿,,粗大ごみ,50cm未満のものは燃やすごみへ
1902,つ,包み紙,,古紙(雑誌・その他の紙）,
1903,つ,壺(陶器製・ガラス製),,燃えないごみ,50cm以上のものは粗大ごみへ。プラスチックのみで50cm未満のものはプラスチック資源へ。木製で50cm未満のものは燃やすごみへ
1904,つ,釣り針,,小さな金属類,新聞紙等に包み品名を表示
1905,つ,つるはし,,粗大ごみ,
1906,つ,衝立,,粗大ごみ,金属製で30㎝未満のものは小さな金属類へ 金属製以外のもので50㎝未満のものは燃やすごみへ
1907,つ,積み木,,燃やすごみ,プラスチックのみでできたものはプラスチック資源へ
1909,つ,釣り竿ケース,,粗大ごみ,プラスチックのみで50cm未満のものはプラスチック資源へ。布製で50cm未満のものは燃やすごみへ。金属製で30cm未満のものは小さな金属類へ。
1910,つ,つけまつげ,,燃やすごみ,
1911,つ,漬物容器(陶器製),,燃えないごみ,50cm以上のものは粗大ごみへ
1912,つ,釣り糸,,燃やすごみ,
1913,つ,使いきり充電器,,電池類,"可能な限り使い切って、テープなどで絶縁をしてください。膨張・破損しているものは各区の資源循環局事務所にお持ち込みください。
"
1914,つ,爪やすり,,燃やすごみ,金属製のものは小さな金属類へ
1915,つ,つづら,,粗大ごみ,50㎝未満のものは燃やすごみへ
1916,つ,角(動物),,粗大ごみ,"50㎝未満のものは燃やすごみへ"
1917,つ,漬物樽(木製・プラスチック製),,燃やすごみ,50cm以上のものは粗大ごみへ。50cm未満でプラスチックのみのものはプラスチック資源へ
1918,つ,爪楊枝入れ,,燃やすごみ,プラスチックのみでできたものはプラスチック資源へ。木製のものは燃やすごみへ。金属製のものは小さな金属類へ。ガラス・陶器製のものは燃えないごみへ
1919,つ,土壁,,燃えないごみ,
1920,つ,詰め替えインクのボトル,,プラスチック資源,
1921,つ,つくばい,,粗大ごみ,50㎝未満のものは燃えないごみ
1922,つ,釣竿立て(ロッドホルダー),,粗大ごみ,金属製で30㎝未満のものは小さな金属類へ。木製で50㎝未満のものは燃やすごみへ。プラスチックのみでできたもので50cm未満のものはプラスチック資源へ
1923,て,Tシャツ,,古布,洗濯して乾かしてから
1924,て,ティッシュペーパー,,燃やすごみ,
1925,て,ティッシュペーパー(購入したポケットティッシュ)の包装,,プラスチック資源,
1926,て,ティッシュペーパー(もらったポケットティッシュ)の包装,,プラスチック資源,紙製のものは古紙へ
1927,て,ティッシュペーパーの箱,,古紙(雑誌・その他の紙）,折りたたんで。取り出し口のフィルムはプラスチック資源へ
1928,て,ティッシュペーパーの取り出し口のフィルム,,プラスチック資源,
1929,て,DVD・ブルーレイディスク(ケース含む),,プラスチック資源,
1930,て,テーブル,,粗大ごみ,
1931,て,鉄アレイ,,小さな金属類,30cm以上のものは粗大ごみへ
1932,て,鉄板,,小さな金属類,30cm以上のものは粗大ごみへ
1933,て,テニスラケット,,粗大ごみ,
1934,て,手ぬぐい,,古布,洗濯して乾かしてから
1935,て,手袋,,古布,洗濯して乾かしてから。ゴム製・革製のもの、破れているもの、左右そろっていないものは燃やすごみへ
1936,て,テレビ,,家電リサイクル,出し方の詳細はリンクを参照ください
1937,て,テレビ台,,粗大ごみ,
1938,て,電気コード・延長コード,◎,燃やすごみ,
1939,て,電気ポット,,燃やすごみ,50㎝以上のものは粗大ごみへ。金属製で30㎝未満は小さな金属類、30㎝以上のものは粗大ごみへ
1940,て,電気毛布,,粗大ごみ,折りたたんで50㎝未満のものは燃やすごみへ
1941,て,電球,,燃えないごみ,新聞紙等に包み品名を表示する
1942,て,電子オルガン,,粗大ごみ,
1943,て,電子レンジ,,粗大ごみ,
1944,て,電卓,◎,燃やすごみ,"電池・充電池は電池類へ。充電池を取り外せないものは、他の燃やすごみとは別の袋で出す。金属製は小さな金属類へ
"
1945,て,電池(充電池式),,電池類,可能な限り使い切って、テープなどで絶縁をしてください。膨張・破損しているものは各区の資源循環局事務所にお持ち込みください。
1946,て,電池(ボタン型),,電池類,"可能な限り使い切って、テープなどで絶縁をしてください。
"
1947,て,電話機,◎,燃やすごみ,FAX等複合機も対象。50cmを越えるものは粗大ごみへ。
1948,て,電話帳,,古紙(雑誌・その他の紙）,
1949,て,デッキブラシ(柄の部分含む),,粗大ごみ,50cm未満のものは燃やすごみへ
1950,て,DVD/CDドライブ,◎,燃やすごみ,金属製のものは小さな金属類へ
1951,て,テープカートリッジ,,燃やすごみ,
1952,て,手押し車,,粗大ごみ,プラスチック製で50㎝未満のものは燃やすごみへ。金属製で30㎝未満のものは小さな金属類へ 
1953,て,手鏡,,燃えないごみ,
1954,て,手紙,,古紙(雑誌・その他の紙）,
1955,て,テスター,◎,燃やすごみ,"充電式ものは充電池を抜いて。充電池は回収協力店へ。充電池を取り外せないものは、他の燃やすごみとは別の袋で出す。<br>
リチウムイオン電池類の出し方が令和7年12月1日から変わります。充電池は電池類へ。充電池を取り外せないものは、他の燃やすごみとは別の袋で出す。"
1956,て,手帳,,古紙(雑誌・その他の紙）,
1957,て,デッキチェア,,粗大ごみ,
1958,て,点火灯,,燃やすごみ,
1959,て,電気かみそりの刃,,小さな金属類,新聞紙等に包み品名を表示する
1960,て,電気スタンド(金属製),,粗大ごみ,蛍光灯は外して。30cm未満の場合は小さな金属類
1961,て,電気スタンド(プラスチック製),,燃やすごみ,蛍光灯は外して。50cm以上のものは粗大ごみ
1962,て,電気マット,,粗大ごみ,50cm未満のものは燃やすごみへ
1963,て,電子ピアノ,,粗大ごみ,50cm未満のものは燃やすごみへ(電池・充電池は電池類へ。充電池を取り外せないものは、他の燃やすごみとは別の袋で出す)
1964,て,電飾ツリー,,燃やすごみ,50cm以上のものは粗大ごみへ
1965,て,テント,,粗大ごみ,金属製以外で50㎝未満のものは燃やすごみへ
1966,て,電動自転車,,粗大ごみ,バッテリーは電池類へ。
1967,て,点鼻薬のビン,,燃えないごみ,
1968,て,伝票,,古紙(雑誌・その他の紙）,
1969,て,テーブルクロス,,燃やすごみ,ビニール製で広げて50cm未満のものはプラスチック資源へ。布製で汚れ・破れの無いものは、洗濯して乾かしてから古布へ
1970,て,電気窯,,粗大ごみ,
1971,て,電気コンロ(金属製),,小さな金属類,30cm以上のものは粗大ごみへ
1972,て,電子キーボード(楽器),,粗大ごみ,50cm未満のものは燃やすごみへ(電池・充電池は電池類へ。充電池を取り外せないものは、他の燃やすごみとは別の袋で出す)
1973,て,電子辞書・電子手帳,◎,燃やすごみ,電池・充電池は電池類へ。充電池を取り外せないものは、他の燃やすごみとは別の袋で出す。
1974,て,電動歯ブラシ,◎,燃やすごみ,"電池・充電池は電池類へ。充電池を取り外せないものは、他の燃やすごみとは別の袋で出す。
"
1975,て,電動ベッド,,粗大ごみ,介護用ベットで重量のあるものは一部除外あり
1976,て,電話機子機,◎,燃やすごみ,電池・充電池は電池類へ。充電池を取り外せないものは、他の燃やすごみとは別の袋で出す。
1977,て,ディスプレイモニター(TVチューナーなし)(PC用以外),,粗大ごみ,テレビチューナー付きのものは家電リサイクル、パソコンのモニターはパソコンリサイクルの対象となるためメーカーへ確認。それ以外のもので、50㎝未満でプラスチック製のものは燃やすごみ(電池・充電池は電池類へ。充電池を取り外せないものは、他の燃やすごみとは別の袋で出す)、金属製で30㎝未満のものは小さな金属類へ(家電リサイクル・パソコンリサイクルの対象外であることを明記して出す)
1978,て,電話台,,粗大ごみ,"木製で50cm未満のものは燃やすごみへ。
プラスチックのみでできたもので50cm未満のものはプラスチック資源へ。
金属製で30cm未満のものは小さな金属類へ"
1979,て,電気フライヤー(金属製),,小さな金属類,30cm以上のものは粗大ごみへ
1980,て,テールライト(自転車),,燃やすごみ,
1981,て,デジタルフォトフレーム,◎,燃やすごみ,
1982,て,電気フライヤー(プラスチック製),,燃やすごみ,50cm以上のものは粗大ごみへ
1983,て,電話線,◎,燃やすごみ,
1984,て,定期入れ,,燃やすごみ,プラスチックのみでできたものはプラスチック資源へ
1985,て,デスクマット,,燃やすごみ,
1986,て,テニスボールやシャトルの缶(金属ケース),,小さな金属類,プラスチック部分(蓋など)があれば、プラスチック資源へ
1987,て,テニスボールやシャトルの缶(プラスチックケース),,プラスチック資源,
1989,て,電動工具,◎,燃やすごみ,電池・充電池は電池類へ。50cm以上のものは粗大ごみへ。金属製で30cm未満のものは小さな金属類、30cm以上のものは粗大ごみへ。
1990,て,テープカッター(プラスチック製・木製),,燃やすごみ,金属製のものは小さな金属類へ ガラス製のものは燃えないごみへ
1991,て,電気カイロ,◎,燃やすごみ,電池・充電池は電池類へ。充電池を取り外せないものは、他の燃やすごみとは別の袋で出す。
1992,て,ティッシュケース,,燃やすごみ,プラスチックのみでできたものはプラスチック資源へ。金属製のものは小さな金属類へ。陶器・ガラス製のものは燃えないごみへ
1993,て,鉄器,,小さな金属類,30cm以上のものは粗大ごみへ
1994,て,鉄下駄,,小さな金属類,
1995,て,電池(コイン型),,電池類,可能な限り使い切って、テープなどで絶縁をしてください。
1996,て,天板,,粗大ごみ,金属製で30㎝未満のものは小さな金属類へ。木製で50㎝未満のものは燃やすごみへ。プラスチックのみでできたもので50cm未満のものはプラスチック資源へ
1997,て,鉄くず,,小さな金属類,30cm以上のものは粗大ごみへ
1998,て,点灯管,,燃えないごみ,照明器具から取り外し、割れないように紙などで包んで品名を表示する  金属製は「小さな金属」へ。
1999,て,ティッシュケース(紙製),,古紙(雑誌・その他の紙）,
2000,て,テーブルマット,,燃やすごみ,丸めて50cm以上になるものは粗大ごみへ。ビニール製で広げて50cm未満のものプラスチック資源へ
2001,て,手提げ金庫(金属製),,小さな金属類,30cm以上のものは粗大ごみへ。耐火金庫は販売店へ
2002,て,手提げ金庫(木製・プラスチック製),,燃やすごみ,50cm以上のものは粗大ごみへ。
2004,て,定期券,,燃やすごみ,
2005,て,電子タバコ(プラスチック製),◎,燃やすごみ,電池・充電池は電池類へ。充電池を取り外せないものは、他の燃やすごみとは別の袋で出す。
2006,て,電飾コード,,燃やすごみ,白熱球(取り外せるもの)は外して燃えないごみへ。LED電球はまとめて燃やすごみへ。
2007,て,ディスクチェンジャー(金属製),,粗大ごみ,30cm未満のものは小さな金属類へ
2008,て,ディスクチェンジャー(プラスチック製),,燃やすごみ,50cm以上のものは粗大ごみへ
2009,て,テープのり,,燃やすごみ,
2010,て,手帳カバー,,燃やすごみ,
2011,て,電動シャープナー,,燃やすごみ,
2012,て,電報,,古紙(雑誌・その他の紙）,紙以外の飾り(リボンなど)は外して
2013,て,デンタルフロス,,燃やすごみ,プラスチックのみでできたケースはプラスチック資源へ
2015,て,天井埋込型エアコン,,粗大ごみ,家電リサイクルの対象外製品
2016,て,電源コードリール(金属製),,粗大ごみ,"30cm未満のものは小さな金属類へ。（コードは外して燃やすごみへ。）
プラスチック製のものは燃やすごみへ。"
2017,て,テレビスタンド,,粗大ごみ,
2018,て,電気かんな(主にプラスチック製),,燃やすごみ,金属製で30cm以上のものは粗大ごみ
2019,て,ディスクジャケット,,古紙(雑誌・その他の紙）,
2020,て,デッキパネル,,燃やすごみ,50cm以上のものは粗大ごみへ。50cm未満でプラスチックのみのものはプラスチック資源へ
2021,て,テレコ(生地),,古布,
2023,て,手すり,,粗大ごみ,50㎝未満でプラスチックのみでできたものはプラスチック資源へ。金属製で30cm未満の物は小さな金属類、金属製以外で50cm未満の物は燃やすごみへ
2024,て,電飾置物,,燃やすごみ,
2025,て,電動乗用カー,,粗大ごみ,電池・充電池は電池類へ。
2026,て,電動毛抜き,◎,燃やすごみ,電池・充電池は電池類へ。充電池を取り外せないものは、他の燃やすごみとは別の袋で出す。
2027,て,ディスペンサー(ガラス・陶器製),,燃えないごみ,
2028,て,ディスペンサー,,プラスチック資源,プラスチックのみでできたものはプラスチック資源へ。金属製のパーツは小さな金属類へ
2029,て,電動カート,,粗大ごみ,"バッテリーは外して、メーカー、販売店へ相談
"
2030,て,ティーサーバー,,燃えないごみ,金属製のフタは小さな金属類へ。プラスチックのみでできたのフタはプラスチック資源へ
2031,て,テレビ回転台,,燃やすごみ,"50cm以上のものは粗大ごみへ"
2032,て,DVDライター,◎,燃やすごみ,
2033,て,定量噴霧式吸入器,,燃やすごみ,薬剤のボンベはスプレー缶へ
2034,て,電圧変換器,◎,燃やすごみ,金属製で30㎝未満は小さな金属類へ
2035,て,鉄棒(子供用遊具),,粗大ごみ,
2036,て,電子メモパッド,◎,燃やすごみ,電池・充電池は電池類へ。充電池を取り外せないものは、他の燃やすごみとは別の袋で出す。
2037,て,手提げホルダー,,プラスチック資源,
2038,て,電池ホルダー,,燃やすごみ,電池・充電池は電池類へ。
2039,て,電力変換装置,,小さな金属類,30㎝以上のものは粗大ごみへ
2040,て,ティッシュケース(布製),,古布,
2041,て,ディスポーザー(自分で取り外したもののみ),,粗大ごみ,30cm未満のものは小さな金属類へ。業者が取り外したものは業者に処分を依頼する。
2042,て,電子書籍リーダー,,燃やすごみ,"50cm未満のものは燃やすごみへ(充電式のものの充電池は回収協力店へ。充電池を取り外せないものは、他の燃やすごみとは別の袋で出す)<br>
リチウムイオン電池類の出し方が令和7年12月1日から変わります。50cm未満のものは燃やすごみへ(電池・充電池は電池類へ。充電池を取り外せないものは、他の燃やすごみとは別の袋で出す)"
2043,て,テントマット,,燃やすごみ,畳んで50cm以上のものは粗大ごみへ
2044,て,デキャンター,,燃えないごみ,プラスチックのみで50cm未満のものはプラスチック資源へ
2045,て,電動車いす,,粗大ごみ,"バッテリーは外して。
<br>
リチウムイオン電池類の出し方が令和7年12月1日から変わります。電池・充電池は電池類へ。"
2046,て,デザインナイフ(柄が金属製),,小さな金属類,
2047,て,デザインナイフ(柄が木製・プラスチック製),,燃やすごみ,
2048,て,デンタルリンスの容器,,プラスチック資源,
2049,て,ディスクペーパー,,燃やすごみ,
2050,て,データスタンプ,,燃やすごみ,金属製のものは小さな金属類へ
2051,て,ディスプレイフィルター,,燃やすごみ,プラスチックのみでできたものはプラスチック資源へ
2052,て,ディナーベル,,小さな金属類,
2053,て,鉄柵,,粗大ごみ,
2054,て,点鼻薬の容器(プラスチック製),,プラスチック資源,
2055,て,電極パッド,,燃やすごみ,
2056,て,テーブル(石製),,粗大ごみ,
2057,て,ディバイダー,,小さな金属類,
2058,て,デジタルはかり(プラスチック製),◎,燃やすごみ,電池・充電池は電池類へ。充電池を取り外せないものは、他の燃やすごみとは別の袋で出す。
2059,て,デジタルはかり(金属製),◎,小さな金属類,
2060,て,電圧計(プラスチック製),◎,燃やすごみ,電池・充電池は電池類へ。充電池を取り外せないものは、他の燃やすごみとは別の袋で出す。
2061,て,電圧計(金属製),◎,小さな金属類,
2062,て,電動おろし器(金属製以外),◎,燃やすごみ,50㎝以上のものは粗大ごみへ
2063,て,電動おろし器(金属製),◎,小さな金属類,30㎝以上のものは粗大ごみへ
2064,て,電動式ソープディスペンサー(金属製),◎,小さな金属類,
2066,て,電動式ソープディスペンサー(プラスチック製),◎,燃やすごみ,
2067,て,電動熱燗器(プラスチック製),◎,燃やすごみ,陶器製の徳利ははずして燃えないごみへ 50㎝以上のものは粗大ごみへ 
2068,て,電動熱燗器(金属製),◎,小さな金属類,陶器製の徳利ははずして燃えないごみへ 30㎝以上のものは粗大ごみへ
2069,て,電気スタンド(石・ガラス製),,燃えないごみ,"蛍光灯は外して
50㎝以上のものは粗大ごみへ"
2070,て,ティッシュケース(金属製),,小さな金属類,30㎝以上のものは粗大ごみへ
2071,て,電気式カイロ(金属製),◎,小さな金属類,"電池・充電池は電池類へ。
"
2072,て,電気式カイロ(プラスチック製),◎,燃やすごみ,電池・充電池は電池類へ。充電池を取り外せないものは、他の燃やすごみとは別の袋で出す。
2073,て,電子辞書・電子手帳のケース,,燃やすごみ,
2074,て,テントのポール(金属製),,粗大ごみ,30cm未満のものは小さな金属類へ
2075,て,鉄球,,小さな金属類,
2078,で,電気蒸し器,◎,燃やすごみ,50㎝以上のものは粗大ごみへ
2079,と,砥石,,燃えないごみ,
2080,と,トイレットペーパー,,燃やすごみ,
2081,と,トイレットペーパーの外包装,,プラスチック資源,
2082,と,トイレットペーパーの個別包装紙(紙製),,古紙(雑誌・その他の紙）,
2083,と,トイレットペーパーの個別包装紙(ビニール),,プラスチック資源,
2084,と,トイレットペーパーの芯,,古紙(雑誌・その他の紙）,
2085,と,トースター,,小さな金属類,30cm以上のものは粗大ごみへ
2086,と,豆腐の容器(プラスチック製),,プラスチック資源,
2087,と,豆腐の容器のフタ,,プラスチック資源,
2088,と,時計(壁掛け、置き時計),◎,燃やすごみ,50cm以上のものは粗大ごみへ。金属製で30cm未満のものは小さな金属類、30cm以上のものは粗大ごみへ。
2090,と,ドライバー等工具,,小さな金属類,新聞紙等に包み品名を表示する 30cm以上のものは粗大ごみへ
2091,と,ドライヤー・ヘアアイロン,◎,燃やすごみ,金属の割合が多いものは、小さな金属類へ
2092,と,鳥かご,,粗大ごみ,"木製で50cm未満のものは燃やすごみへ。
プラスチックのみでできたもので50cm未満のものはプラスチック資源へ。
金属製で30cm未満のものは小さな金属類へ"
2093,と,トレイ(生鮮食料品<惣菜・肉・魚など>の受け皿),,プラスチック資源,給水シートも含む。
2095,と,ドレッシングタイプ調味料(ノンオイル)の入っていたペットボトル,,缶・びん・ペットボトル,ペットボトルマークを確認。油脂を使っているドレッシングは軽くすすいでからプラスチック資源へ
2096,と,どんぶり(陶器製),,燃えないごみ,新聞紙等に包み品名を表示する
2097,と,灯油ポンプ,,燃やすごみ,電池・充電池は電池類へ。 50㎝以上のものは粗大ごみへ。プラスチックのみで50cm未満のものはプラスチック資源へ。
2099,と,トイレマット,,燃やすごみ,
2100,と,道着,,古布,洗濯をして乾かしてから
2101,と,動物の死体,,個別に相談,
2102,と,トタン板,,粗大ごみ,30cm未満のものは小さな金属類へ
2103,と,トナーカートリッジ,,燃やすごみ,50cm以上のものは粗大ごみ(販売店へ返却も可)
2104,と,トランク,,粗大ごみ,50cm未満のものは燃やすごみへ
2105,と,トランプ,,プラスチック資源,紙製のものは古紙(雑誌・その他の紙)へ
2106,と,ドリル,,小さな金属類,電池・充電池は電池類へ。 30cm以上のものは粗大ごみへ
2107,と,ドレッサー,,粗大ごみ,
2108,と,トレリス(格子垣),,粗大ごみ,50cm未満のものは燃やすごみへ。プラスチックのみで50cm未満のものはプラスチック資源へ。金属製で30cm未満のものは小さな金属類へ。
2109,と,トロフィー・優勝カップ(ガラス製),,燃えないごみ,50cm以上のものは粗大ごみへ
2112,と,トロフィー・優勝カップ(金属・ガラス製以外),,燃やすごみ,50cm以上のものは粗大ごみへ
2113,と,トロフィー・優勝カップ(金属製),,粗大ごみ,30cm未満のものは小さな金属類へ
2114,と,土のう,,燃えないごみ,
2115,と,塗料スプレー,,スプレー缶,"中身を使い切って 穴はあけない。キャップはプラスチック製容器包装へ。中身が出せなくなったものについては<a href=""https://www.city.yokohama.lg.jp/kurashi/sumai-kurashi/gomi-recycle/shokai/jimusho/jimusho.html"">収集事務所</a>に相談"
2116,と,ドラム(楽器),,粗大ごみ,
2117,と,ドールハウス,,燃やすごみ,50cm以上のものは粗大ごみへ。50㎝未満でプラスチックのみでできたものはプラスチック資源へ
2118,と,ドア,,粗大ごみ,
2119,と,トロ箱(魚等を購入した時の発泡スチロール箱),,プラスチック資源,事業(鮮魚店等)で排出するものは、事業系ごみとして出す
2120,と,トレイ(文房具のトレーなど),,燃やすごみ,50cm以上のものは粗大ごみへ。プラスチックのみで50cm未満のものはプラスチック資源へ
2121,と,土嚢袋,,燃やすごみ,中の土は燃えないごみへ
2122,と,トランシーバー,,燃やすごみ,電池・充電池は電池類へ。 金属製のものは小さな金属類へ
2123,と,トレーシングペーパー,,古紙(雑誌・その他の紙）,
2124,と,ドラム缶,,粗大ごみ,
2125,と,トランポリン,,粗大ごみ,分解して50cm未満であれば燃やすごみへ。金属パーツは30cm未満であれば小さな金属類へ
2126,と,トング等(金属製),,小さな金属類,30㎝以上のものは粗大ごみへ 
2127,と,ドアノブ,,小さな金属類,プラスチックのみでできたものはプラスチック資源へ。木製のものは燃やすごみへ
2128,と,ドアホン,◎,燃やすごみ,
2129,と,ドライフラワー,,燃やすごみ,
2130,と,灯籠,,粗大ごみ,50cm未満のものは燃えないごみへ 重量・サイズによっては収集できない場合があります。
2131,と,トリコット(生地),,古布,洗濯して乾かしてから
2132,と,吐瀉物,,燃やすごみ,嘔吐物が付いた布などは、ノロウイルスなど感染症のおそれがあるため、消毒液薬を入れて、袋の口を堅く縛り「嘔吐物あり」など明示して出す(布団など粗大ごみに付いた場合は、申し込み時に、受付センターに相談)。
2133,と,陶器製品,,燃えないごみ,新聞紙等に包み品名を表示する。50cm以上のものは粗大ごみへ
2134,と,時計のベルト(金属製),,小さな金属類,
2135,と,時計のベルト(金属製以外),,燃やすごみ,
2136,と,謄写版,,粗大ごみ,50cm未満のものは燃やすごみへ
2137,と,トイレポット,,プラスチック資源,金属製のものは小さな金属類へ。陶器製のものは燃えないごみへ
2138,と,ドッグタグ,,小さな金属類,金属製以外のものは燃やすごみ
2139,と,ドラムスティック・太鼓ばち,,燃やすごみ,プラスチックのみでできたものはプラスチック資源へ
2140,と,銅製品,,小さな金属類,30cm以上のものは粗大ごみへ
2141,と,ドアストッパー,,燃やすごみ,プラスチックのみでできたものはプラスチック資源へ。金属製のものは小さな金属類へ
2142,と,トイレタンク,,粗大ごみ,
2143,と,とじひも,,燃やすごみ,
2144,と,土瓶,,燃えないごみ,
2145,と,徳利,,燃えないごみ,
2146,と,トノカバー,,粗大ごみ,
2147,と,トラベルケース,,燃やすごみ,50㎝以上のものは粗大ごみへ
2148,と,トロ舟,,粗大ごみ,プラスチックのみで50cm未満のものはプラスチック資源へ。固形物が残らない程度に中身をはらって
2149,と,ドミノ,,燃やすごみ,プラスチックのみでできたものはプラスチック資源へ
2150,と,跳び箱,,粗大ごみ,
2151,と,泥除け(自転車用品),,燃やすごみ,金属製で30㎝以上のものは粗大ごみへ、30cm以下のものは小さな金属類へ。50㎝未満でプラスチックのみでできたものはプラスチック資源へ
2152,と,投光器,,小さな金属類,電球は外して燃えないごみへ
2153,と,ドラムユニット,,燃やすごみ,50cm以上のものは粗大ごみへ。
2155,と,トッププレート,,粗大ごみ,
2156,と,トイレタンクのふた,,燃えないごみ,プラスチックのみでできたものはプラスチック資源へ
2157,と,ドリッパー(ガラス・陶器製),,燃えないごみ,
2158,と,ドリッパー(金属製),,小さな金属類,
2159,と,ドリッパー(プラスチック製),,プラスチック資源,
2160,と,トライタン,,プラスチック資源,
2161,と,泥よけマット,,粗大ごみ,50cm未満のものは燃やすごみへ
2162,と,動物の毛,,燃やすごみ,
2163,と,ドレッシングのびん,,缶・びん・ペットボトル,
2164,と,ドアミラー,,燃やすごみ,ガラス部分のみを廃棄する場合は燃えないごみへ
2166,と,トイレットペーパーホルダー(金属製),,小さな金属類,
2167,と,トイレットペーパーホルダー(木製・プラスチック製),,燃やすごみ,プラスチックのみでできたものはプラスチック資源へ
2168,と,時計の箱(ガラス製),,燃えないごみ,50cm以上のものは粗大ごみへ。
2169,と,時計の箱(金属製),,小さな金属類,金属製で30cm未満のものは小さな金属類、30cm以上のものは粗大ごみへ。
2170,と,時計の箱(プラスチック・布・革製),,燃やすごみ,プラスチックのみでできたものはプラスチック資源へ
2171,と,ドアクローザー,,小さな金属類,
2172,と,トイレブラシ(金属製),,小さな金属類,ケースも含む。30cm以上のものは粗大ごみへ
2173,と,トイレブラシ(陶器製),,燃えないごみ,ケースも含む。
2174,と,トイレブラシ(プラスチック製),,プラスチック資源,汚れが付着しているものは燃やすごみへ
2175,と,トイレ用置き型洗浄剤の容器,,プラスチック資源,陶器製のものは燃えないごみへ
2176,と,戸棚・冷蔵庫の仕切り板,,燃やすごみ,プラスチックのみでできたものはプラスチック資源へ
2177,と,戸車,,小さな金属類,
2178,と,トランプケース(プラスチック製),,プラスチック資源,紙製のものは古紙(雑誌・その他の紙)へ
2179,と,ドライブレコーダー,◎,燃やすごみ,
2181,と,鳥かごスタンド,,粗大ごみ,木製のものは燃やすごみへ
2182,と,取換式スパイクシューズのポイント・鋲,,燃やすごみ,プラスチックのみでできたものはプラスチック資源へ。金属製のものは小さな金属類へ
2183,と,時計(陶器・ガラス製),◎,燃えないごみ,50cm以上のものは粗大ごみへ。
2184,と,ドーナツの箱,,燃やすごみ,油汚れがついていないものは古紙へ
2185,と,砥ぎ棒(金属製),,小さな金属類,柄を含めずに30㎝以上のものは粗大ごみへ
2186,と,砥ぎ棒(セラミック製),,燃えないごみ,50㎝以上のものは粗大ごみへ
2188,と,ドリンクカップ(プラスチック製),,プラスチック資源,
2189,と,ドリンクカップ(紙製),,燃やすごみ, プラスチックのみでできたフタはプラスチック資源へ
2190,と,塗料のボトル(プラスチック製),,プラスチック資源,中身を使い切って
2191,と,トング等(プラスチック・木・シリコン製),,燃やすごみ,プラスチックのみでできたものはプラスチック資源へ
2192,な,ナイフ(金属製),,小さな金属類,新聞紙等に包み品名を表示する 30cm以上のものは粗大ごみへ
2193,な,長靴,,燃やすごみ,
2194,な,納豆の容器(紙製・わら製),,燃やすごみ,
2195,な,納豆の容器(プラスチック製),,プラスチック資源,容器についた汚れは軽くすすぐか拭き取って
2196,な,なべ(ホーロー、金属製),,小さな金属類,30cm以上(取っ手は除く)のものは粗大ごみへ
2197,な,なべ(陶器製 土鍋など),,燃えないごみ,新聞紙等に包み品名を表示する
2198,な,なべ・皿(アルミはく),,燃やすごみ,
2199,な,夏がけ布団,,燃やすごみ,畳んで一番長い辺が50cm以上のものは粗大ごみ
2200,な,鍋のフタ,,小さな金属類,ガラス製のふた・土鍋は燃えないごみへ
2201,な,生ごみ,,燃やすごみ,
2202,な,生ごみ処理機,,粗大ごみ,50cm未満のものは燃やすごみへ
2203,な,ナット,,小さな金属類,
2204,な,ナップサック,,燃やすごみ,
2205,な,ナイロンひも,,燃やすごみ,
2206,な,なわとび,,燃やすごみ,
2207,な,縄,,燃やすごみ,畳んで一番長い辺が50cm以上のものは粗大ごみ
2208,な,ナイフスタンド(金属製),,小さな金属類,30cm以上のものは粗大ごみへ
2209,な,ナイフスタンド(木製・プラスチック製),,燃やすごみ,プラスチックのみでできたものはプラスチック資源へ
2210,な,捺染紙,,燃やすごみ,
2211,な,鍋敷き(木製・プラスチック製),,燃やすごみ,"金属製のものは小さな金属類へ
陶器・ガラス製のものは燃えないごみへ
プラスチックのみでできたものはプラスチック資源へ"
2212,な,ナイロンタオル,,燃やすごみ,
2213,な,ナンバリングスタンプ,,小さな金属類,ゴム製のものは燃やすごみへ
2216,な,鍋つかみ,,燃やすごみ,
2217,な,鍋の取手(木製、プラスチック製),,燃やすごみ,取っ手が取り外しできるタイプのもの。金属製のものは小さな金属類へ
2218,な,投網,,燃やすごみ,折りたたんで50cm以上の場合は粗大ごみ
2219,な,名札ケース,,燃やすごみ,プラスチックのみでできたものはプラスチック資源へ
2220,な,長火鉢,,粗大ごみ,木製で50cm以下のものは燃やすごみへ
2222,な,流し台(自分で取り外したもの),,粗大ごみ,請負工事に伴い取り外したものは業者に処分を依頼する。
2224,な,薙刀,,粗大ごみ,
2225,な,生クリームパック,,古紙（紙パック）,
2226,な,流し台シート,,燃やすごみ,
2227,な,流しそうめん機,,燃やすごみ,50cm以上のものは粗大ごみへ。50cm未満でプラスチックのみのものはプラスチック資源へ
2228,な,鉈,,小さな金属類,新聞紙等に包み品名を表示する 。30cm以上のものは粗大ごみへ 
2229,な,鍋敷き(金属製),,小さな金属類,
2230,な,縄はしご(ステップが金属製),,粗大ごみ,30㎝未満は小さな金属類へ
2231,な,縄はしご(ステップが木製),,燃やすごみ,50㎝以上のものは粗大ごみへ
2232,に,乳酸飲料容器(プラスチック製ボトル),,プラスチック資源,ふた(銀紙・アルミ箔)は燃やすごみへ
2233,に,乳酸飲料容器のフタ(銀紙),,燃やすごみ,
2234,に,庭石,,燃えないごみ,"50cm以上のものは粗大ごみへ。
粗大ごみの場合、重量及びサイズによっては受付できない場合があります。"
2235,に,人形,,燃やすごみ,ガラス製・陶器製は燃えないごみ、金属製のものは小さな金属類へ。50cm以上のもの(金属製は30㎝以上)は粗大ごみ
2236,に,人形ケース(ガラス製),,燃えないごみ,50cm以上のものは粗大ごみへ
2237,に,庭草,,燃やすごみ,大量に出す場合は収集事務所に相談
2238,に,24時間風呂(浴水循環ろ過装置),,粗大ごみ,プラスチック製で50cm未満のものは燃やすごみへ。金属製で30cm未満のものは小さな金属類へ 
2239,に,日本刀,,最寄りの警察署に相談,
2240,に,妊娠検査薬,,燃やすごみ,
2241,に,入浴剤の容器(紙製),,燃やすごみ,プラスチック製のふたはプラスチック資源へ
2242,に,日記帳,,古紙(雑誌・その他の紙）,表紙が布・革製の場合は外して燃やすごみへ
2244,に,ニップレス,,燃やすごみ,
2245,に,荷締機,,燃やすごみ,金属製で30cm未満のものは小さな金属類、金属製で30cm以上のものは粗大ごみへ
2246,に,入浴剤の容器(缶),,小さな金属類,プラスチック製のふたはプラスチック資源へ
2247,に,荷ヒモ,,燃やすごみ,リサイクル施設の故障原因になるため燃やすごみへ
2248,に,尿取りパッド,,燃やすごみ,
2249,に,乳幼児用エプロン,,燃やすごみ,プラスチックのみでできたものはプラスチック資源へ。布製のものは古布へ。
2250,に,肉たたき,,小さな金属類,
2251,に,人形(金属製),,小さな金属類,30㎝以上のものは粗大ごみへ
2252,に,人形ケース(プラスチック製),,燃やすごみ,50cm以上のものは粗大ごみへ。プラスチックのみで50cm未満のものはプラスチック資源へ
2253,ぬ,布おむつ,,燃やすごみ,汚物はトイレに流して
2254,ぬ,ぬいぐるみ,,燃やすごみ,50cm以上のものは粗大ごみ
2255,ぬ,布きれ,,古布,汚れのひどいものは燃やすごみへ
2256,ぬ,布製の袋,,燃やすごみ,
2257,ぬ,ぬか,,燃やすごみ,
2258,ぬ,布製の箱,,燃やすごみ,
2259,ぬ,塗り絵,,古紙(雑誌・その他の紙）,
2260,ぬ,ヌンチャク,,燃やすごみ,金属製で30cm未満のものは小さな金属類、金属製で30cm以上のものは粗大ごみへ
2261,ぬ,縫い糸,,燃やすごみ,
2262,ぬ,濡れた紙,,古紙(雑誌・その他の紙）,
2263,ぬ,布の紐,,燃やすごみ,
2264,ぬ,布製カゴ,,燃やすごみ,50㎝を超えるものは粗大ごみ
2265,ね,ネクタイ,,古布,洗濯して乾かしてから
2266,ね,粘土,,燃えないごみ,
2267,ね,ネジ,,小さな金属類,プラスチックのみでできたものはプラスチック資源
2268,ね,寝袋,,燃やすごみ,
2269,ね,寝間着,,古布,洗濯をして乾かしてから
2270,ね,粘着テープ,,燃やすごみ,
2271,ね,ネイル(つけ爪),,燃やすごみ,
2272,ね,ネズミ取り(金属製),,小さな金属類,30cm以上のものは粗大ごみへ 金属製以外のものは燃やすごみへ
2273,ね,ネクタイピン,,小さな金属類,
2274,ね,粘着ローラー(本体部分),,燃やすごみ,50cm以上のものは粗大ごみへ
2275,ね,ネブライザー(吸入器),,燃やすごみ,50cm以上のものは粗大ごみ。事業で排出するものは、事業系ごみ。プラスチックのみでできたものはプラスチック資源
2276,ね,ネームプレート(金属製),,小さな金属類,木製のものは燃やすごみへ。プラスチックのみでできたものはプラスチック資源へ。陶器製のものは燃えないごみへ。
2277,ね,値札,,古紙(雑誌・その他の紙）,シール状のもの、プラスチック製の札及びICタグは燃やすごみへ
2278,ね,粘着シート,,燃やすごみ,
2279,ね,ネックウォーマー,,古布,
2280,ね,ネストテーブル,,粗大ごみ,30cm以上のものは粗大ごみへ、木製で50cm未満のものは燃やすごみへ、ガラス部分が多い50cm未満のものは燃えないごみへ
2281,ね,粘土板,,燃やすごみ,50cm以上のものは粗大ごみへ。プラスチックのみでできたものはプラスチック資源へ。
2282,ね,燃料タンク,,粗大ごみ,30cm未満で金属でできたものは小さな金属へ。50cm未満でプラスチックのみでできたものはプラスチック資源へ。
2283,ね,猫よけシート,,燃やすごみ,広げて50cm未満でプラスチックのみのものはプラスチック資源へ
2284,ね,粘着フィルム,,燃やすごみ,50cm以上のものは粗大ごみへ
2285,ね,ネクタイかけ(金属製),,小さな金属類,30cm以上のものは粗大ごみへ
2286,ね,ネクタイかけ(木製・プラスチック製),,燃やすごみ,プラスチックのみでできたものはプラスチック資源
2287,ね,ネイルニッパー,,小さな金属類,
2288,ね,練り香水の容器(プラスチック製),,プラスチック資源,ガラス製のものは燃えないごみへ。缶のものは小さな金属類へ
2289,ね,ネームタグ,,燃やすごみ,プラスチックのみでできたものはプラスチック資源
2290,ね,ネコの爪とぎ,,燃やすごみ,50cm以上のものは粗大ごみへ。段ボール製で糞尿や油汚れのないものは古紙へ。
2291,ね,粘着パッド,,燃やすごみ,
2292,の,ノート,,古紙(雑誌・その他の紙）,
2293,の,のこぎり,,粗大ごみ,新聞紙等に包み品名を表示する。30㎝未満のものは小さな金属類へ
2294,の,農薬,,販売店へ相談,
2295,の,のれん(布製),,古布,のれんを通す棒(50cm以上)は粗大ごみへ
2296,の,のりの缶,,缶・びん・ペットボトル,
2297,の,のし袋,,古紙(雑誌・その他の紙）,飾り(外せるもの)は燃やすごみへ
2298,の,ノミ,,小さな金属類,
2299,の,農耕具,,粗大ごみ,
2300,の,ノギス,,小さな金属類,
2301,の,のどスプレー,,プラスチック資源,容器がガラス製の場合は、「缶・びん・ペットボトル」へ
2302,の,のし袋の飾り,,燃やすごみ,
2303,の,のれん(木製),,粗大ごみ,50㎝未満は燃やすごみへ
2304,は,バインダー,,燃やすごみ,金属部分は分離可能であれば小さな金属類へ。プラスチックのみでできたものはプラスチック資源へ
2305,は,ハガキ,,古紙(雑誌・その他の紙）,
2306,は,バケツ(プラスチック製),,プラスチック資源,50cm以上のものは粗大ごみへ。50cm未満でプラスチックのみのものはプラスチック資源へ
2307,は,バケツ(金属製),,小さな金属類,30cm以上のものは粗大ごみへ
2308,は,はさみ,,小さな金属類,新聞紙等に包み品名を表示する。30cm以上のものは粗大ごみへ
2309,は,はし(木製・プラスチック製),,燃やすごみ,プラスチックのみでできたものはプラスチック資源へ。
2310,は,はしご,,粗大ごみ,
2311,は,パソコン,◎,パソコンリサイクル,"自作パソコンの廃棄、またはメーカーが分からない場合などは、<a href=""http://www.pc3r.jp/"">一般社団法人パソコン3R推進協会</a>へ"
2312,は,バッテリー(防災用・車など),,販売店へ相談,収集車の火災の原因となるため、集積場所に出さないでください。
2313,は,バット(スポーツ用品),,粗大ごみ,
2315,は,バドミントンシャトル,,燃やすごみ,プラスチックのみでできたものはプラスチック資源へ。
2316,は,バドミントンラケット,,粗大ごみ,
2317,は,発泡スチロール,,プラスチック資源,50cm未満の大きさにする
2319,は,花火,,燃やすごみ,未使用のものは水に濡らして
2320,は,花火の外包装(プラスチック製),,プラスチック資源,
2321,は,花火の中台紙,,古紙(雑誌・その他の紙）,
2326,は,歯ブラシ,,プラスチック資源,
2327,は,歯ブラシの外包装(紙部分),,古紙(雑誌・その他の紙）,
2328,は,歯ブラシの外包装(プラスチック部分),,プラスチック資源,
2329,は,歯磨き粉のチューブ容器,,プラスチック資源,中身を使い切って プラマークを確認
2330,は,針金,,小さな金属類,
2331,は,ハンガー(金属製),,小さな金属類,30㎝以上の場合は粗大ごみ
2332,は,ハンカチ,,古布,洗濯して乾かしてから
2333,は,パンフレット,,古紙(雑誌・その他の紙）,ビニール製の封筒はプラスチック資源へ
2334,は,ポリバケツ(プラスチック製),,プラスチック資源,プラスチックのみでできたものはプラスチック資源へ。「廃棄します」「ごみです」等明示する。50㎝以上のものは粗大ごみへ。
2335,は,廃油,,販売店へ相談,食用油については燃やすごみ
2336,は,針,,小さな金属類,新聞紙等に包み品名を表示する
2337,は,パーテーション,,粗大ごみ,
2338,は,バーベキューグリル,,粗大ごみ,
2339,は,バーベル,,小さな金属類,30cm以上のものは粗大ごみへ
2340,は,ハーモニカ,,小さな金属類,
2342,は,バイオリンケース,,粗大ごみ,
2343,は,バイクカバー,,燃やすごみ,
2344,は,灰皿(ガラス・陶器・石製),,燃えないごみ,金属製のものは小さな金属類へ。プラスチックのみでできたものはプラスチック資源へ。
2345,は,パイプハンガー,,粗大ごみ,
2346,は,ハイローチェアー,,粗大ごみ,
2347,は,剥製,,粗大ごみ,50cm未満のものは燃やすごみへ
2348,は,パズル,,古紙(雑誌・その他の紙）,プラスチックのみでできたものはプラスチック資源へ。木製のものは燃やすごみへ
2349,は,パソコン周辺機器(金属製),◎,小さな金属類,30cm以上のものは粗大ごみへ
2350,は,パソコン周辺機器(プラスチック製),◎,燃やすごみ,50cm以上のものは粗大ごみへ
2352,は,パソコンデスク,,粗大ごみ,
2353,は,パソコンパーツ,◎,燃やすごみ,50cm以上のものは粗大ごみへ 金属製で30cm未満の物は小さな金属類へ 金属製で30cm以上のものは粗大ごみへ
2354,は,パソコンモニター,◎,パソコンリサイクル,"メーカーが分からない場合などは、<a href=""http://www.pc3r.jp/"">一般社団法人パソコン3R推進協会</a>へ  "
2355,は,パソコンラック,,粗大ごみ,
2356,は,発炎筒,,燃やすごみ,未使用のものは販売店に相談
2357,は,バッグ,,燃やすごみ,50cm以上のものは粗大ごみへ
2358,は,パラソル,,粗大ごみ,
2359,は,バリカン(金属製),,小さな金属類,金属製以外のものは燃やすごみへ。
2360,は,パレット,,燃やすごみ,プラスチックのみでできたものはプラスチック資源へ。
2361,は,バレン,,燃やすごみ,
2365,は,ハンガー(プラスチック製・木製),,燃やすごみ,プラスチックのみでできたものはプラスチック資源へ。
2366,は,半紙,,古紙(雑誌・その他の紙）,使用した物も対象
2367,は,はんだ,,小さな金属類,
2368,は,バーコードリーダー,◎,燃やすごみ,"電池・充電池は電池類へ。 充電池を取り外せないものは、他の燃やすごみとは別の袋で出す。

"
2369,は,バール,,小さな金属類,30cm以上のものは粗大ごみへ
2371,は,バウンサー,,粗大ごみ,
2372,は,はかり,,燃やすごみ,金属製のものは小さな金属類へ
2373,は,はくり紙,,古紙(雑誌・その他の紙）,
2374,は,箸置き(ガラス製・陶器製),,燃えないごみ,
2375,は,箸置き(金属製),,小さな金属類,
2377,は,箸置き(木製・プラスチック製),,燃やすごみ,プラスチックのみでできたものはプラスチック資源へ。
2378,は,旗,,燃やすごみ,棒については、50cm以上のものは粗大ごみへ
2379,は,パチンコ台(家庭から出たもの),,粗大ごみ,
2380,は,パッキン,,燃やすごみ,
2381,は,バッテリー電解液(希硫酸),,販売店へ相談,補充液(成分が蒸留水・精製水のもの)は下水に流す
2383,は,パテ(剥がしたもの),,燃やすごみ,
2384,は,パネル(スチレンボード),,燃やすごみ,プラスチックのみでできたものはプラスチック資源へ。
2385,は,ハンガーケース,,燃やすごみ,畳んで50cm以上のものは粗大ごみへ。プラスチックのみで50cm未満のものはプラスチック資源へ。
2386,は,ハンガーフック(壁かけハンガー),,粗大ごみ,主な素材が金属製で30㎝未満のものは小さな金属類へ、金属製以外のもので50㎝未満のものは燃やすごみへ
2387,は,ハンドレスト,,燃やすごみ,
2388,は,パチンコ玉(家庭用のパチンコ台で使うもの),,小さな金属類,半透明の袋に入れて
2389,は,花台(金属製),,小さな金属類,30cm以上のものは粗大ごみへ
2390,は,パン型(金属製),,小さな金属類,シリコン製のものは燃やすごみへ
2391,は,花台(陶器製),,燃えないごみ,50cm以上のものは粗大ごみへ
2392,は,肌掛け布団,,燃やすごみ,畳んで50cm以上のものは粗大ごみへ
2393,は,はたき,,燃やすごみ,50cm以上のものは粗大ごみへ
2394,は,花台(木製),,燃やすごみ,50cm以上のものは粗大ごみへ
2395,は,絆創膏,,燃やすごみ,
2396,は,ハンドマッサージ機,,燃やすごみ,金属製で30cm未満のものは小さな金属類へ。プラスチックのみでできたものはプラスチック資源へ。
2397,は,バイクシート,,燃やすごみ,50cm以上のものは粗大ごみへ
2398,は,刷毛,,燃やすごみ,
2399,は,箸箱,,燃やすごみ,金属製のものは小さな金属類へ。プラスチックのみでできたものはプラスチック資源へ。
2400,は,発電機,,粗大ごみ,持ち運び可能なものに限る オイル・ガソリン等は抜いて
2401,は,鍼(はり),,小さな金属類,新聞紙等に包み品名を表示
2402,は,バーベキュー網,,粗大ごみ,30cm未満のものは小さな金属類へ
2403,は,バグフィルター(掃除機),,燃やすごみ,
2404,は,バスポンプ,,燃やすごみ,プラスチックのみでできたものはプラスチック資源へ。
2405,は,パソコンソフト,,プラスチック資源,外箱(紙製)は古紙へ。フロッピーディスク等は燃やすごみへ
2406,は,バランスボール,,燃やすごみ,
2407,は,バイクロック,,小さな金属類,30cm以上のものは粗大ごみへ
2408,は,バット(金属製:調理用),,小さな金属類,30cm以上のものは粗大ごみへ
2409,は,ハトロン紙,,古紙(雑誌・その他の紙）,
2410,は,パラソルベース(プラスチック製),,燃やすごみ,プラスチックのみでできたものはプラスチック資源へ。
2411,は,パラソルベース(金属製),,粗大ごみ,30cm未満のものは小さな金属類へ
2412,は,パラフィン紙,,古紙(雑誌・その他の紙）,
2413,は,ハンガーパイプ,,粗大ごみ,
2414,は,バンダナ,,古布,
2415,は,花束のラッピング,,プラスチック資源,
2416,は,はえたたき,,燃やすごみ,プラスチックのみでできたものはプラスチック資源へ
2417,は,箸立て(金属製),,小さな金属類,
2418,は,箸立て(木製・プラスチック製),,燃やすごみ,プラスチックのみでできたものはプラスチック資源へ。
2419,は,バトン(スポーツ用:金属製),,粗大ごみ,30cm未満のものは小さな金属類へ
2420,は,バトン(スポーツ用:プラスチック製),,プラスチック資源,50cm以上のものは粗大ごみへ
2421,は,ばね,,小さな金属類,プラスチックのみでできたものはプラスチック資源へ
2422,は,パルプボックス,,古紙(雑誌・その他の紙）,"紙以外の材質で補強されているものは燃やすごみへ。段ボール素材のものは古紙(段ボール)へ"
2423,は,馬具(金属製),,小さな金属類,30cm以上のものは粗大ごみへ
2424,は,馬具(木製・革製),,燃やすごみ,50cm以上のものは粗大ごみへ
2425,は,バスローブ,,古布,洗濯して乾かしてから
2426,は,飯ごう,,小さな金属類,
2427,は,ハーネス,,燃やすごみ,
2428,は,ハイドロカルチャー用セラミックボール,,燃えないごみ,
2429,は,パスポート,,古紙(雑誌・その他の紙）,都道府県のパスポートセンターで所定の失効手続き(穴あけ)を経たもの
2430,は,パソコン用バッテリー,,電池類,可能な限り使い切って、テープなどで絶縁をしてください。膨張・破損しているものは各区の資源循環局事務所にお持ち込みください。
2431,は,ハンドソープ容器,,プラスチック資源,
2432,は,ハンドルカバー,,燃やすごみ,
2433,は,バーナーキャップ(ガスコンロ),,小さな金属類,
2434,は,灰,,燃えないごみ,小さい袋に入れて。量が多い時は数回に分けて出す
2435,は,バターナイフ(金属製),,小さな金属類,プラスチックのみでできたものはプラスチック資源へ。木製のものは燃やすごみへ。
2436,は,発泡スチロール(そのものを商品として購入した場合),,プラスチック資源,50cm未満の大きさにする
2438,は,パラグライダー,,燃やすごみ,畳んで50cm以上のものは粗大ごみへ
2439,は,バルコニータイル,,粗大ごみ,金属製で30㎝未満のものは小さな金属類へ 金属製以外のもので50㎝未満のものは燃やすごみへ
2440,は,箸袋(布製),,燃やすごみ,
2441,は,バギーボード,,粗大ごみ,50cm未満のものは燃やすごみへ
2442,は,パフケース(ガラス製),,燃えないごみ,新聞紙等に包み品名を表示する
2443,は,パフケース(プラスチック製),,燃やすごみ,プラスチックのみでできたものはプラスチック資源へ。
2444,は,パフケース(金属製),,小さな金属類,
2445,は,羽子板,,燃やすごみ,50cm以上のものは粗大ごみへ
2446,は,花札(紙製),,古紙(雑誌・その他の紙）,プラスチックのみでできたものはプラスチック資源へ
2447,は,パイポ,,燃やすごみ,
2448,は,裸電線,,小さな金属類,
2449,は,発泡ウレタン,,プラスチック資源,
2450,は,鼻毛カッター,,燃やすごみ,電池・充電池は電池類へ。 金属製のものは小さな金属類へ
2451,は,バスタブ,,粗大ごみ,
2452,は,バスケットゴール,,粗大ごみ,
2453,は,パスタポット(プラスチック製),,燃やすごみ,プラスチックのみでできたものはプラスチック資源へ。ガラス製のものは燃えないごみへ。金属製の部品は小さな金属類へ。
2454,は,パスタポット(金属製),,粗大ごみ,30cm未満のものは小さな金属類へ
2455,は,バルブ,,小さな金属類,
2456,は,パンチングボール,,燃やすごみ,
2458,は,バッグキャリア,,粗大ごみ,30cm未満のものは小さな金属類へ
2459,は,パンの袋の留め具,,プラスチック資源,
2460,は,パット(衣類),,燃やすごみ,
2461,は,バイクボックス,,燃やすごみ,一番長い辺が50cm以上のものは、粗大ごみへ。一番長い辺が50cm未満でプラスチックのみでできたものはプラスチック資源へ。金属製のものは30㎝以上は粗大ごみ、30㎝未満は小さな金属類へ。
2462,は,パイロットランプ,,燃やすごみ,
2463,は,パイプフード,,小さな金属類,プラスチックのみでできたものはプラスチック資源へ
2464,は,ハンディシーラー,,燃やすごみ,
2465,は,ハンドグリップ,,燃やすごみ,グリップ部分が金属製の場合は小さな金属類へ
2466,は,反射板,,燃やすごみ,
2468,は,灰皿(金属製),,小さな金属類,
2469,は,パスタマシン,,小さな金属類,30cm以上のものは粗大ごみへ
2470,は,パンチングミット,,燃やすごみ,
2471,は,歯ブラシスタンド,,燃やすごみ,金属製のものは小さな金属類へ。プラスチックのみでできたものはプラスチック資源へ。
2472,は,ばち(打楽器),,燃やすごみ,プラスチックのみでできたものはプラスチック資源へ。
2473,は,半斗缶(食品が入っていたもの),,缶・びん・ペットボトル,食品以外が入っていたものは小さな金属類へ
2474,は,バイクタンク,,粗大ごみ,
2475,は,排水トラップ(金属製),,小さな金属類,
2476,は,排水トラップ(金属製以外),,燃やすごみ,プラスチックのみでできたものはプラスチック資源へ
2477,は,ハンドルロック,,小さな金属類,30㎝以上のものは粗大ごみへ
2478,は,歯ブラシ入れ,,燃やすごみ,プラスチックのみでできたものはプラスチック資源へ。
2479,は,パソコンスタンド,,粗大ごみ,金属製で30cm未満のものは小さな金属類へ
2480,は,バッテリーチェッカー,,燃やすごみ,
2481,は,パルプボード,,燃やすごみ,
2482,は,バットケース(布製),,燃やすごみ,木製で50cm以上のものは粗大ごみへ
2483,は,パンケース(金属製),,粗大ごみ,30cm未満のものは小さな金属類へ
2484,は,パンケース(木製・プラスチック製),,燃やすごみ,プラスチックのみでできたものはプラスチック資源へ。50cm以上のものは粗大ごみへ。
2485,は,ハンモック,,燃やすごみ,畳んで50cm以上のものは粗大ごみへ
2486,は,排水口のふた(プラスチック製),,プラスチック資源,金属製のものは小さな金属類へ
2487,は,発泡ビーズ,,プラスチック資源,
2488,は,バックル(ベルトの金具),,小さな金属類,
2489,は,ハーブ,,燃やすごみ,
2490,は,パイプ継手(金属製),,小さな金属類,30cm以上のものは粗大ごみへ
2491,は,パイプ継手(プラスチック製),,プラスチック資源,
2493,は,はちまき,,古布,
2494,は,パンク修理剤,,スプレー缶,中身を使い切って 穴はあけない。キャップはプラスチック資源へ。中身が出せなくなったものについては収集事務所に相談
2495,は,はし(金属製),,小さな金属類,30cm以上のものは粗大ごみへ
2496,は,ハガキケース,,燃やすごみ,金属製のものは小さな金属類へ。プラスチックのみでできたものはプラスチック資源へ。
2497,は,バーベキューテーブル,,粗大ごみ,
2498,は,パイプ(たばこ),,燃やすごみ,金属製のものは小さな金属類へ
2499,は,爆竹,,燃やすごみ,未使用のものは水にぬらして
2500,は,バスリリー,,燃やすごみ,
2501,は,ハム・ベーコン等の包装フィルム,,プラスチック資源,
2502,は,パステル,,燃やすごみ,
2503,は,バターケース(容器だけを購入した物で、木製・プラスチック製),,燃やすごみ,陶器製のものは燃えないごみへ。プラスチックのみでできたものはプラスチック資源へ。
2504,は,ハンディモップ,,燃やすごみ,モップと分離した柄がプラスチックのみで50cm未満のものはプラスチック資源へ
2505,は,歯車,,小さな金属類,プラスチックのみでできたものはプラスチック資源へ。木製のものは燃やすごみへ
2506,は,バスポリッシャー,,燃やすごみ,50cm以上のものは粗大ごみへ。プラスチックのみでできたものはプラスチック資源へ。
2507,は,バター・チーズの外箱(紙製),,古紙(雑誌・その他の紙）,中身が溶けたり包み紙がないなどで箱が汚れているものは燃やすごみへ
2508,は,バター・チーズの包み紙(銀紙・アルミ箔),,燃やすごみ,
2509,は,排水ポンプ(金属製),,粗大ごみ,30cm未満のものは小さな金属類へ
2510,は,排水ポンプ(プラスチック製),,燃やすごみ,50cm以上のものは粗大ごみへ
2511,は,バナナスタンド(金属製),,小さな金属類,30cm以上のものは粗大ごみへ
2512,は,ハンディーカラオケ,,燃やすごみ,金属製のものは小さな金属類へ
2513,は,バッグ・かばんのひも,,燃やすごみ,
2514,は,はちみつの容器(プラスチック製),,プラスチック資源,
2515,は,バイクハンドル(金属製),,粗大ごみ,30cm未満のものは小さな金属類へ。
2516,は,バイクハンドル(プラスチック製),,プラスチック資源,50㎝を超えるものは粗大ごみへ。プラスチック製以外のものは燃やすごみへ
2517,は,バックレスト,,小さな金属類,30cm以上は粗大ごみへ
2518,は,パラシュート,,燃やすごみ,50㎝以上は粗大ごみへ
2519,は,幅木,,燃やすごみ,50㎝以上は粗大ごみへ。50cm未満でプラスチックのみでできたものはプラスチック資源。
2520,は,ハンガーカバー,,燃やすごみ,プラスチックのみでできたものはプラスチック資源へ。
2521,は,パイプ掃除用ブラシ,,小さな金属類,丸めて30㎝以上のものは粗大ごみへ
2522,は,パレットナイフ,,小さな金属類,30㎝以上のものは粗大ごみへ
2523,は,バケツ型洗濯機,,燃やすごみ,"50㎝以上のものは粗大ごみへ。
排水機能があるものは家電リサイクルの対象です"
2524,は,灰皿(プラスチック製),,プラスチック資源,
2525,は,バックハンガー(金属製),,小さな金属類,
2526,は,バックハンガー(プラスチック製),,プラスチック資源,
2527,は,バナナスタンド(木・プラスチック製),,燃やすごみ,プラスチックのみでできたものはプラスチック資源へ。
2528,は,腹帯,,燃やすごみ,
2529,は,ハンディミシン,◎,燃やすごみ,"電池・充電池は電池類へ。充 電池を取り外せないものは、他の燃やすごみとは別の袋で出す。
金属製のものは小さな金属類へ。"
2530,は,排水溝のフタ(金属製),,小さな金属類,
2531,は,バッテリースターター,,販売店へ相談,
2532,は,パスワード生成機(トークン),◎,燃やすごみ,
2533,は,バッググリップ,,燃やすごみ,金属製のものは小さな金属類へ
2534,は,排卵検査器,◎,燃やすごみ,
2535,は,花束のラッピング(紙),,古紙(雑誌・その他の紙）,汚れていたら燃やすごみへ
2537,は,バードリング(布製・プラスチック製),,燃やすごみ,金属製のものは小さな金属類へ。プラスチックのみでできたものはプラスチック資源へ。
2538,は,バターケース(プラスチック製),,プラスチック資源,
2539,は,バイクスクリーン,,粗大ごみ,50cm未満でプラスチックのみでできたものはプラスチック資源へ。
2540,は,発泡スチロールカッター,◎,燃やすごみ,電池・充電池は電池類へ。 金属製のものは小さな金属類へ
2541,ひ,ビールびん,,販売店または缶・びん・ペットボトル,
2542,ひ,ビールびんのフタ,,小さな金属類,
2543,ひ,ビデオカメラ,◎,燃やすごみ,電池・充電池は電池類へ。 充電池を取り外せないものは、他の燃やすごみとは別の袋で出す。
2544,ひ,ビデオテープ,,燃やすごみ,ビデオテープケースと分けて。ケースはプラスチック資源へ
2545,ひ,ビデオデッキ(金属製),,粗大ごみ,30㎝未満のものは小さな金属類へ
2546,ひ,ビデオデッキ(プラスチック製),,燃やすごみ,50㎝以上のものは粗大ごみへ
2547,ひ,百科事典,,古紙(雑誌・その他の紙）,布などの紙以外の表紙は外して燃やすごみへ
2548,ひ,肥料袋・土の袋,,プラスチック資源,
2549,ひ,ピンポン(卓球)玉,,プラスチック資源,
2550,ひ,ピンポン(卓球)ラケット,,燃やすごみ,
2552,ひ,ビニール袋,,プラスチック資源,
2553,ひ,ヒーター,,粗大ごみ,金属製で30cm未満のものは小さな金属類へ。プラスチック製で50cm未満のものは燃やすごみへ(電池・充電池は電池類へ。充電池を取り外せないものは、他の燃やすごみとは別の袋で出す)。
2554,ひ,ピアノ,,販売店へ相談,
2556,ひ,PCケース(金属製:筐体),,小さな金属類,自作パーツを交換廃棄する場合。30cm以上のものは粗大ごみへ。
2557,ひ,ビーズ(木・プラスチック製),,燃やすごみ,プラスチックのみでできたものはプラスチック資源へ
2558,ひ,ビーズクッション,,燃やすごみ,中身を分離する必要はありません。50cm以上のものは粗大ごみへ。
2559,ひ,ビー玉,,燃えないごみ,
2560,ひ,ビート板,,プラスチック資源,プラスチックのみでできたものはプラスチック資源へ
2561,ひ,ビク(魚籠),,燃やすごみ,プラスチックのみで50cm未満のものはプラスチック資源へ
2562,ひ,ひざ掛け,,古布,洗濯をして乾かしてから
2563,ひ,ピザの箱,,燃やすごみ,
2564,ひ,筆記用具,,燃やすごみ,プラスチックのみでできたものはプラスチック資源へ。金属製のものは小さな金属類へ
2565,ひ,筆記用具で書いた紙,,古紙(雑誌・その他の紙）,
2566,ひ,ビニール手袋,,燃やすごみ,プラスチックのみでできたものはプラスチック資源へ。
2567,ひ,ビニールひも,,燃やすごみ,リサイクル施設の故障原因になるため燃やすごみへ
2568,ひ,ビニールプール,,燃やすごみ,リサイクル施設の故障原因になるため燃やすごみへ
2569,ひ,ピンチハンガー(プラスチック製),,燃やすごみ,プラスチックのみでできたものはプラスチック資源へ。
2570,ひ,ビンディング,,燃やすごみ,金属製のものは小さな金属類へ。プラスチックのみでできたものはプラスチック資源へ。
2571,ひ,びんのフタ(金属製),,小さな金属類,
2573,ひ,びんのフタ(金属製以外),,燃やすごみ,プラスチックのみでできたものはプラスチック資源へ。ガラス製のものは燃えないごみへ。
2574,ひ,PDA,◎,燃やすごみ,電池・充電池は電池類へ。 充電池を取り外せないものは、他の燃やすごみとは別の袋で出す。
2575,ひ,ビールケース,,燃やすごみ,出す時には、不要な品である旨を張り紙等で明示
2576,ひ,ビニールタイ,,燃やすごみ,
2577,ひ,火鉢(金属製),,小さな金属類,30cm以上のものは粗大ごみへ
2578,ひ,火鉢(陶器製),,燃えないごみ,50cm以上のものは粗大ごみへ
2579,ひ,火鉢(木製),,燃やすごみ,50cm以上のものは粗大ごみへ
2580,ひ,ピッケル,,粗大ごみ,30cm未満のものは小さな金属類へ
2581,ひ,ピーラー(金属製),,小さな金属類,
2582,ひ,避妊具,,燃やすごみ,
2583,ひ,ビニールボート,,燃やすごみ,畳んで50cm以上のものは粗大ごみへ
2584,ひ,ビニールマット,,燃やすごみ,
2585,ひ,ピンセット,,小さな金属類,プラスチックのみでできたものはプラスチック資源へ
2586,ひ,PCケース(ノートパソコンカバー:布製・プラスチック製),,燃やすごみ,プラスチックのみでできたものはプラスチック資源へ。
2587,ひ,ビーチボール,,プラスチック資源,広げると５０cm以上のものは燃やすごみへ
2588,ひ,ひしゃく,,燃やすごみ,プラスチックのみでできたものはプラスチック資源へ。金属製のものは小さな金属類へ。
2589,ひ,日よけ(カー用品),,燃やすごみ,畳んで50cm以上のものは粗大ごみへ
2590,ひ,肥料,,燃やすごみ,液体のものは布等に染み込ませて
2591,ひ,ビニールトタン,,粗大ごみ,50cm未満のものはプラスチック資源へ
2592,ひ,ビューラー(金属製),,小さな金属類,プラスチックのみでできたものはプラスチック資源へ。プラスチック・金属以外のものは燃やすごみへ。
2594,ひ,美顔器,◎,燃やすごみ,"電池は抜く。充電式ものは充電池を抜いて。充電池は回収協力店へ。充電池を取り外せないものは、他の燃やすごみとは別の袋で出す。
<br>
リチウムイオン電池類の出し方が令和7年12月1日から変わります。電池・充電池は電池類へ。 充電池を取り外せないものは、他の燃やすごみとは別の袋で出す。"
2596,ひ,ビール缶,,缶・びん・ペットボトル,
2597,ひ,ビール箱(段ボール),,古紙（段ボール）,
2598,ひ,引き出し(金属製),,粗大ごみ,30cm未満のものは小さな金属類へ
2599,ひ,引き出し(木製・プラスチック製),,燃やすごみ,プラスチックのみでできたものはプラスチック資源へ。50cm以上のものは粗大ごみへ。
2600,ひ,表札(金属製),,小さな金属類,30cm以上のものは粗大ごみへ
2601,ひ,表札(木製・プラスチック製),,燃やすごみ,50cm以上のものは粗大ごみへ
2602,ひ,ピペット,,燃えないごみ,プラスチックのみでできたものはプラスチック資源へ。
2603,ひ,ピアッサー,,燃やすごみ,
2604,ひ,一口コンロ,,小さな金属類,30cm以上のものは粗大ごみへ
2605,ひ,ピルケース(金属製),,小さな金属類,
2606,ひ,ピルケース(プラスチック製),,燃やすごみ,プラスチックのみでできたものはプラスチック資源へ。
2607,ひ,ピンチハンガー(金属製),,小さな金属類,畳んで30cm以上のものは粗大ごみへ
2608,ひ,ピンバッジ,,小さな金属類,
2609,ひ,屏風,,粗大ごみ,50cm未満のもの(ミニチュア版)は燃やすごみへ
2610,ひ,ビニールコーティング紙,,燃やすごみ,ビニールコーティング紙は、手で切るとビニール部分が破れずに残ります。
2611,ひ,BB弾,,プラスチック資源,
2612,ひ,ビールサーバー,,粗大ごみ,30cm未満のものは小さな金属類へ
2613,ひ,ビューラーゴム,,燃やすごみ,
2614,ひ,雛壇,,粗大ごみ,50㎝未満でプラスチックのみでできたものはプラスチック資源へ。プラスチック製以外のものは燃やすごみへ。
2615,ひ,ビニール包装材(直接購入したもの),,プラスチック資源,プラスチックのみでできたものはプラスチック資源へ。ただし広げると５０cm以上のものは燃やすごみへ
2616,ひ,ひょうたん,,燃やすごみ,プラスチックのみで50cm未満のものはプラスチック資源へ
2617,ひ,日除けスクリーン,,粗大ごみ,
2618,ひ,氷のう,,燃やすごみ,
2619,ひ,肘掛,,燃やすごみ,
2620,ひ,P箱(一升瓶等のケース),,燃やすごみ,リサイクル施設の故障原因になるため。50cm以上のものは粗大ごみへ。出す時には、不要な品である旨を張り紙等で明示
2621,ひ,ピザカッター,,小さな金属類,
2622,ひ,ビニールカバー,,燃やすごみ,プラスチックのみでできたものはプラスチック資源へ。ただし広げると５０cm以上のものは燃やすごみへ
2623,ひ,ビニールケース,,プラスチック資源,プラスチックのみでできたものはプラスチック資源へ。
2624,ひ,ヒューズ,,燃やすごみ,
2625,ひ,表示灯,,燃やすごみ,
2626,ひ,ビニールバケツ,,燃やすごみ,プラスチックのみでできたものはプラスチック資源へ。
2627,ひ,ビリヤード台,,粗大ごみ,
2628,ひ,引き出しのレール,,小さな金属類,30㎝以上のものは粗大ごみへ
2629,ひ,引っ張り棒,,粗大ごみ,
2630,ひ,飛騨コンロ,,燃えないごみ,
2631,ひ,ビルトインコンロ(自分で取り外したもの),,粗大ごみ,
2632,ひ,引き戸,,粗大ごみ,
2633,ひ,PCスタンド,,粗大ごみ,30cm未満のものは小さな金属類へ
2634,ひ,ビニールカーテン,,燃やすごみ,リサイクル施設の故障原因になるため燃やすごみへ。畳んで50cm以上のものは粗大ごみへ
2635,ひ,非常信号灯,,燃やすごみ,電池・充電池は電池類へ。 
2636,ひ,日よけテント,,燃やすごみ,畳んで50㎝以上は粗大ごみ
2637,ひ,BCジャケット,,燃やすごみ,畳んで50cm以上のものは粗大ごみへ
2638,ひ,ピクチャーレール,,粗大ごみ,
2639,ひ,美容ローラー(金属製),,小さな金属類,
2640,ひ,美容ローラー(プラスチック製),,燃やすごみ,プラスチックのみでできたものはプラスチック資源へ。
2641,ひ,ビンゴボール(木製・プラスチック製),,燃やすごみ,金属製のものは小さな金属類へ。プラスチックのみでできたものはプラスチック資源へ。
2642,ひ,ビンゴマシーン(プラスチック製),,燃やすごみ,金属製のものは小さな金属類へ。プラスチックのみでできたものはプラスチック資源へ。
2643,ひ,ビンゴカード,,古紙(雑誌・その他の紙）,
2644,ひ,ピーラー(持ち手がプラスチック製),,燃やすごみ,プラスチックのみでできたものはプラスチック資源へ。
2645,ひ,ひなかざり,,燃やすごみ,木製・プラスチック製で50cm以上のもの、金属製で30cm以上のものはは粗大ごみへ。
2646,ひ,ビニール封筒,,燃やすごみ,プラスチックのみでできたものはプラスチック資源へ。
2647,ひ,表札(石製),,燃えないごみ,50cm以上のものは粗大ごみへ
2648,ひ,ピアノカバー,,燃やすごみ,
2649,ひ,ひも切りカッター,,燃やすごみ,金属製のものは小さな金属類へ
2650,ひ,ピザストーン,,燃えないごみ,
2651,ひ,ビーズ(ガラス製),,燃えないごみ,
2652,ひ,ビニールエプロン,,燃やすごみ,リサイクル施設の故障原因になるため燃やすごみへ
2653,ひ,表彰楯(木製・アクリル製),,燃やすごみ,石・ガラス製のものは燃えないごみへ。金属製のものは小さな金属類へ
2654,ひ,ピッチパイプ,,燃やすごみ,金属製のものは小さな金属類へ。プラスチックのみでできたものはプラスチック資源へ。
2655,ひ,ビンカバー,,燃やすごみ,
2656,ふ,ファクシミリ,,燃やすごみ,50㎝以上のものは粗大ごみへ
2657,ふ,フィルム(写真),,燃やすごみ,
2658,ふ,フィルム(写真)の外ケース,,プラスチック資源,
2659,ふ,封筒(紙製),,古紙(雑誌・その他の紙）,
2660,ふ,フォーク(金属製),,小さな金属類,新聞紙等に包み品名を表示する。
2663,ふ,袋(レジ袋・ポリ袋),,プラスチック資源,有料・無料どちらも対象
2664,ふ,プラスチック製気泡緩衝材,,プラスチック資源,商品を包んでいたものが対象(一部に紙が使われているものも含む)
2665,ふ,布団,,粗大ごみ,畳んで50cm未満のものは燃やすごみへ
2666,ふ,布団カバー,,古布,洗濯して乾かしてから
2667,ふ,布団乾燥機,,燃やすごみ,50㎝以上のものは粗大ごみへ
2668,ふ,フライパン,,小さな金属類,フッ素樹脂やセラミックでコーティングされたものも小さな金属類へ。30㎝以上(取っ手は除く)のものは粗大ごみへ
2669,ふ,ブラインド,,粗大ごみ,
2670,ふ,プラスチック製密閉容器,,プラスチック資源,
2671,ふ,プラモデル,,プラスチック資源,50cm以上のものは粗大ごみへ
2672,ふ,プリンター,,燃やすごみ,50㎝以上のものは粗大ごみへ
2673,ふ,プリンのフタ(プラスチック製),,プラスチック資源,銀紙は燃やすごみへ
2674,ふ,プリンの容器,,プラスチック資源,ガラス製のものは缶・びん・ペットボトルへ
2675,ふ,風呂のいす,,燃やすごみ,プラスチックのみでできたものはプラスチック資源へ
2676,ふ,風呂桶,,燃やすごみ,プラスチックのみのものはプラスチック資源へ
2677,ふ,フロッピーディスク(ケースも含む),,燃やすごみ,
2678,ふ,文房具(金属製),,小さな金属類,30cm以上のものは粗大ごみへ
2679,ふ,文房具(プラスチック製),,燃やすごみ,分解してプラスチックのみになればプラスチック資源
2680,ふ,BDプレーヤー・DVDプレーヤー,,粗大ごみ,"プラスチック製で50㎝未満のものは燃やすごみへ(電池・充電池は電池類へ。 充電池を取り外せないものは、他の燃やすごみとは別の袋で出す)。
金属製で30㎝未満のものは小さな金属類へ。"
2681,ふ,ファイル(紙製),,古紙(雑誌・その他の紙）,
2682,ふ,ファイルケース,,燃やすごみ,プラスチックのみでできたものはプラスチック資源へ
2683,ふ,ファンシーケース,,粗大ごみ,
2684,ふ,フードプロセッサー,,燃やすごみ,50cm以上のものは粗大ごみへ 金属製のパーツ(刃など)は小さな金属類へ。ガラス製パーツは燃えないごみへ
2685,ふ,フープ,,粗大ごみ,
2686,ふ,ふせん,,古紙(雑誌・その他の紙）,プラスチック製のものは燃やすごみへ
2688,ふ,普通紙,,古紙(雑誌・その他の紙）,
2689,ふ,フック,,小さな金属類,プラスチックのみでできたものはプラスチック資源へ
2690,ふ,ブックケース・ブックカバー,,燃やすごみ,紙製のものは古紙(雑誌・その他の紙)へ
2691,ふ,仏壇,,粗大ごみ,50cm未満のものは燃やすごみへ
2692,ふ,フットマッサージャー,,燃やすごみ,50cm以上のものは粗大ごみへ
2693,ふ,筆箱,,燃やすごみ,プラスチックのみでできたものはプラスチック資源へ
2694,ふ,フライ返し,,小さな金属類,プラスチックのみでできたものはプラスチック資源へ
2696,ふ,プラスチックマット,,燃やすごみ,50cm以上のものは粗大ごみへ
2697,ふ,フリース,,古布,洗濯をして乾かしてから
2698,ふ,風呂のフタ,,粗大ごみ,50cm未満のものは燃やすごみへ
2699,ふ,文鎮,,小さな金属類,石・陶器・ガラス製のものは燃えないごみへ
2700,ふ,粉末洗剤,,燃やすごみ,
2701,ふ,笛,,プラスチック資源,50cm以上のものは粗大ごみへ。金属製で30cm未満のものは小さな金属類へ。木製で50cm未満のものは燃やすごみへ
2702,ふ,フェルト,,古布,
2703,ふ,ブックエンド(金属製),,小さな金属類,陶器・ガラス製のものは燃えないごみへ 木製・プラスチック製のものは燃やすごみへ
2705,ふ,腐葉土,,燃やすごみ,
2706,ふ,ブラウス,,古布,洗濯して乾かしてから
2707,ふ,プラグ,◎,燃やすごみ,
2708,ふ,プリントゴッコ,,燃やすごみ,
2709,ふ,ブレーキパッド(ノンメタル・セミメタル),,燃やすごみ,50cm以上のものは粗大ごみへ
2710,ふ,ブレーキパッド(メタル),,粗大ごみ,30cm未満のものは小さな金属類へ
2711,ふ,フロアーモップ,,粗大ごみ,金属製で30㎝未満のものは小さな金属類へ 金属製以外のもので50㎝未満のものは燃やすごみへ
2712,ふ,フロアマット(自動車用),,プラスチック資源,50㎝を超えるものは粗大ごみへ。プラスチック製以外のものは燃やすごみへ
2713,ふ,プロジェクションテレビ,,粗大ごみ,家電リサイクル対象外製品
2714,ふ,プロジェクター,,燃やすごみ,50cm以上のものは粗大ごみへ
2715,ふ,ブロック(玩具),,プラスチック資源,
2716,ふ,分度器(プラスチック製),,プラスチック資源,金属製のものは小さな金属類へ
2717,ふ,ふすま,,粗大ごみ,
2718,ふ,仏具(金属製),,小さな金属類,30cm以上のものは粗大ごみへ
2719,ふ,仏具(陶器・ガラス製),,燃えないごみ,50cm以上のものは粗大ごみへ
2720,ふ,仏具(木製),,燃やすごみ,50cm以上のものは粗大ごみへ
2721,ふ,フットスパ,,燃やすごみ,50cm以上のものは粗大ごみへ
2722,ふ,筆立て,,燃やすごみ,プラスチックのみでできたものはプラスチック資源へ。金属製のものは小さな金属類へ。ガラス製のものは燃えないごみへ
2723,ふ,布団袋,,燃やすごみ,
2724,ふ,プロポ(ラジコンの送信機),,燃やすごみ,
2725,ふ,布団たたき,,燃やすごみ,プラスチックのみでできたものはプラスチック資源へ
2726,ふ,布団ばさみ,,燃やすごみ,金属製のものは小さな金属類へ
2729,ふ,譜面,,古紙(雑誌・その他の紙）,
2730,ふ,プラスチックケース,,プラスチック資源,50cm以上のものは粗大ごみへ。50cm未満でプラスチックのみのものはプラスチック資源へ
2731,ふ,フリスビー,,プラスチック資源,
2732,ふ,プレイマット,,燃やすごみ,50cm以上のものは粗大ごみへ。50cm未満でプラスチックのみのものはプラスチック資源へ
2733,ふ,風呂敷,,古布,
2734,ふ,風鈴(ガラス・陶器製),,燃えないごみ,
2735,ふ,風鈴(金属製),,小さな金属類,
2736,ふ,布巾,,古布,洗濯して乾かしてから 汚れのひどいものは燃やすごみへ
2737,ふ,筆,,燃やすごみ,
2739,ふ,踏み台(金属製),,粗大ごみ,30cm未満のものは小さな金属類へ
2740,ふ,踏み台,,燃やすごみ,50cm以上のものは粗大ごみへ。50cm未満でプラスチックのみのものはプラスチック資源へ
2741,ふ,譜面台(プラスチック製),,燃やすごみ,畳んで30cm未満のものは小さな金属類へ。50cm未満でプラスチックのみのものはプラスチック資源へ
2742,ふ,譜面台(金属製),,粗大ごみ,畳んで30cm未満のものは小さな金属類へ
2743,ふ,フラッシュメモリー,◎,燃やすごみ,
2744,ふ,ブティックハンガー,,粗大ごみ,
2746,ふ,プラレール,,燃やすごみ,50cm以上のものは粗大ごみへ。50cm未満でプラスチックのみのものはプラスチック資源へ
2747,ふ,ブランコ,,粗大ごみ,
2748,ふ,藤棚,,粗大ごみ,
2749,ふ,風船,,燃やすごみ,
2750,ふ,風呂マット(クッションマット・すのこマット),,粗大ごみ,50cm未満でプラスチックのみでできたものはプラスチック資源へ
2751,ふ,ファイルの留め具・カードリング,,小さな金属類,プラスチックのみでできたものはプラスチック資源へ
2752,ふ,振込用紙,,古紙(雑誌・その他の紙）,カーボン紙のものは燃やすごみへ
2753,ふ,粉砕機,,粗大ごみ,
2754,ふ,ブーツスタンド(金属製),,粗大ごみ,30cm未満のものは小さな金属類へ
2755,ふ,ブーツスタンド(木製・プラスチック製),,燃やすごみ,50cm以上のものは粗大ごみへ。50cm未満でプラスチックのみのものはプラスチック資源へ
2756,ふ,プラスチック製のかご,,プラスチック資源,50cm以上のものは粗大ごみへ。
2757,ふ,フロントフォーク(自転車),,粗大ごみ,
2758,ふ,風呂釜,,粗大ごみ,
2759,ふ,噴霧器(プラスチック製),,燃やすごみ,50cm以上のものは粗大ごみへ。50cm未満でプラスチックのみのものはプラスチック資源へ
2761,ふ,フィルター(エアコン・空気清浄機等),,燃やすごみ,50cm以上のものは粗大ごみへ
2762,ふ,封筒(プラスチック製),,燃やすごみ,プラスチックのみでできたものはプラスチック資源へ
2763,ふ,フラワーバスケット,,燃やすごみ,
2764,ふ,フローリング補修テープ,,燃やすごみ,
2765,ふ,複写台,,粗大ごみ,金属製で30㎝未満のものは小さな金属類へ 金属製以外のもので50㎝未満のものは燃やすごみへ
2766,ふ,文箱,,燃やすごみ,
2767,ふ,ファイル,,燃やすごみ,プラスチックのみでできたものはプラスチック資源へ
2768,ふ,プラスチックの棒・パイプ,,プラスチック資源,50cm以上のものは粗大ごみへ
2769,ふ,フリーペーパー,,古紙(雑誌・その他の紙）,
2770,ふ,プランタースタンド,,粗大ごみ,金属製で30㎝未満のものは小さな金属類へ。木製で50㎝未満のものは燃やすごみへ。プラスチックのみでできたもので50cm未満のものはプラスチック資源へ
2771,ふ,プリザーブドフラワー,,燃やすごみ,
2772,ふ,プロテクター,,燃やすごみ,50㎝以上のものは粗大ごみへ
2773,ふ,ふすま紙,,古紙(雑誌・その他の紙）,
2774,ふ,フラスコ,,燃えないごみ,
2775,ふ,プレパラート,,燃えないごみ,
2776,ふ,筆洗い,,プラスチック資源,金属製のものは小さな金属類へ
2777,ふ,プラモデルの枠,,プラスチック資源,
2778,ふ,ふるい,,小さな金属類,30cm以上のものは粗大ごみへ
2779,ふ,フードセーバー,,燃やすごみ,
2780,ふ,フィギュアケース,,粗大ごみ,プラスチックのみで50cm未満のものはプラスチック資源へ。その他は燃やすごみへ
2781,ふ,プレイジム,,粗大ごみ,
2782,ふ,フェイスカバー,,古布,"使い捨ての場合は燃やすごみへ"
2783,ふ,フットポンプ,,燃やすごみ,"金属製のものは小さな金属類へ"
2784,ふ,プラスチック段ボール,,プラスチック資源,折りたたんで
2785,ふ,プラスチックラップカッター,,燃やすごみ,50cm以上のものは粗大ごみへ。50cm未満でプラスチックのみのものはプラスチック資源へ
2786,ふ,フットサルゴール,,粗大ごみ,
2787,ふ,ブラックボード,,燃やすごみ,マーカーペンで記入を行なうタイプの物。 50cm以上のものは粗大ごみへ
2788,ふ,腹筋台,,粗大ごみ,
2789,ふ,ファー,,燃やすごみ,
2790,ふ,フェンダーモール,,燃やすごみ,
2791,ふ,フロアタイル,,粗大ごみ,
2792,ふ,伏鉦(ふせがね),,小さな金属類,
2793,ふ,プラスチック粘土,,燃やすごみ,
2794,ふ,ブーツ,,燃やすごみ,
2795,ふ,フェイスシェーバー,◎,燃やすごみ,電池・充電池は電池類へ。 充電池を取り外せないものは、他の燃やすごみとは別の袋で出す。
2796,ふ,ふきん掛け(プラスチック製),,プラスチック資源,
2797,ふ,フライパンスタンド,,燃やすごみ,プラスチックのみでできたものはプラスチック資源へ
2798,ふ,粉末飲料(スティックタイプ容器),,プラスチック資源,
2799,ふ,ふきん掛け(金属製),,小さな金属類,30cm以上のものは粗大ごみへ
2800,ふ,フライパンスタンド(金属製),,小さな金属類,30cm以上のものは粗大ごみへ
2801,ふ,フロントグリル,,粗大ごみ,プラスチックのみで50cm未満のものはプラスチック資源へ。金属製で30cm未満のものは小さな金属類へ。
2802,ふ,古着,,古布,破れて使えないもの、綿入りの衣類は燃やすごみへ
2803,ふ,筆箱(金属製),,小さな金属類,
2804,ふ,フォーク(プラスチック製),,プラスチック資源,
2805,ふ,ふくさ,,古布,
2806,ふ,分配器,◎,燃やすごみ,金属製のものは小さな金属類へ
2807,ふ,布団ケース,,燃やすごみ,プラスチックのみでできたものはプラスチック資源へ
2808,ふ,プラスチックハンマー,,燃やすごみ,
2809,ふ,フラワーボックス(紙箱に花を詰めたもの),,燃やすごみ,箱は汚れていなければ古紙(雑誌・その他の紙)へ
2810,ふ,ファイルスタンド,,燃やすごみ,プラスチックのみでできたものはプラスチック資源へ。金属製のものは小さな金属類へ
2811,ふ,フードパック,,プラスチック資源,
2812,ふ,フローリングシート,,燃やすごみ,畳んで50cm以上のものは粗大ごみへ
2813,ふ,ブックスタンド,,燃やすごみ,プラスチックのみでできたものはプラスチック資源へ。金属製で30cm未満のものは小さな金属類へ
2814,ふ,プラネタリウム(家庭用),,燃やすごみ,50cm以上のものは粗大ごみへ
2815,ふ,文机,,粗大ごみ,50cm未満のものは燃やすごみへ
2818,ふ,ブローブラシ,,燃やすごみ,プラスチックのみでできたものはプラスチック資源へ
2819,ふ,覆面,,燃やすごみ,
2820,ふ,腹筋ベルト,,燃やすごみ,
2821,ふ,噴霧器(金属製),,小さな金属類,中身を使い切ること。30cm以上のものは粗大ごみへ。
2822,ふ,噴霧器(スプレー状のもの),,スプレー缶,中身を使い切って 穴はあけない。キャップはプラスチック資源へ。中身が出せなくなったものについては収集事務所に相談
2823,ふ,ブレッドケース,,燃やすごみ,50cm以上のものは粗大ごみへ。50cm未満でプラスチックのみのものはプラスチック資源へ。50cm未満で陶器製のものは燃えないごみへ
2824,ふ,ブレッドケース(金属製),,小さな金属類,30㎝以上のものは粗大ごみへ
2826,ふ,プロジェクタースクリーン,,粗大ごみ,
2827,ふ,ブロワ―(家庭用工具),◎,燃やすごみ,電池・充電池は電池類へ。 充電池を取り外せないものは、他の燃やすごみとは別の袋で出す。
2828,へ,ヘアースプレー,,スプレー缶,中身を使い切って 穴はあけない。キャップはプラスチック資源へ。中身が出せなくなったものについては収集事務所に相談
2829,へ,ヘアースプレーの包装フィルム,,プラスチック資源,
2830,へ,ベッド,,粗大ごみ,
2831,へ,ペットのトイレ用砂,,燃えないごみ,汚物を取り除いて(汚物はトイレに流す)。紙製や木くずのものは汚物を取り除いて燃やすごみへ
2832,へ,飲料用のペットボトル,,缶・びん・ペットボトル,ペットボトルマークを確認。海外製のものはマークが無くても可。キャップとラベルは、外してプラスチック資源へ
2833,へ,飲料用のペットボトルのキャップ,,プラスチック資源,
2834,へ,飲料用のペットボトルのラベル,,プラスチック資源,
2835,へ,ヘッドホンステレオ,◎,燃やすごみ,電池・充電池は電池類へ。充電池を取り外せないものは、他の燃やすごみとは別の袋で出す。 金属製のものは小さな金属類へ。
2836,へ,ベッドマット・マットレス,,粗大ごみ,
2837,へ,ベビーカー,,粗大ごみ,
2838,へ,ベルト,,燃やすごみ,バックル等金属部分は小さな金属類へ
2840,へ,ヘルメット,,燃やすごみ,
2841,へ,便座カバー,,燃やすごみ,
2842,へ,ペンキの空き缶,,小さな金属類,中身を使い切って
2843,へ,ペンチ,,小さな金属類,
2844,へ,弁当容器(コンビニ等の弁当容器),,プラスチック資源,
2845,へ,ヘアピン,,小さな金属類,
2846,へ,ペーパーナイフ,,小さな金属類,プラスチックのみでできたものはプラスチック資源へ。木製のものは燃やすごみへ
2847,へ,ペール缶(金属製),,小さな金属類,30cm以上のものは粗大ごみへ
2848,へ,ペール缶(プラスチック製),,プラスチック資源,50cm以上のものは粗大ごみへ
2849,へ,ペットゲージ(金属製),,粗大ごみ,一番長い辺が30cm未満のものは小さな金属類へ
2850,へ,ペットゲージ(金属製以外),,粗大ごみ,一番長い辺が50cm未満のものは燃やすごみへ
2851,へ,ペット小屋,,粗大ごみ,プラスチックのみで50cm未満のものはプラスチック資源へ
2852,へ,ペットシート,,燃やすごみ,汚物(染み込まないもの)はトイレに流して
2853,へ,ペットのふん,,トイレに流す,
2854,へ,ベニヤ板,,粗大ごみ,50cm未満のものは燃やすごみへ
2855,へ,ベビーゲート,,粗大ごみ,50cm未満のものは燃やすごみへ
2856,へ,ベビーバス,,粗大ごみ,プラスチックのみでできたもので50cm未満のものはプラスチック資源へ
2857,へ,ベビー服,,古布,洗濯をして乾かしてから。綿の入っているものは燃やすごみへ
2858,へ,ベビーベッド,,粗大ごみ,
2859,へ,便器,,粗大ごみ,50cm未満のものは燃えないごみへ
2860,へ,ヘアバンド,,燃やすごみ,金属製のものは小さな金属類へ
2861,へ,ベッドカバー,,古布,洗濯して乾かしてから。綿が入っているものは燃やすごみへ
2862,へ,ヘラ,,燃やすごみ,プラスチックのみでできたものはプラスチック資源へ。金属製のものは小さな金属類へ
2863,へ,ベンチ,,粗大ごみ,プラスチックのみでできたもので50cm未満のものはプラスチック資源へ。木製で50cm未満のものは燃やすごみへ
2864,へ,ヘアカラーの容器(プラスチック製),,プラスチック資源,中身を使い切って。ガラス瓶は燃えないごみへ
2865,へ,ヘアワックス,,燃やすごみ,容器はプラスチック製容器包装へ
2866,へ,ヘッドセット,,燃やすごみ,金属製のものは小さな金属類へ
2867,へ,ペーパータオル,,燃やすごみ,未使用のものは古紙(雑誌・その他の紙)へ
2868,へ,ベッドフレーム,,粗大ごみ,
2869,へ,ペットフード,,燃やすごみ,
2870,へ,ペットフードの容器(紙製),,燃やすごみ,
2871,へ,ペットフードの容器(缶),,缶・びん・ペットボトル,
2872,へ,ペットフードの容器(プラスチック製),,プラスチック資源,
2873,へ,ベビーバスチェア,,粗大ごみ,プラスチックのみでできたもので50cm未満のものはプラスチック資源へ
2874,へ,ペンキローラー,,燃やすごみ,
2875,へ,ペットキャリー(金属製),,粗大ごみ,30cm未満のものは小さな金属類へ
2876,へ,ペットキャリー(プラスチック製),,燃やすごみ,50cm以上のものは粗大ごみへ。50cm未満でプラスチックのみのものはプラスチック資源へ
2877,へ,ベッドメリー,,燃やすごみ,50cm以上のものは粗大ごみへ
2878,へ,ベランダストッカー,,粗大ごみ,プラスチックのみで50cm未満のものはプラスチック資源へ。その他は燃やすごみへ
2879,へ,ヘアキャップ,,燃やすごみ,
2880,へ,ペットバギー,,粗大ごみ,
2881,へ,ペット用トイレ,,燃やすごみ,50cm以上のものは粗大ごみへ。50cm未満でプラスチックのみのものはプラスチック資源へ
2882,へ,ベビーパウダー,,燃やすごみ,容器は素材に応じてプラスチック資源(プラスチック製)または小さな金属類(金属製)へ
2883,へ,ペダル(金属製),,小さな金属類,
2884,へ,ペダル(プラスチック製),,燃やすごみ,プラスチックのみでできたものはプラスチック資源へ
2885,へ,ペンキャップ(金属製),,小さな金属類,
2886,へ,ペンキャップ(金属製以外),,プラスチック資源,プラスチック以外のものでできたものは燃やすごみへ
2887,へ,ベーゴマ,,小さな金属類,
2888,へ,ペーパーナプキン,,燃やすごみ,
2889,へ,ヘッドライト,,燃やすごみ,ガラスは燃えないごみ
2891,へ,ペンキ,,販売店へ相談,
2892,へ,ベッドガード,,粗大ごみ,
2894,へ,ペットボトルホルダー,,燃やすごみ,プラスチックのみでできたものはプラスチック資源へ
2895,へ,ヘッドレスト,,燃やすごみ,
2896,へ,ペール缶,,粗大ごみ,
2897,へ,ベビーカーステップ,,燃やすごみ,"50cm以上のものは粗大ごみへ"
2898,へ,ペーパークラフト,,古紙(雑誌・その他の紙）,
2899,へ,ペットソファー,,粗大ごみ,50㎝未満のものは燃やすごみへ
2900,へ,ペットフェンス,,粗大ごみ,
2901,へ,ベランダマット,,燃やすごみ,石付きのものは燃えないごみへ。プラスチックのみでできたのものはプラスチック資源へ
2902,へ,ペーパーファスナー,,燃やすごみ,プラスチックのみでできたものはプラスチック資源へ。金属製のものは小さな金属類へ
2903,へ,ペット用衣類,,燃やすごみ,
2904,へ,ペーパーホルダー,,小さな金属類,プラスチックのみでできたものはプラスチック資源へ。木製のものは燃やすごみへ
2906,へ,ベール,,古布,
2907,へ,ペットガード(柵),,粗大ごみ,
2908,へ,ペグ,,小さな金属類,プラスチックのみでできたものはプラスチック資源へ
2909,へ,便座のふた,,燃やすごみ,50cm以上のものは粗大ごみへ。50cm未満でプラスチックのみのものはプラスチック資源へ
2910,へ,ペット用ヒーター,,燃やすごみ,
2911,へ,ベビーオイル(容器),,プラスチック資源,
2912,へ,便座シート,,燃やすごみ,プラスチックのみでできたものはプラスチック資源へ
2913,へ,ベッドサイドチェスト,,粗大ごみ,50cm未満のものは燃やすごみへ
2914,へ,弁当・食品等の調味料袋,,プラスチック資源,中身を使い切って。陶器・ガラス製のものは燃えないごみへ
2915,へ,ヘアカラー(アルミチューブ),,小さな金属類,中身を使い切って
2916,へ,ヘッドマウントディスプレイ,◎,燃やすごみ,電池・充電池は電池類へ。充電池を取り外せないものは、他の燃やすごみとは別の袋で出す。
2917,へ,ペット用ドライヤー,◎,燃やすごみ,50cm以上のものは粗大ごみへ
2918,へ,ヘアワックスの容器,,プラスチック資源,ガラス製のものは燃えないごみへ。金属製のものは小さな金属類へ
2919,へ,ペッパーミル(金属製),,小さな金属類,
2920,へ,ペッパーミル(木製・プラスチック製),,燃やすごみ,プラスチックのみでできたのものはプラスチック資源へ
2921,へ,ヘアカッター(本体がプラスチック製),,燃やすごみ,外せる刃は小さな金属類へ
2922,へ,ヘアカラー(エアゾール缶),,スプレー缶,中身を使い切って 穴はあけない。キャップはプラスチック資源へ。中身が出せなくなったものについては収集事務所に相談
2923,へ,ペット用水飲み,,燃やすごみ,プラスチックのみでできたのものはプラスチック資源へ。金属製のものは小さな金属類へ
2924,へ,ベビーカー カバー,,燃やすごみ,布製のものは古布へ
2925,へ,ベビーフード(アルミパウチ),,プラスチック資源,びんのものは缶・びん・ぺっとぼとるへ
2926,へ,ヘリウムガスボンベ(使いきりタイプ),,粗大ごみ,高圧ガス保安法対象外で、ボンベ型の製品。30cm未満のものは小さな金属類へ
2927,へ,ヘリウムガス缶,,スプレー缶,中身を使い切って 穴はあけない。キャップはプラスチック資源へ。中身が出せなくなったものについては収集事務所に相談
2928,へ,ベビースケール,,粗大ごみ,50cm未満のものは燃やすごみへ
2929,へ,ペットのエサ・水入れ(金属製),,小さな金属類,
2930,へ,ペットのエサ・水入れ,,燃やすごみ,プラスチックのみでできたものはプラスチック資源へ
2931,へ,ヘッドボード(ベッドの頭側の板),,粗大ごみ,
2932,へ,べっこう製品,,燃やすごみ,50cm以上のものは粗大ごみへ
2933,へ,ペットボトルカバー,,燃やすごみ,
2934,へ,ヘッドホンハンガー,,燃やすごみ,プラスチックのみでできたものはプラスチック資源へ。金属製のものは小さな金属類へ
2935,へ,ペットのエサ・水入れ(陶器製),,燃えないごみ,
2936,へ,ペット用ベッド,,粗大ごみ,金属製で30㎝未満のものは小さな金属類へ、布・プラスチック製で50㎝未満のものは燃やすごみへ
2937,へ,ペット用自動給水器,◎,燃やすごみ,
2938,へ,ペット用えさやり器,◎,燃やすごみ,
2939,へ,ヘルメット用シールド,,燃やすごみ,プラスチックのみでできたものはプラスチック資源へ
2940,へ,ベビーカー用カバー,,燃やすごみ,
2941,へ,ヘルメット用カバー,,燃やすごみ,布製のものは古布へ
2943,ぺ,ペナント,,燃やすごみ,
2944,ほ,芳香剤容器(プラスチック製),,プラスチック資源,
2945,ほ,帽子,,古布,
2946,ほ,ホース,,燃やすごみ,丸めて50cm以上の幅があるものは粗大ごみへ
2947,ほ,包装紙,,古紙(雑誌・その他の紙）,宛名等裏カーボン紙は除く
2948,ほ,包丁(金属製),,小さな金属類,新聞紙等に包み品名を表示する。柄を含めずに30㎝以上のものは粗大ごみへ
2949,ほ,ボウリングの球,,燃えないごみ,
2950,ほ,ボウル・ストレーナー,,プラスチック資源,シリコン製のものは燃やすごみへ。プラスチックのみでできたものはプラスチック資源へ。金属製のものは小さな金属類へ
2951,ほ,ボウル・ストレーナー(調理器具等・金属製),,小さな金属類,30cm以上のものは粗大ごみへ
2952,ほ,ボール(テニスボール、軟球、硬球、サッカーボールなど),,燃やすごみ,
2953,ほ,補聴器,◎,燃やすごみ,電池・充電池は電池類へ。充電池を取り外せないものは、他の燃やすごみとは別の袋で出す。
2954,ほ,ホッチキス(本体),,小さな金属類,プラスチック製のものは燃やすごみへ
2955,ほ,ホッチキスの針,,小さな金属類,
2956,ほ,ポット(プラスチック製),,燃やすごみ,50cm以上のものは粗大ごみへ。50cm未満でプラスチックのみのものはプラスチック資源へ
2957,ほ,ホットプレート,,粗大ごみ,30㎝未満のものは小さな金属類へ。ガラス製の蓋は燃えないごみへ
2958,ほ,ほ乳瓶(プラスチック製),,プラスチック資源,
2959,ほ,ほ乳瓶(ガラス製),,燃えないごみ,新聞紙等に包み品名を表示する
2960,ほ,ポリタンク(灯油用等),,プラスチック資源,中身を空にして 50cm以上のものは粗大ごみへ。「廃棄します」「ごみです」等、明示する
2961,ほ,保冷剤・瞬間冷却材,,燃やすごみ,中身が水の場合は中身を空にして
2962,ほ,防虫カバー,,燃やすごみ,
2963,ほ,ポーチ・化粧ポーチ,,燃やすごみ,
2964,ほ,望遠鏡,,燃やすごみ,50cm以上のものは粗大ごみへ
2965,ほ,ほうき(柄が金属製でないもの),,燃やすごみ,50cm以上のものは粗大ごみへ
2966,ほ,ほうき(柄が金属製),,粗大ごみ,30cm未満のものは小さな金属類へ
2967,ほ,宝石箱・スタンド(金属製),,小さな金属類,木・革・布製のものは燃やすごみへ。プラスチックのみでできたものはプラスチック資源へ。 ガラス製のものは燃えないごみへ
2968,ほ,防虫剤(衣類用),,燃やすごみ,
2969,ほ,防虫剤(エアゾール缶),,スプレー缶,中身を使い切って 穴はあけない。キャップはプラスチック資源へ。中身が出せなくなったものについては収集事務所に相談
2970,ほ,ポータブルトイレ,,粗大ごみ,プラスチックのみで50cm未満のものはプラスチック資源へ。その他は燃やすごみへ
2971,ほ,ボードゲーム,,燃やすごみ,プラスチックのみでできたものはプラスチック資源へ。紙製のものは古紙(雑誌・その他の紙)へ
2972,ほ,ホームベーカリー(プラスチック製),,燃やすごみ,50cm以上のものは粗大ごみ。内釜などの金属パーツは外して小さな金属類へ。
2973,ほ,ポールハンガー,,粗大ごみ,
2974,ほ,歩行器,,粗大ごみ,プラスチック製で50cm未満のものは燃やすごみへ
2975,ほ,埃,,燃やすごみ,
2976,ほ,ポット(ガラス製・陶器製),,燃えないごみ,
2977,ほ,ポット(金属製),,小さな金属類,30cm以上のものは粗大ごみへ
2978,ほ,ホットサンドメーカー・プレート(金属製),,小さな金属類,30cm以上のものは粗大ごみへ
2979,ほ,ボルト,,小さな金属類,
2980,ほ,ぼろ布,,燃やすごみ,
2981,ほ,ホワイトボード,,粗大ごみ,50cm未満のものは燃やすごみへ
2982,ほ,包装材(プラスチック製),,プラスチック資源,
2983,ほ,包装材(紙製),,古紙(雑誌・その他の紙）,
2985,ほ,防犯スプレー,,スプレー缶,中身を使い切って 穴はあけない。キャップはプラスチック資源へ。中身が出せなくなったものについては収集事務所に相談
2986,ほ,ホースリール(リール部分がプラスチック製),,燃やすごみ,50cm以上のものは粗大ごみへ
2987,ほ,ホーロー製品,,小さな金属類,30cm以上のものは粗大ごみへ。容器のシールフタ部分は燃やすごみへ
2988,ほ,墨汁・固形墨,,燃やすごみ,ぼろ布などに染み込ませる。容器(プラスチック製)はプラスチック資源へ
2989,ほ,木刀,,粗大ごみ,
2990,ほ,ポスター,,古紙(雑誌・その他の紙）,
2991,ほ,ボトルキャップ,,プラスチック資源,
2992,ほ,保冷バッグ,,燃やすごみ,
2993,ほ,帽子掛け,,粗大ごみ,金属製で30㎝未満のものは小さな金属類へ。木製で50㎝未満のものは燃やすごみへ。プラスチックのみでできたもので50cm未満のものはプラスチック資源へ
2994,ほ,ホームベーカリー(金属製),,小さな金属類,30cm以上のものは粗大ごみへ。
2995,ほ,防災頭巾,,燃やすごみ,
2996,ほ,防腐剤,,燃やすごみ,
2997,ほ,ポータブルテレビ,,家電リサイクル,液晶式テレビで、かつ電源として一次電池又は蓄電池を使用するものは燃やすごみへ
2998,ほ,ホッピング(ポゴスティック),,粗大ごみ,
2999,ほ,補正下着,,古布,
3000,ほ,防塵マスク,,燃やすごみ,
3001,ほ,包帯,,燃やすごみ,
3002,ほ,ホームサウナ,,粗大ごみ,重量・サイズによっては一部除外あり
3003,ほ,ポケットベル,,燃やすごみ,
3004,ほ,ホットサンドメーカー(プラスチック製),,燃やすごみ,金属プレートは小さな金属類へ
3005,ほ,ボタン,,燃やすごみ,プラスチックのみでできたものはプラスチック資源へ。金属製のものは小さな金属類へ
3006,ほ,ポテトチップスの容器(紙製:筒状),,燃やすごみ,底が金属製で外せるものは、外して小さな金属類へ。汚れていないもの(中身が別包装の場合)で、内側がアルミ貼りでないものは古紙(雑誌・その他の紙)へ
3007,ほ,防虫剤(プレートタイプ),,燃やすごみ,
3008,ほ,補助便座,,燃やすごみ,50cm以上のものは粗大ごみへ。50cm未満でプラスチックのみのものはプラスチック資源へ
3009,ほ,ホットパネル,,粗大ごみ,50cm未満のものは燃やすごみへ
3010,ほ,ホットビューラー,◎,燃やすごみ,電池・充電池は電池類へ。充電池を取り外せないものは、他の燃やすごみとは別の袋で出す。
3011,ほ,ホームプレート(野球),,燃やすごみ,
3012,ほ,保温弁当箱,,燃やすごみ,プラスチックのみでできたものはプラスチック資源へ。金属製(または金属ケース部分)は小さな金属類へ
3013,ほ,防虫シート,,燃やすごみ,
3014,ほ,ポット型浄水器(プラスチック製),,燃やすごみ,50cm以上のものは粗大ごみへ
3015,ほ,ボビンケース(プラスチック製),,プラスチック資源,金属製のものは小さな金属類へ
3016,ほ,芳香剤容器(びん),,燃えないごみ,中身を使い切ってから。新聞紙等に包み品名を表示する。
3017,ほ,ホースリール(リール部分が金属製で30cm未満のもの),,小さな金属類,ホースは取り外して燃やすごみへ
3018,ほ,ホースリール(リール部分が金属製で30cm以上のもの),,粗大ごみ,
3019,ほ,ホイッスル,,燃やすごみ,プラスチックのみでできたものはプラスチック資源へ。金属製のものは小さな金属類へ
3020,ほ,哺乳びんの乳首,,燃やすごみ,
3021,ほ,蛍石,,燃えないごみ,
3022,ほ,保温ジャー,,粗大ごみ,30cm未満のものは小さな金属類へ
3023,ほ,保存ビン,,燃えないごみ,
3024,ほ,ボトルラック,,粗大ごみ,
3025,ほ,方位磁石,,燃やすごみ,
3026,ほ,防犯ブザー,,燃やすごみ,
3027,ほ,ボールタップ,,燃やすごみ,ボール部分が金属製の場合は小さな金属類へ
3028,ほ,ホック,,小さな金属類,
3029,ほ,防災シート,,燃やすごみ,
3030,ほ,防水シーツ、吸水シーツ,,燃やすごみ,畳んで50cm以上のものは粗大ごみへ
3031,ほ,ポリキャップ,,燃やすごみ,
3032,ほ,防草シート,,燃やすごみ,畳んで50㎝以上のものは粗大ごみへ
3033,ほ,防音材,,粗大ごみ,
3034,ほ,ホースカバー,,燃やすごみ,
3037,ほ,ホースバンド,,小さな金属類,樹脂製の物は燃やすごみ
3038,ほ,ボールハウス,,粗大ごみ,折りたたんで一番長い辺が50cm未満のものは、燃やすごみへ
3039,ほ,ポリッシャー,,小さな金属類,30cm以上のものは粗大ごみへ
3040,ほ,保温器,,粗大ごみ,
3041,ほ,防炎カバー,,燃やすごみ,
3042,ほ,保温カップ(プラスチック製),,燃やすごみ,プラスチックのみでできたものはプラスチック資源へ。金属製のものは小さな金属類へ。ガラス製のものは燃えないごみへ。
3043,ほ,ポールスタンド(金属製),,小さな金属類,30㎝以上のものは粗大ごみへ 。プラスチックのみでできたものはプラスチック資源へ
3044,ほ,ポケットコンピュータ,◎,燃やすごみ,電池・充電池は電池類へ。充電池を取り外せないものは、他の燃やすごみとは別の袋で出す。
3045,ほ,包丁とぎ(プラスチック製),,燃やすごみ,
3046,ほ,ボウリングのピン,,燃やすごみ,
3047,ほ,ポンポン,,燃やすごみ,
3048,ほ,保温シート,,燃やすごみ,
3049,ほ,放熱板,,小さな金属類,
3050,ほ,防虫剤のケース,,プラスチック資源,
3051,ほ,防水カバー,,燃やすごみ,
3052,ほ,ボウル(調理器具等・ガラス製),,燃えないごみ,
3053,ほ,ポーション(ガムシロップ等のプラスチック容器),,プラスチック資源,
3054,ほ,ホースクリップ(金属製),,小さな金属類,プラスチック製のものは燃やすごみへ
3055,ほ,保温プレート(石版・セラミック製),,燃えないごみ,
3056,ほ,保温鍋,◎,小さな金属類,プラスチック製のものは燃やすごみへ
3057,ほ,包帯どめ,,燃やすごみ,
3058,ほ,防炎クロス,,燃やすごみ,
3059,ほ,ホームロッカー,,粗大ごみ,
3060,ほ,ボディータオル,,燃やすごみ,
3061,ほ,母乳パッド,,燃やすごみ,
3062,ほ,ボトルガムの容器,,プラスチック資源,
3063,ほ,ボウケース,,粗大ごみ,
3064,ほ,ポータブル扇風機,◎,燃やすごみ,"電池・充電池は電池類へ。充電池を取り外せないものは、他の燃やすごみとは別の袋で出す。
金属製のものは小さな金属類へ。"
3065,ほ,保存食品(プラスチック製容器に入っているもの),,燃やすごみ,包装はプラスチック資源へ
3066,ほ,防カビ用のくん煙剤,,プラスチック資源,使い切って出す。内側の金属容器は小さな金属類へ
3067,ほ,干物用ざる ,,粗大ごみ,50㎝未満でプラスチックのみでできたものはプラスチック資源へ。50㎝未満でプラスチック製以外のものは燃やすごみへ
3068,ほ,ポップコーンメーカー,,燃やすごみ,50cm以上のものは粗大ごみへ
3069,ほ,干し網,,燃やすごみ,50cm以上のものは粗大ごみへ
3070,ほ,ポップコーンケース,,プラスチック資源,紙製のものは燃やすごみへ
3071,ほ,防虫剤(スプレータイプ),,プラスチック資源,
3072,ほ,盆提灯,,燃やすごみ,50cm以上のものは粗大ごみへ
3073,ほ,雪洞,,燃やすごみ,電球等があれば外して燃えないごみへ。50cm以上のものは粗大ごみへ 
3074,ほ,防毒マスク,,燃やすごみ,
3075,ほ,防犯用窓ロック(金属製),,小さな金属類,
3076,ほ,防犯用窓ロック(プラスチック製),,燃やすごみ,
3077,ほ,ホッケーのスティック,,粗大ごみ,
3079,ほ,哺乳瓶立て,,燃やすごみ,プラスチックのみでできたものはプラスチック資源へ
3080,ほ,ほ乳瓶消毒ケース・ほ乳瓶ウォーマー,,燃やすごみ,ピッチャーなどガラスのパーツは燃えないごみへ。プラスチックのみでできたものはプラスチック資源へ。
3081,ほ,ホイップクリームの缶(スプレー缶タイプ),,スプレー缶,中身を使い切って 穴はあけない。キャップはプラスチック資源へ。中身が出せなくなったものについては収集事務所に相談
3082,ほ,ボトルシップ,,燃えないごみ,
3083,ほ,本の帯,,古紙(雑誌・その他の紙）,本と一緒に出すこともできます
3084,ま,マーガリンの外箱(紙製),,古紙(雑誌・その他の紙）,折りたたんで
3085,ま,マーガリンの容器(プラスチック製),,プラスチック資源,
3086,ま,枕,,燃やすごみ,
3087,ま,マッサージ機,,粗大ごみ,50cm未満のものは燃やすごみへ(電池・充電池は電池類へ。充電池を取り外せないものは、他の燃やすごみとは別の袋で出す)
3088,ま,まな板(木製、プラスチック製),,燃やすごみ,リサイクル施設の故障原因になるため燃やすごみへ
3089,ま,マヨネーズの外包装,,プラスチック資源,
3090,ま,マヨネーズの容器(プラスチック製),,プラスチック資源,
3091,ま,万年筆,,燃やすごみ,
3092,ま,マグカップ,,燃えないごみ,プラスチックのみでできたものはプラスチック資源へ。金属製のものは小さな金属類へ
3093,ま,まくらカバー,,古布,汚れのひどいものは燃やすごみへ
3094,ま,マスク,,燃やすごみ,ごみ袋は空気を抜いて、しっかりしばって封をしてね。
3095,ま,マッサージチェアー,,粗大ごみ,
3096,ま,マッチ,,燃やすごみ,水にぬらして出す
3097,ま,窓ガラス,,粗大ごみ,50cm未満のものは燃えないごみへ
3098,ま,窓付き封筒,,古紙(雑誌・その他の紙）,窓のフィルム部分はプラスチック資源へ。フィルム部分がグラシン紙の場合はそのまま古紙へ
3099,ま,マネキン,,粗大ごみ,事業で排出するものは、事業系ごみ
3100,ま,マフラー,,古布,洗濯をして乾かしてから
3101,ま,丸いす,,粗大ごみ,金属製で30㎝未満のものは小さな金属類へ。木製で50㎝未満のものは燃やすごみへ。プラスチックのみでできたもので50cm未満のものはプラスチック資源へ
3102,ま,麻雀牌・点棒など(プラスチック製),,プラスチック資源,陶器製のものは燃えないごみへ
3104,ま,マガジンラック(金属製),,粗大ごみ,30cm未満のものは小さな金属類へ
3105,ま,マガジンラック(金属製以外),,燃やすごみ,50cm以上のものは粗大ごみへ。50cm未満でプラスチックのみのものはプラスチック資源へ
3106,ま,マットレスパッド,,燃やすごみ,畳んで50cm以上のものは粗大ごみへ
3107,ま,松葉杖,,粗大ごみ,
3108,ま,麻雀マット,,燃やすごみ,畳んで50cm以上のものは粗大ごみへ
3109,ま,マイク(金属製),◎,小さな金属類,プラスチックのみでできたのものはプラスチック資源へ。その他は燃やすごみへ
3110,ま,窓枠,,粗大ごみ,
3111,ま,マニキュアのケース(プラスチック製),,プラスチック資源,
3112,ま,マニキュアのびん,,燃えないごみ,プラスチックのみでできたフタはプラスチック資源へ
3113,ま,巻尺(金属製),,小さな金属類,
3114,ま,巻尺(プラスチック製),,燃やすごみ,プラスチックのみでできたものはプラスチック資源へ
3115,ま,マッチ箱,,燃やすごみ,
3116,ま,万力,,小さな金属類,30cm以上のものは粗大ごみへ
3117,ま,マグネットシート,,燃やすごみ,
3118,ま,マルチカバー(布製),,古布,
3119,ま,万歩計,◎,燃やすごみ,
3120,ま,マイクスタンド(金属製),,粗大ごみ,畳んで30cm未満のものは小さな金属類へ
3121,ま,孫の手,,燃やすごみ,プラスチックのみでできたものはプラスチック資源へ
3122,ま,マウスピース,,燃やすごみ,プラスチックのみでできたものはプラスチック資源へ。金属製(楽器の一部等)のものは小さな金属類へ
3123,ま,マニキュアの中身,,燃やすごみ,ぼろ布等に染み込ませて
3124,ま,薪ストーブ,,粗大ごみ,
3125,ま,万華鏡(金属製),,小さな金属類,30cm以上のものは粗大ごみへ
3126,ま,万華鏡(木製・プラスチック製),,燃やすごみ,50cm以上のものは粗大ごみへ。50cm未満でプラスチックのみのものはプラスチック資源へ
3127,ま,薪,,燃やすごみ,50cm未満にする。 50cm以上のものは粗大ごみへ 
3128,ま,まな板スタンド(金属製),,小さな金属類,30㎝以上のものは粗大ごみへ 
3129,ま,まな板スタンド(木製・プラスチック製),,燃やすごみ,プラスチックのみでできたものはプラスチック資源へ
3130,ま,枡,,燃やすごみ,プラスチックのみでできたものはプラスチック資源へ
3131,ま,マドラー,,プラスチック資源,金属製のものは小さな金属類へ、ガラス製のものは燃えないごみへ
3132,ま,マネキンヘッド,,燃やすごみ,事業で排出するものは事業系ごみ。50cm以上のものは粗大ごみへ。プラスチックのみでできたものはプラスチック資源へ。金属製は、30cm未満のものは小さな金属類 30cm以上のものは粗大ごみへ
3133,ま,マスキングテープ,,燃やすごみ,
3134,ま,窓用フィルム,,プラスチック資源,広げると５０cm以上のものは燃やすごみへ
3135,ま,マッシャー,,小さな金属類,樹脂製品は燃やすごみへ。プラスチックのみでできたものはプラスチック資源へ
3136,ま,マジックテープ,,燃やすごみ,
3137,ま,麻雀台,,粗大ごみ,
3138,ま,マイカ線,,燃やすごみ,
3139,ま,マスト,,粗大ごみ,
3140,ま,巻き簀,,燃やすごみ,プラスチックのみでできたものはプラスチック資源へ
3141,ま,マグネットバー,,燃やすごみ,
3142,ま,窓拭きワイパー,,粗大ごみ,50cm以上のものは粗大ごみへ。50cm未満でプラスチックのみのものはプラスチック資源へ。金属製で30cm未満のものは小さな金属類へ。その他は燃やすごみへ
3144,ま,まな板(ガラス製),,燃えないごみ,
3145,ま,マジックハンド,,粗大ごみ,金属製で30cm未満のものは小さな金属類へ。プラスチックのみで50cm未満のものはプラスチック資源へ
3146,ま,まゆそり,,燃やすごみ,取っ手が金属製のものは小さな金属類へ
3147,ま,マヨネーズのキャップ,,プラスチック資源,
3148,ま,まな板シート,,燃やすごみ,プラスチックのみでできたものはプラスチック資源
3149,ま,幕,,古布,
3150,ま,巻き藁,,粗大ごみ,50cm未満のものは燃やすごみへ
3151,ま,枕干し,,燃やすごみ,広げて50cm未満でプラスチックのみのものはプラスチック資源へ
3152,ま,マネークリップ(金属製),,小さな金属類,
3154,ま,マネークリップ(革製),,燃やすごみ,
3155,ま,麻雀牌ケース,,プラスチック資源,金属製のものは小さな金属類へ
3156,ま,マグネット付フック(プラスチック製),,燃やすごみ,金属製のものは小さな金属類へ
3157,ま,曲げわっぱ,,燃やすごみ,プラスチックのみでできたものはプラスチック資源へ
3158,ま,マルチクッカー(プラスチック製),◎,燃やすごみ,金属製のもの(本体・パーツ)は小さな金属類へ。分解してプラスチックのみになればプラスチック資源へ
3159,み,ミキサー(調理器具),,燃やすごみ,ガラス製の容器は燃えないごみへ。刃の部分は小さな金属類へ
3160,み,ミシン,,粗大ごみ,"金属製で30cm未満のものは小さな金属類へ プラスチック製で50㎝未満のものは燃やすごみへ "
3161,み,水枕,,燃やすごみ,金属部分は小さな金属類へ
3162,み,みりんの入っていたペットボトル,,缶・びん・ペットボトル,ペットボトルマークを確認
3163,み,みりん風調味料の入っていたペットボトル,,缶・びん・ペットボトル,ペットボトルマークを確認
3164,み,水着,,古布,洗濯をして乾かしてから ゴム製は燃やすごみへ 
3165,み,水切りかご,,粗大ごみ,金属製で30cm未満のものは小さな金属類へ。プラスチックのみで50cm未満のものはプラスチック資源へ
3166,み,水切りネット,,燃やすごみ,
3167,み,ミニカー,,燃やすごみ,金属製のものは小さな金属類へ
3168,み,ミニテーブル,,粗大ごみ,プラスチックのみで50cm未満のものはプラスチック資源へ。金属製で30cm未満のものは小さな金属類へ。
3169,み,耳かき,,燃やすごみ,プラスチックのみでできたものはプラスチック資源へ。金属製のものは小さな金属類へ
3170,み,ミックスペーパー,,古紙(雑誌・その他の紙）,
3171,み,ミサンガ,,燃やすごみ,
3172,み,耳栓,,燃やすごみ,
3173,み,ミシン台,,粗大ごみ,
3174,み,ミニ四駆,◎,燃やすごみ,電池・充電池は電池類へ。プラスチックのみでできたものはプラスチック資源へ
3175,み,水受け(立水栓用),,粗大ごみ,プラスチックのみで50cm未満のものはプラスチック資源へ。木製で50cm未満のものは燃やすごみへ。陶器製で50cm未満のものは燃えないごみへ。金属製で30cm未満のものは小さな金属類へ
3176,み,耳あて,,燃やすごみ,
3177,み,ミラーボール,,燃やすごみ,50cm以上のものは粗大ごみ
3178,み,ミラーマット,,プラスチック資源,広げると５０cm以上のものは燃やすごみへ
3179,み,ミシンケース,,プラスチック資源,50cm以上のものは粗大ごみへ。50cm未満でプラスチック以外の素材を含むものは燃やすごみへ
3180,み,味噌こし,,小さな金属類,プラスチックのみでできたものはプラスチック資源へ
3181,み,水受け皿(植木鉢),,プラスチック資源,50cm以上のものは粗大ごみへ
3182,み,水切りシート,,燃やすごみ,広げて50cm未満でプラスチックのみのものはプラスチック資源へ
3183,み,ミキサー・フードプロセッサーの刃,,小さな金属類,新聞紙等に包み、品名を表示する。
3184,み,ミラーシート,,プラスチック資源,広げると５０cm以上のものは燃やすごみへ
3185,み,水桶,,燃やすごみ,50cm以上のものは粗大ごみへ。50cm未満でプラスチックのみのものはプラスチック資源へ
3186,み,水切り台,,粗大ごみ,プラスチックのみで50cm未満のものはプラスチック資源へ。金属製で30cm未満のものは小さな金属類へ。
3187,み,水草,,燃やすごみ,
3188,む,虫眼鏡,,燃えないごみ,
3189,む,虫かご,,プラスチック資源,50cm以上のものは粗大ごみへ。木製で50cm未満のものは燃やすごみへ。ガラス製で50cm未満のものは燃えないごみへ。
3190,む,虫捕り網,,粗大ごみ,50cm未満のものは燃やすごみへ
3191,む,無停電電源装置(UPS),,販売店へ相談,収集車の火災の原因となるため、集積場所に出さないでください。
3192,む,ムートン(羊皮),,燃やすごみ,畳んで50cm以上のものは粗大ごみへ
3193,む,無線機(金属製),,粗大ごみ,30cm未満のものは小さな金属類へ
3194,む,無線機(プラスチック製),,燃やすごみ,50cm以上のものは粗大ごみへ
3195,む,虫ピン,,小さな金属類,新聞紙等に包み品名を表示する
3196,む,麦茶入れ(プラスチック製),,プラスチック資源,中身を使い切って
3197,む,蒸し器,,小さな金属類,30cm以上のものは粗大ごみへ。木製のものは燃やすごみへ。プラスチックのみでできたものはプラスチック資源へ
3198,む,無煙タバコ,,燃やすごみ,
3199,む,麦茶入れ,,燃えないごみ,プラスチック製のふたや口の部分は、プラスチック資源へ
3200,む,虫の死骸,,燃やすごみ,
3201,む,麦わら帽子,,燃やすごみ,
3202,む,虫よけ(吊り下げ型・携帯型・電気式),,燃やすごみ,電池・充電池は電池類へ。分解してプラスチックのみでできたものはプラスチック資源へ
3203,む,鞭,,燃やすごみ,
3204,む,虫よけ(液体やビーズ等が入っているタイプ),,プラスチック資源,
3205,め,名刺,,古紙(雑誌・その他の紙）,
3206,め,名刺の外箱(プラスチック製),,プラスチック資源,
3207,め,眼鏡(レンズがプラスチック製),,燃やすごみ,プラスチックのみでできたものはプラスチック資源へ
3208,め,眼鏡(レンズがガラス製),,燃えないごみ,新聞紙等に包み品名を表示する
3209,め,目薬の携帯ケース,,プラスチック資源,
3210,め,目薬の外箱(紙製),,古紙(雑誌・その他の紙）,折りたたんで
3211,め,目薬の容器(プラスチック製),,プラスチック資源,ガラス製は燃えないごみへ。金属製のフタは小さな金属類へ
3212,め,メガネケース・メガネたて,,燃やすごみ,プラスチックのみでできたものはプラスチック資源へ。金属製のものは小さな金属類へ
3213,め,メトロノーム,,燃やすごみ,電池・充電池は電池類へ。充電池を取り外せないものは、他の燃やすごみとは別の袋で出す。
3214,め,メモ帳,,古紙(雑誌・その他の紙）,
3215,め,名刺入れ(金属製),,小さな金属類,
3216,め,名刺入れ(布製・革製),,燃やすごみ,
3217,め,メガホン(プラスチック製),,プラスチック資源,
3218,め,メダル,,小さな金属類,
3219,め,綿,,燃やすごみ,
3220,め,メモリーカード,◎,燃やすごみ,
3221,め,メイクボックス(金属製),,小さな金属類,30cm以上のものは粗大ごみへ
3222,め,メイクボックス(金属製以外),,燃やすごみ,50cm以上のものは粗大ごみへ。50cm未満で金属などのプラスチック以外の素材を含むものは燃やすごみへ
3223,め,メラミン食器,,プラスチック資源,
3224,め,メラミンフォーム(スポンジ),,プラスチック資源,
3225,め,綿棒,,燃やすごみ,
3226,め,麺棒(大理石製),,燃えないごみ,50cm以上のものは粗大ごみへ
3227,め,麺棒(木製・プラスチック製),,燃やすごみ,50cm以上のものは粗大ごみへ。50cm未満でプラスチックのみのものはプラスチック資源へ
3228,め,明細書,,古紙(雑誌・その他の紙）,個人情報に注意(シュレッダーかける、該当部分を消す、穴を空けるなど)。※シュレッダーした紙も古紙へ出す
3229,め,免許証,,燃やすごみ,所管の警察署で所定の失効手続き(穴あけ)を経たもの
3230,め,めがねフレーム,,燃やすごみ,プラスチックのみでできたものはプラスチック資源へ。金属製のものは小さな金属類へ
3231,め,眼鏡拭き,,燃やすごみ,
3232,め,メモリースティック,◎,燃やすごみ,
3233,め,メッセージカード,,古紙(雑誌・その他の紙）,紙以外の装飾は外す。装飾(リボン・メロディ機器など)は燃やすごみへ。
3234,め,メディアケース,,プラスチック資源,
3235,め,メッシュハンガー,,粗大ごみ,"金属製で30㎝未満のものは小さな金属類へ "
3236,め,眼鏡立て(プラスチック製、布製等),,燃やすごみ,プラスチックのみでできたものはプラスチック資源へ。金属製のものは小さな金属類へ
3237,め,綿棒の容器,,プラスチック資源,50cm以上のものは粗大ごみへ
3238,も,毛布(ウール製・アクリル製・綿製),,古布,洗濯して乾かしてから
3241,も,物干し竿,,粗大ごみ,
3242,も,木製のかご,,燃やすごみ,50cm以上のものは粗大ごみへ
3243,も,木製品,,燃やすごみ,50cm以上のものは粗大ごみへ
3244,も,木製フェンス,,粗大ごみ,
3245,も,木炭,,燃やすごみ,
3246,も,物置(解体済みのもの),,粗大ごみ,
3247,も,物干し台,,粗大ごみ,
3248,も,門扉,,粗大ごみ,
3249,も,木工製品,,燃やすごみ,50cm以上のものは粗大ごみへ
3250,も,模造刀,,粗大ごみ,金属製で30㎝未満のものは小さな金属類へ。木製で50㎝未満のものは燃やすごみへ。プラスチックのみでできたもので50cm未満のものはプラスチック資源へ
3251,も,モーター,◎,小さな金属類,30cm以上のものは粗大ごみへ
3252,も,模型(金属製),,小さな金属類,30cm以上のものは粗大ごみへ
3253,も,模型(プラスチック製),,プラスチック資源,50cm以上のものは粗大ごみへ。50cm未満でプラスチック以外の素材を含むものは燃やすごみへ
3254,も,もちつき機(プラスチック製),,燃やすごみ,内釜は小さな金属類へ 本体が50cm以上又は内釜が30cm以上のものは粗大ごみへ
3255,も,モニターアーム,,粗大ごみ,50cm未満でプラスチックのみのものはプラスチック資源へ。金属製で30cm未満のものは小さな金属類へ。
3256,も,木馬,,燃やすごみ,50cm以上のものは粗大ごみへ
3257,も,モジュラージャック,,燃やすごみ,
3258,も,モール(手芸用),,燃やすごみ,
3259,も,木製の小物,,燃やすごみ,
3260,も,もちあみ(電子レンジ用),,プラスチック資源,
3261,も,木製の食器,,燃やすごみ,
3262,も,木台,,粗大ごみ,50cm未満の物は燃やすごみ
3263,も,もえがら,,燃やすごみ,
3264,も,モニターカバー(布製),,古布,ビニール製のものはプラスチック資源へ
3265,も,モップ絞り器(プラスチック製),,燃やすごみ,50cm以上のものは粗大ごみへ。50cm未満でプラスチックのみのものはプラスチック資源へ
3266,も,モップ絞り器(金属製),,小さな金属類,30㎝以上のものは粗大ごみへ
3267,も,木質ボード,,粗大ごみ,50cm未満のものは燃やすごみへ
3268,も,もみがら,,燃やすごみ,
3269,も,模造紙,,古紙(雑誌・その他の紙）,
3270,も,モーター(プラスチック製),◎,燃やすごみ,
3271,も,木酢液の容器,,プラスチック資源,
3272,や,やかん,,小さな金属類,30cm以上のものは粗大ごみへ
3273,や,野菜の結束用テープ,,燃やすごみ,
3274,や,野菜が入っている袋(ビニール製),,プラスチック資源,
3275,や,矢(金属製),,粗大ごみ,30cm未満のものは小さな金属類へ
3276,や,矢(木製),,燃やすごみ,50cm以上のものは粗大ごみへ
3277,や,焼き網,,小さな金属類,30cm以上のものは粗大ごみへ
3278,や,矢筒,,燃やすごみ,50cm以上のものは粗大ごみへ。50cm未満でプラスチックのみのものはプラスチック資源へ
3279,や,焼き物,,燃えないごみ,
3280,や,柳行李,,粗大ごみ,一番長い辺が50cm未満のものは、燃やすごみへ
3282,や,薬包紙,,古紙(雑誌・その他の紙）,
3283,や,野球のベース,,燃やすごみ,
3284,や,野菜の水切り器,,プラスチック資源,50cm未満でプラスチック以外の素材を含むものは燃やすごみへ
3285,や,破れた衣類・汚れた衣類,,燃やすごみ,カビや破れなどでリユースに支障を来すもの。
3286,や,薬剤付のシール,,燃やすごみ,
3287,ゆ,浴衣,,古布,洗濯して乾かしてから
3288,ゆ,湯沸器(卓上タイプを除く・自分で取り外したもののみ),,粗大ごみ,業者が取り外したものは業者に処分を依頼する
3289,ゆ,ゆりかご,,粗大ごみ,プラスチックのみで50cm未満のものはプラスチック資源へ。50cm未満でプラスチック以外の素材を含むものは燃やすごみへ
3290,ゆ,湯たんぽ(金属製),,粗大ごみ,30cm未満のものは小さな金属類へ
3291,ゆ,U字ロック,,小さな金属類,30cm以上のものは粗大ごみへ
3292,ゆ,郵便受け(金属製),,粗大ごみ,30cm未満のものは小さな金属類へ
3293,ゆ,郵便受け(木製・プラスチック製),,燃やすごみ,50cm以上のものは粗大ごみへ。50cm未満でプラスチックのみのものはプラスチック資源へ
3294,ゆ,弓,,粗大ごみ,木製・プラスチック製で50cm未満のものは燃やすごみへ。金属製で30cm未満のものは小さな金属類へ 
3295,ゆ,湯たんぽ(プラスチック製・ゴム製・ジェルタイプ),,燃やすごみ,プラスチックのみでできたものはプラスチック資源へ
3296,ゆ,指サック,,燃やすごみ,
3297,ゆ,ユニフォーム,,古布,洗濯して乾かしてから
3300,ゆ,UVライト,,燃やすごみ,電球は燃えないごみへ
3301,ゆ,油温計,,小さな金属類,
3302,ゆ,ユポ,,燃やすごみ,
3303,ゆ,湯飲み(木製),,燃やすごみ,
3304,ゆ,U字溝,,粗大ごみ,
3305,ゆ,湯かき棒,,粗大ごみ,
3306,ゆ,誘導棒,,燃やすごみ,電池・充電池は電池類へ。充電池を取り外せないものは、他の燃やすごみとは別の袋で出す。
3307,ゆ,有刺鉄線,,小さな金属類,
3308,ゆ,床材,,粗大ごみ,50cm未満のものは燃やすごみへ
3309,ゆ,指輪のケース,,燃やすごみ,プラスチックのみでできたものはプラスチック資源へ
3310,ゆ,融雪剤,,燃やすごみ,
3311,ゆ,指貫,,燃やすごみ,プラスチックのみでできたものはプラスチック資源へ
3312,よ,ヨーグルトの包装フィルム,,プラスチック資源,
3313,よ,ヨーグルトの台紙,,古紙(雑誌・その他の紙）,
3314,よ,ヨーグルトのフタ(銀紙),,燃やすごみ,
3315,よ,ヨーグルトのフタ(プラスチック製),,プラスチック資源,
3316,よ,ヨーグルトの容器(紙製),,燃やすごみ,
3317,よ,ヨーグルトの容器(プラスチック製),,プラスチック資源,ボトルタイプのもので、ペットボトルマークがついているものは、缶・びん・ペットボトルへ
3318,よ,ヨーグルトの容器(びん),,缶・びん・ペットボトル,
3319,よ,養生テープ,,燃やすごみ,
3320,よ,浴室テレビ(建物に組み込まれたもの),,燃やすごみ,50cm以上のものは粗大ごみへ
3321,よ,洋服かけ,,粗大ごみ,
3322,よ,ヨガマット,,燃やすごみ,畳んで50cm以上のものは粗大ごみへ
3323,よ,預金通帳,,古紙(雑誌・その他の紙）,
3324,よ,鎧,,粗大ごみ,
3325,よ,養生シート,,燃やすごみ,事業で排出するものは、事業系ごみ
3326,よ,ヨーヨー(プラスチック製),,プラスチック資源,プラスチックのみでできたものはプラスチック資源へ。金属製のパーツは小さな金属類へ
3327,よ,浴室用スリッパ・ブーツ,,プラスチック資源,
3328,よ,よだれかけ,,古布,洗濯して乾かしてから。汚れているものは燃やすごみへ
3329,よ,溶接機,,粗大ごみ,
3330,よ,ヨガポール,,粗大ごみ,
3331,よ,ヨーグルトメーカー,,燃やすごみ,50cm以上のものは粗大ごみへ
3332,よ,寄木細工,,燃やすごみ,50cm以上のものは粗大ごみへ
3333,よ,ヨット,,登録販売店に相談,登録販売店は、FRP船リサイクルセンターのホームページで確認できます。
3334,よ,汚れた紙(使用済みティッシュペーパー、ピザの箱など),,燃やすごみ,
3335,よ,ヨガブロック,,燃やすごみ,プラスチックのみでできたものはプラスチック資源へ
3336,ら,ライター(使い捨てガスライター),,燃やすごみ,"中身を使い切って。故障等で中身が出せないものは<a href=""https://www.city.yokohama.lg.jp/kurashi/sumai-kurashi/gomi-recycle/shokai/jimusho/jimusho.html"">収集事務所</a>に相談"
3337,ら,ラジカセ,,燃やすごみ,50cm以上のものは粗大ごみへ 金属製のものは小さな金属類、30㎝以上のものは粗大ごみへ
3338,ら,ラップ(商品を包んでいるもの),,プラスチック資源,
3339,ら,ラップ(家庭で使用するもの),,プラスチック資源,
3340,ら,ラップの箱のカッター(金属製),,小さな金属類,紙製のものは古紙へ
3341,ら,ラップの箱(カッターは取り除く),,古紙(雑誌・その他の紙）,折りたたんで
3342,ら,ラップの芯,,古紙(雑誌・その他の紙）,つぶして
3343,ら,ランドセル,,燃やすごみ,
3344,ら,ラジコン,,燃やすごみ,50cm以上のものは粗大ごみへ
3345,ら,ラッカー,,スプレー缶,中身を使い切って 穴はあけない。キャップはプラスチック資源へ。中身が出せなくなったものについては収集事務所に相談
3346,ら,ラック,,粗大ごみ,金属製で30㎝未満のものは小さな金属類へ。木製で50㎝未満のものは燃やすごみへ。プラスチックのみでできたもので50cm未満のものはプラスチック資源へ
3347,ら,ラバーカップ(すっぽん),,燃やすごみ,50cm以上のものは粗大ごみへ
3348,ら,ラベルカートリッジ,,燃やすごみ,販売店等による回収を優先的にご利用ください。プラスチックのみでできたものはプラスチック資源へ
3349,ら,ラベルライター,◎,燃やすごみ,
3350,ら,ランタン(金属製),,小さな金属類,プラスチック製のものは燃やすごみへ。ガスボンベ部分はスプレー缶へ。ガラス製のグローブ(ホヤ)部分は燃えないごみへ
3351,ら,ランタン(ガソリン式),,小さな金属類,プラスチック製のものは燃やすごみへ。ガラス製のグローブ(ホヤ)部分は燃えないゴミへ
3352,ら,ランニングシューズ,,燃やすごみ,
3353,ら,ラケットバッグ,,燃やすごみ,畳んで50cm以上のものは粗大ごみへ
3354,ら,ラケットカバー,,燃やすごみ,
3355,ら,ライダージャケット(革製),,燃やすごみ,布製(綿入りでないもの)は古布へ
3356,ら,ラバーマット,,燃やすごみ,畳んで50cm以上のものは粗大ごみへ
3357,ら,ラミネート,,プラスチック資源,使用済のものは燃やすごみへ
3358,ら,ラミネーター,,燃やすごみ,50cm以上のものは粗大ごみへ
3359,ら,ラベルはがしスプレー,,スプレー缶,中身を使い切って 穴はあけない。キャップはプラスチック資源へ。中身が出せなくなったものについては収集事務所に相談
3360,ら,ラムネの容器,,缶・びん・ペットボトル,ペットボトルマークを確認。プラマークのものはプラスチック資源へ。(ペットボトルやプラスチック製のものは、ビー玉を抜いてからお出しください)
3361,ら,ランチョンマット,,燃やすごみ,プラスチックのみでできたものはプラスチック資源へ
3362,ら,ライトボックス,,燃やすごみ,50cm以上のものは粗大ごみへ
3363,ら,ライン引き,,粗大ごみ,
3364,ら,ラジエーター,,粗大ごみ,
3366,ら,ランドセルカバー,,燃やすごみ,
3367,ら,ラップカッター,,燃やすごみ,
3368,ら,ラップホルダー,,燃やすごみ,プラスチックのみでできたものはプラスチック資源へ。金属製のものは小さな金属類へ
3369,ら,ライブロック(アクアリウム用),,燃やすごみ,
3370,ら,ランジェリーケース(携行用),,燃やすごみ,プラスチックのみでできたものはプラスチック資源へ
3371,り,リモコン,◎,燃やすごみ,電池・充電池は電池類へ。充電池を取り外せないものは、他の燃やすごみとは別の袋で出す。
3372,り,リール,,小さな金属類,プラスチック製で分解してプラスチックのみになればプラスチック資源
3373,り,リュックサック,,燃やすごみ,
3374,り,リーフレット,,古紙(雑誌・その他の紙）,
3375,り,リクライニングチェアー,,粗大ごみ,
3376,り,旅行用変圧器,◎,燃やすごみ,
3377,り,リボン(布テープ),,燃やすごみ,
3378,り,リヤカー,,粗大ごみ,
3379,り,リストバンド(布製),,古布,洗濯して乾かしてから
3380,り,リード(楽器),,燃やすごみ,
3381,り,リード(ペット用),,燃やすごみ,
3382,り,リース(装飾輪),,燃やすごみ,
3383,り,リビングボード,,粗大ごみ,
3384,り,リサイクルカイロ,,燃やすごみ,
3385,り,リアキャリアボックス,,燃やすごみ,50cm以上のものは粗大ごみへ
3386,り,料理酒のペットボトル(ペットボトルマークがあるもの),,缶・びん・ペットボトル,
3387,り,料理酒のペットボトル(ペットボトルマークがないもの),,プラスチック資源,
3388,り,リコーダーケース,,燃やすごみ,プラスチックのみでできたものはプラスチック資源へ
3389,り,リハビリパンツ,,燃やすごみ,
3390,り,リニアハンガー(金属製),,小さな金属類,30cm以上は粗大ごみへ
3391,り,リニアハンガー(プラスチック製),,燃やすごみ,50cm以上のものは粗大ごみへ。50cm未満でプラスチックのみのものはプラスチック資源へ
3392,り,リーシュ,,燃やすごみ,
3393,る,ルーフキャリア,,粗大ごみ,
3394,る,ルアー,,燃やすごみ,金属製のものは小さな金属類へ
3395,る,ルーズリーフ,,古紙(雑誌・その他の紙）,
3396,る,ルーフボックス,,粗大ごみ,
3397,る,ルームミラー(車用),,燃えないごみ,プラスチックカバー部分が多い場合は燃やすごみへ
3398,る,ルアーケース,,プラスチック資源,50cm以上のものは粗大ごみへ。50cm未満で金属などのプラスチック以外の素材を含むものは燃やすごみへ
3399,れ,冷蔵庫,,家電リサイクル,出し方の詳細はリンクを参照ください 
3400,れ,冷凍庫,,家電リサイクル,出し方の詳細はリンクを参照ください 
3401,れ,レインコート・レインウェア,,古布,ゴム・ビニール製のものは燃やすごみへ
3402,れ,レース,,古布,洗濯して乾かしてから
3403,れ,レコード,,プラスチック資源,紙製のジャケットは古紙(雑誌・その他の紙)へ
3404,れ,レシート,,古紙(雑誌・その他の紙）,
3406,れ,レジャーシート,,燃やすごみ,リサイクル施設の故障原因になるため燃やすごみへ
3407,れ,レジャーシートの外包装(ビニール製),,プラスチック資源,
3408,れ,レトルトパック,,プラスチック資源,
3409,れ,レトルトパックなどの外箱(紙製),,古紙(雑誌・その他の紙）,油汚れのついていないものが対象。折りたたんで出す
3410,れ,レーザーディスクプレーヤー,,粗大ごみ,プラスチックのみで50cm未満のものはプラスチック資源へ。金属製で30cm未満のものは小さな金属類へ。
3411,れ,レンガ,,燃えないごみ,「廃棄します」「ごみです」等、明示する
3412,れ,レンジフード,,粗大ごみ,
3413,れ,レンジフードフィルター,,燃やすごみ,50cm以上のものは粗大ごみへ 金属製で30㎝未満のものは小さな金属類へ、30㎝以上のものは粗大ごみへ
3414,れ,レーザー脱毛器,◎,燃やすごみ,電池・充電池は電池類へ。充電池を取り外せないものは、他の燃やすごみとは別の袋で出す。
3415,れ,レギュレーター(ダイビング用),,燃やすごみ,金属製のものは小さな金属類へ
3416,れ,レコードプレーヤー(金属製),,粗大ごみ,
3417,れ,レコードプレーヤー(金属製以外),,燃やすごみ,50cm以上のものは粗大ごみへ
3418,れ,レターケース(金属製),,粗大ごみ,30cm未満のものは小さな金属類へ
3419,れ,レターケース(木製・プラスチック製),,燃やすごみ,50cm以上のものは粗大ごみへ。50cm未満でプラスチックのみのものはプラスチック資源へ
3420,れ,レンジ台,,粗大ごみ,
3421,れ,レタートレイ(金属製),,小さな金属類,30cm以上のものは粗大ごみへ
3422,れ,レタートレイ(プラスチック製),,プラスチック資源,
3423,れ,冷却ジェルシート,,燃やすごみ,
3424,れ,レコード針,,小さな金属類,プラスチック製カートリッジと一体化している場合は燃やすごみへ
3425,れ,レンゲ(陶器製),,燃えないごみ,プラスチックのみでできたものはプラスチック資源へ
3426,れ,レジン(樹脂),,プラスチック資源,
3427,れ,レーザポインタ,◎,燃やすごみ,"電池・充電池は電池類へ。充電池を取り外せないものは、他の燃やすごみとは別の袋で出す。
金属製のものは小さな金属類へ。"
3428,れ,レインカバー,,燃やすごみ,
3429,れ,レジスター,,燃やすごみ,"50cm以上のものは粗大ごみへ、事業で排出するものは、事業系ごみ"
3430,れ,レオタード,,古布,
3431,れ,レーダー(探知機),,燃やすごみ,
3432,れ,レターオープナー(プラスチック製),,プラスチック資源,
3433,れ,レターオープナー(金属製),,小さな金属類,
3434,れ,レンズ(ガラス製),,燃えないごみ,プラスチックのみでできたものはプラスチック資源へ
3435,れ,レッグウォーマー,,古布,
3436,れ,連結ハンガー(金属製),,小さな金属類,30cm以上のものは粗大ごみへ
3437,れ,連結ハンガー(プラスチック製),,プラスチック資源,50cm以上のものは粗大ごみへ。50cm未満で金属などのプラスチック以外の素材を含むものは燃やすごみへ
3438,れ,レコードジャケット,,古紙(雑誌・その他の紙）,
3439,れ,レンジロースター(陶器製),,燃えないごみ,
3440,れ,レトルトご飯の容器,,プラスチック資源,
3441,れ,レタースケール(金属製),,小さな金属類,
3442,れ,レタースケール(プラスチック製),,プラスチック資源,
3443,れ,レンジ容器(プラスチック製),,プラスチック資源,
3444,れ,レンジ容器(陶器製),,燃えないごみ,プラスチック製のふたや口の部分は、プラスチック資源へ
3445,れ,レーザーポインター(プラスチック製),◎,燃やすごみ,"電池・充電池は電池類へ。充電池を取り外せないものは、他の燃やすごみとは別の袋で出す。
金属製のものは小さな金属類へ。"
3446,れ,レーザーポインター(金属製),◎,小さな金属類,"電池・充電池は電池類へ。充電池を取り外せないものは、他の燃やすごみとは別の袋で出す。
金属製のものは小さな金属類へ。"
3447,ろ,ろうそく,,燃やすごみ,
3448,ろ,ロープ,,燃やすごみ,
3449,ろ,廊下敷き,,燃やすごみ,畳んで50cm以上のものは粗大ごみ
3450,ろ,ロースター,,粗大ごみ,30cm未満のものは小さな金属類へ
3451,ろ,録画機器,,粗大ごみ,プラスチック製で50㎝未満のものは燃やすごみへ。金属製で30㎝未満のものは小さな金属類へ 
3452,ろ,ロッカー,,粗大ごみ,
3453,ろ,蝋燭立て(金属製),,小さな金属類,30cm以上のものは粗大ごみへ
3454,ろ,ロールカーテン,,粗大ごみ,
3455,ろ,濾過器(アクアリウム用),,燃やすごみ,プラスチックのみでできたものはプラスチック資源へ
3456,ろ,ローションの容器,,プラスチック資源,ガラス製のものは燃えないごみへ
3457,ろ,ロボット掃除機(家庭用),,燃やすごみ,電池・充電池は電池類へ。充電池を取り外せないものは、他の燃やすごみとは別の袋で出す。収集車の火災の原因となるため、充電池付の掃除機は燃やすごみに入れないでください。
3458,ろ,ロックウール,,燃えないごみ,
3459,ろ,ロールシート,,燃やすごみ,
3460,ろ,ろくろ,,粗大ごみ,プラスチック製で50cm未満のものはプラスチック資源へ、金属製で30cm未満のものは小さな金属類へ
3461,ろ,ロール紙の芯,,古紙(雑誌・その他の紙）,事業で排出するものは、事業系ごみ
3462,ろ,蝋燭立て(石・ガラス・陶器製),,燃えないごみ,50cm以上のものは粗大ごみへ
3463,ろ,露出計,,燃やすごみ,"電池は抜く。
<br>
リチウムイオン電池類の出し方が令和7年12月1日から変わります。電池・充電池は電池類へ。"
3464,ろ,ローラー台(自転車用),,粗大ごみ,
3465,ろ,漏斗(プラスチック製),,プラスチック資源,
3466,ろ,漏斗(ガラス・陶器製),,燃えないごみ,
3467,ろ,漏斗(金属製),,小さな金属類,
3468,わ,ワープロ,,燃やすごみ,50cm以上のものは粗大ごみへ
3470,わ,Yシャツ,,古布,洗濯して乾かしてから
3471,わ,Yシャツの外包装、プラスチック製のクリップ、えりのキーパー,,プラスチック資源,
3472,わ,Yシャツの中台紙,,古紙(雑誌・その他の紙）,
3473,わ,輪ゴム,,燃やすごみ,
3474,わ,わさびの外箱(紙製),,古紙(雑誌・その他の紙）,折りたたんで
3475,わ,わさびのチューブ容器,,プラスチック資源,中身を使い切って。
3476,わ,和服,,古布,汚れ等を落としてから
3477,わ,割り箸,,燃やすごみ,袋は古紙(雑誌・その他の紙)へ
3478,わ,割り箸の袋(紙製),,古紙(雑誌・その他の紙）,油汚れのついたものは、燃やすごみへ
3479,わ,割り箸の袋(プラスチック製),,プラスチック資源,
3480,わ,ワイヤー,,小さな金属類,
3481,わ,綿(羽根)入りの衣類,,燃やすごみ,
3482,わ,ワッペン,,燃やすごみ,
3483,わ,われもの,,燃えないごみ,
3484,わ,ワイパー,,粗大ごみ,30cm未満のものは小さな金属類へ ゴム部分は燃やすごみへ
3485,わ,ワイヤーかご,,小さな金属類,30cm以上のものは粗大ごみへ
3486,わ,ワインクーラー(ワインセラー),,家電リサイクル,
3487,わ,ワインボトル,,缶・びん・ペットボトル,
3488,わ,脇机,,粗大ごみ,
3489,わ,和紙,,古紙(雑誌・その他の紙）,
3490,わ,ワイヤーロック,,小さな金属類,
3491,わ,わら半紙,,古紙(雑誌・その他の紙）,
3492,わ,ワインオープナー,,小さな金属類,プラスチック・木製のものは燃やすごみへ
3493,わ,ワークステーション(サーバー),,粗大ごみ,パソコンは「パソコンリサイクル」へ
3494,わ,ワイヤーパネル,,粗大ごみ,30cm未満のものは小さな金属類へ
3495,わ,和太鼓,,粗大ごみ,50cm未満のものは燃やすごみへ
3496,わ,ワイヤーブラシ,,燃やすごみ,持ち手が金属製のもので30cm以上のものは粗大ごみ 30cm未満の場合は小さな金属類。プラスチックのみで50cm未満のものはプラスチック資源へ
3497,わ,和傘,,燃やすごみ,
3498,わ,ワイヤープランター,,粗大ごみ,
3499,わ,ワックスペーパー,,燃やすごみ,未使用のものは古紙(雑誌・その他の紙へ)
3500,わ,わらじ,,燃やすごみ,
3501,わ,和裁台,,粗大ごみ,
3502,わ,ワイパーゴム,,燃やすごみ,
3503,わ,ワインディングマシン(木製・プラスチック製),,燃やすごみ,50cm以上のものは粗大ごみへ
3504,わ,ワインディングマシン(金属製),,小さな金属類,30cm以上のものは粗大ごみへ
3505,わ,ワイヤー製品,,小さな金属類,30cm以上のものは粗大ごみへ
3506,わ,草鞋,,燃やすごみ,
3507,わ,わたあめ機(プラスチック製),◎,燃やすごみ,50㎝以上のものは粗大ごみへ
3508,わ,わたあめ機(金属製),◎,小さな金属類,30㎝以上のものは粗大ごみへ
3509,わ,ワインカバー,,燃やすごみ,
3510,あ,汗取りパッド,,燃やすごみ,
3511,う,ウエイトベスト,,燃やすごみ,取り外しのできる重り(金属製)は小さな金属類へ
3512,う,ウォーターバッグ,,燃やすごみ,プラスチックのみでできたものはプラスチック資源へ
3514,か,紙パイプ,,古紙(雑誌・その他の紙）,
3515,こ,口腔洗浄器,,燃やすごみ,充電池を取り外せないものは、他の燃やすごみとは別の袋で出す。
3516,た,タオルキャップ,,古布,
3517,て,デンタルフロスの容器,,プラスチック資源,
3518,と,トイレットペーパーホルダー(布製),,燃やすごみ,
3519,に,入浴剤のボトル(プラスチック製),,プラスチック資源,
3520,ふ,フラワータグ,,燃やすごみ,プラスチックのみでできたものはプラスチック資源へ。金属製のものは小さな金属類へ
3521,ふ,筆置き,,燃えないごみ,プラスチックのみでできたものはプラスチック資源へ。木製のものは燃やすごみへ。金属製のものは小さな金属類へ
3522,ま,マークシート,,古紙(雑誌・その他の紙）,
3523,み,ミンチメーカー,,粗大ごみ,プラスチックのみで50cm未満のものはプラスチック資源へ。金属製で30cm未満のものは小さな金属類へ。
3524,ら,ライターケース,,燃やすごみ,プラスチックのみでできたものはプラスチック資源へ。陶器製は燃えないごみ、金属製は小さな金属類へ
3525,え,エアロパーツ,,粗大ごみ,事業で取り外したものは事業系ごみとして出す。50センチ未満のものは燃やすごみへ
3526,ろ,ロックピン,,小さな金属類,
3527,へ,弁当容器(木製・紙製),,燃やすごみ,紙製の汚れていないものは古紙(雑誌・その他の紙)へ。中身のプラスチック製の容器はプラスチック資源へ
3528,お,おしぼりケース,,プラスチック資源,
3529,か,カラーフィルター,,燃やすごみ,
3530,し,自転車用変速機,,燃やすごみ,金属製のものは小さな金属類へ
3531,し,しゃもじ置き,,プラスチック資源,木製のものは燃やすごみへ。陶器製は燃えないごみ、金属製は小さな金属類へ
3532,せ,センサーマット,,燃やすごみ,畳んで50センチ以上のものは粗大ごみへ
3533,そ,そば打ち機,,燃やすごみ,
3534,ひ,ビリヤードボール,,燃やすごみ,プラスチックのみでできたものはプラスチック資源へ。
3535,と,トレーニングボール,,燃やすごみ,中身が砂のものは燃えないごみへ
3536,し,指揮棒,,燃やすごみ,50cm以上のものは粗大ごみへ。50cm未満でプラスチックのみのものはプラスチック資源へ
3537,は,針山,,燃やすごみ,
3538,は,鼻腔洗浄機,◎,燃やすごみ,電池・充電池は電池類へ。充電池を取り外せないものは、他の燃やすごみとは別の袋で出す。
3539,な,苗カバー,,燃やすごみ,プラスチックのみでできたものはプラスチック資源へ。土などは落として
3540,け,ケーキフィルム,,プラスチック資源,
3541,あ,アルコール検知器,◎,燃やすごみ,事業系で使用していたものは、事業系ごみで出す
3542,あ,空き缶圧縮器,,燃やすごみ,金属製で30㎝未満のものは小さな金属類、30㎝以上のものは粗大ごみへ
3543,あ,安全チョッキ,,燃やすごみ,
3544,い,イヤーピース,,燃やすごみ,
3545,お,オイルジョッキー,,プラスチック資源,"金属製のものは小さな金属類へ
プラスチックのみでできたものはプラスチック資源へ"
3546,か,カーワックス容器,,小さな金属類,プラスチックのみでできたものはプラスチック資源へ
3547,き,キューケース,,粗大ごみ,折りたたんで50㎝未満の場合は燃やすごみ。金属製で30㎝未満の場合は小さな金属類。
3548,く,クッションケース,,燃やすごみ,
3549,て,手形スタンプ,,燃やすごみ,
3550,ふ,筆巻,,燃やすごみ,
3551,へ,ペット用バスタブ,,粗大ごみ,プラスチックのみでできたもので50cm未満のものはプラスチック資源へ
3552,る,ルレット,,燃やすごみ,金属の割合が多いものは、小さな金属類へ
3553,あ,アイスクリームディッシャー,,小さな金属類,プラスチックのみでできたものはプラスチック資源へ
3554,う,ウロコ取り,,小さな金属類,プラスチックのみでできたものはプラスチック資源へ
3555,け,牽引フック,,小さな金属類,30㎝以上のものは粗大ごみ
3556,し,シェーバースタンド,,燃やすごみ,プラスチックのみでできたものはプラスチック資源へ。金属製のものは小さな金属類へ。 陶器製は燃えないごみへ
3557,す,水筒カバー,,燃やすごみ,
3558,ほ,芳香剤容器(缶),,小さな金属類,
3559,ほ,ポールストッパー,,燃やすごみ,プラスチックのみでできたものはプラスチック資源へ。金属製のものは小さな金属類へ
3560,ほ,放電器,◎,燃やすごみ,
3561,あ,アートパネル,,粗大ごみ,"木製で50cm未満のものは燃やすごみへ。
プラスチックのみでできたもので50cm未満のものはプラスチック資源へ。
金属製で30cm未満のものは小さな金属類へ"
3562,か,カードスタンド,,燃やすごみ,金属製のものは小さな金属類へ、プラスチックのみでできたものはプラスチック資源へ
3563,け,現像液,,販売店へ相談,
3564,し,人体模型,,燃やすごみ,50㎝以上のものは粗大ごみへ
3565,そ,ソーダサイフォン,,小さな金属類,30㎝以上のものは粗大ごみ
3566,と,豆乳メーカー,,燃やすごみ,
3567,ね,猫じゃらし,,燃やすごみ,
3568,は,ハットボックス,,古紙(雑誌・その他の紙）,プラスチックのみでできたものはプラスチック資源へ。金属製のものは小さな金属類へ
3569,は,蜂の巣,,燃やすごみ,50㎝未満にする。生きた蜂は捨てないでください。
3570,ふ,不燃テープ,,燃やすごみ,
3571,す,ステンレスミラー,,小さな金属類,30㎝以上は粗大ごみへ
3572,そ,掃除機スタンド,,粗大ごみ,金属製で30㎝未満は小さな金属類へ、プラスチックのみで50cm未満のものはプラスチック資源へ。(電池・充電池は電池類へ。充電池を取り外せないものは、他の燃やすごみとは別の袋で出す)。
3573,ほ,防水フィルム,,燃やすごみ,プラスチックのみでできたものはプラスチック資源へ
3574,し,ジェリーボール,,燃やすごみ,
3575,ふ,プリンターカバー,,燃やすごみ,
3576,め,メモボード,◎,燃やすごみ,電気・電池で動くものは小型家電リサイクル対象
3577,し,シフトノブ,,燃やすごみ,"金属製のものは小さな金属類へ
陶器製のものは燃えないごみへ"
3578,ば,バッティングティー,,粗大ごみ,"折りたたんで、50㎝未満のものは燃やすごみへ
金属製で30㎝未満のものは小さな金属類へ"
3579,ほ,ホームベーカリーの内釜・内蓋,,小さな金属類,30㎝以上は粗大ごみへ
3580,ち,聴診器,◎,燃やすごみ,
3581,の,納品書,,古紙(雑誌・その他の紙）,
3582,し,シリコンナイフ,,燃やすごみ,
3583,さ,さすまた,,粗大ごみ,
3584,ふ,ブーツハンガー,,燃やすごみ,金属製で30㎝未満のものは小さな金属類。30㎝以上のものは粗大ごみへ。プラスチックのみでできたものはプラスチック資源へ
3585,ろ,ローラースタンド,,粗大ごみ,
3586,ほ,ボトルスポンジ,,プラスチック資源,プラスチックのみでできたのものはプラスチック資源へ。その他は燃やすごみへ
3587,と,ドリルビット,,小さな金属類,
3588,ま,巻物,,燃やすごみ,
3589,う,うさぎ小屋,,粗大ごみ,金属製で30㎝未満のものは小さな金属類へ。木製で50㎝未満のものは燃やすごみへ。プラスチックのみでできたもので50cm未満のものはプラスチック資源へ
3590,わ,腕章,,燃やすごみ,
3591,き,キャップ付き紙パック,,古紙（紙パック）,キャップは外してプラスチック資源へ
3592,か,紙製発泡体,,燃やすごみ,
3593,こ,工作に使ったペットボトル,,燃やすごみ,マジック・ボンド等の付着がなく、単に二つに切ったものや切り込みを入れたもので、ペットマークが確認できる部分は缶・びん・ペットボトルへ
3594,す,ストーンペーパー,,燃やすごみ,
3595,せ,石灰石ペーパー,,燃やすごみ,
3600,さ,災害廃棄物,,その他,"「生活ごみ」と「片付けごみ」に分けて排出。
地震などの大規模災害時における、収集開始時期や収集方法などの情報は、本市・区のホームページやSNSをはじめ、各地域防災拠点の掲示板等に掲示するなどしてお知らせします。<a href=""https://www.city.yokohama.lg.jp/city-info/yokohamashi/org/shigen/sonota/hoshin/saigai.files/0015_20190829.pdf"">詳しくは市HPを参照</a>。"
3601,ほ,ポータブル電源,,収集事務所,資源循環局事務所へお持ち込みください。
3602,も,もちつき機(金属製),,小さな金属類,30cm以上のものは粗大ごみへ。
3603,か,缶(飲料・食品用),,缶・びん・ペットボトル,飲料・食品用以外で30cm未満のものは小さな金属類へ。30cm以上は粗大ごみ
3604,て,電子タバコ(金属製),◎,小さな金属類,
3605,こ,抗原検査キット,,燃やすごみ,ごみ袋は空気を抜いて、しっかりしばって封をする
3606,は,ハーバリウム,,プラスチック資源,ガラス製のボトルは燃えないごみ。プラスチックのみでできたボトルはプラスチック資源。オイルは紙などに染み込ませるか固めて燃やすごみ。
3607,み,水電池,,燃やすごみ,
3608,ほ,ホイールカバー・ホイールキャップ,,燃やすごみ,50㎝超える場合は粗大ごみへ
